tiempo_s,entrada_v,entrada_pcm1808_v,riel_positivo_v,riel_negativo_v,entrada_no_inversora_v,salida_etapa_a_v,salida_etapa_b_v
0,0,0,8.98236421,0,4.49114584,4.49115716,4.49116797
5e-08,0.00047123889,1.35667589e-06,8.98236421,0,4.49161708,4.49146438,4.49116932
5.66570682e-08,0.000533980277,1.5652815e-06,8.98236421,0,4.49167982,4.49151128,4.49116953
6.99712047e-08,0.000659463047,2.04578677e-06,8.98236421,0,4.4918053,4.49161794,4.49117001
9.65994777e-08,0.000910428573,3.51763957e-06,8.98236421,0,4.49205627,4.49191415,4.49117149
1.49856024e-07,0.00141235954,1.0238615e-05,8.98236421,0,4.4925582,4.49285514,4.49117821
2.04245615e-07,0.00192496905,2.58708891e-05,8.98236421,0,4.49307081,4.49428236,4.49119384
3.03842419e-07,0.0028636456,9.63082251e-05,8.98236421,0,4.49400948,4.49796754,4.49126428
5.03036027e-07,0.00474099497,0.000497289852,8.98236421,0,4.49588682,4.5086265,4.49166526
7.16898701e-07,0.00675658823,0.00144548819,8.98236421,0,4.49790241,4.52370447,4.49261346
9.9873846e-07,0.00941282645,0.00371746433,8.98236421,0,4.50055862,4.54718684,4.49488544
1.29292418e-06,0.0121853892,0.00745908475,8.98236421,0,4.50333115,4.57437482,4.49862707
1.68523145e-06,0.0158826354,0.0147072464,8.98236421,0,4.50702834,4.61284109,4.50587527
2.12798078e-06,0.0200551488,0.0259287832,8.98236421,0,4.51120078,4.65774571,4.51709687
2.74124805e-06,0.0258343768,0.0464429691,8.98236421,0,4.51697986,4.72092956,4.53761123
3.50391523e-06,0.0330209554,0.0791706191,8.98236421,0,4.52416622,4.79999574,4.57033924
4.68836391e-06,0.0441803985,0.143249274,8.98236421,0,4.5353252,4.9229271,4.63441889
6.50611861e-06,0.0613016464,0.265741036,8.98236421,0,4.55244549,5.11147644,4.75691347
9.1637827e-06,0.0863189048,0.480599901,8.98236421,0,4.57746079,5.38682167,4.97177985
1.18967291e-05,0.112019644,0.729078515,8.98236421,0,4.60315882,5.66956395,5.22027099
1.54219725e-05,0.145121316,1.07079141,8.98236421,0,4.63625596,6.03360868,5.56200791
1.93952574e-05,0.182343885,1.46970767,8.98236421,0,4.67347202,6.4428767,5.96096241
2.43952574e-05,0.229020623,1.97911117,8.98236422,0,4.72013848,6.95599198,6.47043123
2.62781825e-05,0.246542275,2.17166106,8.98236422,0,4.73765566,7.14852203,6.66301073
2.74974099e-05,0.257869602,2.29555895,8.98236437,0,4.74897991,7.26595572,6.78692924
2.81052983e-05,0.263511625,2.35563678,8.98236485,0,4.75462035,7.30323876,6.84701779
2.8717217e-05,0.269187172,2.41257851,8.98236593,0,4.76029427,7.32626934,6.90397057
2.93496925e-05,0.2750492,2.46664999,8.98236761,0,4.76615458,7.34217089,6.95805373
3.00497253e-05,0.281532307,2.52062797,8.98236998,0,4.77263574,7.35470645,7.01204494
3.14497908e-05,0.294482055,2.61145365,8.98237577,0,4.78558145,7.37156204,7.10289784
3.28153667e-05,0.30709085,2.68083651,8.98238228,0,4.79818614,7.38251574,7.17230807
3.38686288e-05,0.316800558,2.72362564,8.98238762,0,4.80789257,7.38892075,7.21511876
3.48505739e-05,0.325840327,2.7565526,8.98239278,0,4.81692918,7.3938425,7.2480661
3.57163118e-05,0.333800018,2.78069863,8.98239747,0,4.82488602,7.39756723,7.27223029
3.66907501e-05,0.342747285,2.80312792,8.98240297,0,4.83382999,7.40123296,7.2946802
3.80000693e-05,0.35474913,2.82647724,8.98241082,0,4.84582727,7.4054865,7.31805744
3.99267941e-05,0.372366518,2.85007176,8.98242339,0,4.86343766,7.41071839,7.34169338
4.16699348e-05,0.388258319,2.86394243,8.9824355,0,4.87932284,7.41468948,7.35560178
4.33409337e-05,0.403448724,2.87298868,8.98244729,0,4.89450663,7.41799333,7.36468434
4.61276254e-05,0.428681705,2.8826616,8.98246654,0,4.91972803,7.42268918,7.37441802
5.01360163e-05,0.464744503,2.89034358,8.98249259,0,4.95577293,7.42817406,7.38218765
5.51360163e-05,0.509312831,2.8952271,8.9825224,0,5.00031692,7.43360265,7.38718075
6.01360163e-05,0.553378529,2.89800624,8.98254998,0,5.04435607,7.43798836,7.39006961
6.51360163e-05,0.596898109,2.89973834,8.98257594,0,5.08784692,7.44158688,7.39191152
7.01360163e-05,0.639828623,2.90105558,8.98260046,0,5.13074654,7.44461856,7.39333862
7.51360163e-05,0.682127703,2.90207265,8.98262351,0,5.1730126,7.44720423,7.3944656
8.01360163e-05,0.723753605,2.9028941,8.98264508,0,5.21460339,7.44942421,7.39539698
8.51360163e-05,0.76466525,2.90356121,8.9826651,0,5.25547786,7.45133676,7.39617406
9.01360163e-05,0.804822262,2.90410846,8.98268351,0,5.29559567,7.45298473,7.39683131
9.51360163e-05,0.844185012,2.90455572,8.98270023,0,5.33491724,7.45440039,7.39738859
0.000100136016,0.882714654,2.90491866,8.98271522,0,5.37340375,7.45560827,7.39786155
0.000105136016,0.920373163,2.90520825,8.9827284,0,5.41101723,7.45662733,7.39826118
0.000110136016,0.957123374,2.90543292,8.98273972,0,5.44772056,7.45747215,7.3985959
0.000115136016,0.99292902,2.90559902,8.98274914,0,5.48347751,7.45815397,7.39887206
0.000120136016,1.02775477,2.90571136,8.98275661,0,5.5182528,7.45868125,7.39909446
0.000125136016,1.06156624,2.90577356,8.98276212,0,5.5520121,7.45906017,7.39926673
0.000130136016,1.09433008,2.90578823,8.98276562,0,5.58472211,7.45929484,7.39939147
0.000135136016,1.12601394,2.90575727,8.98276711,0,5.61635054,7.45938855,7.39947058
0.000140136016,1.15658657,2.90568644,8.98276732,0,5.64686618,7.45939727,7.39950981
0.000145136016,1.18601779,2.9055902,8.9827673,0,5.67623891,7.45939493,7.39952363
0.000150136016,1.21427854,2.90548395,8.98276732,0,5.70443975,7.45939548,7.39952744
0.000155136016,1.24134096,2.90537513,8.98276731,0,5.73144086,7.45939534,7.39952867
0.000160136016,1.26717831,2.90526544,8.98276732,0,5.7572156,7.45939537,7.39952904
0.000165136016,1.29176512,2.90515551,8.98276732,0,5.78173853,7.45939535,7.39952915
0.000170136016,1.31507711,2.9050455,8.98276732,0,5.80498546,7.45939535,7.39952918
0.000175136016,1.33709128,2.90493548,8.98276732,0,5.82693343,7.45939534,7.39952919
0.000180136016,1.3577859,2.90482544,8.98276732,0,5.84756079,7.45939533,7.39952919
0.000185136016,1.37714055,2.90471542,8.98276732,0,5.86684718,7.45939533,7.3995292
0.000190136016,1.39513613,2.90460538,8.98276732,0,5.88477358,7.45939532,7.39952919
0.000195136016,1.41175487,2.90449537,8.98276732,0,5.90132228,7.45939532,7.39952919
0.000200136016,1.42698039,2.90438534,8.98276732,0,5.91647696,7.45939531,7.39952918
0.000205136016,1.44079765,2.90427533,8.98276732,0,5.93022266,7.45939531,7.39952919
0.000210136016,1.45319301,2.90416532,8.98276732,0,5.94254582,7.4593953,7.39952918
0.000215136016,1.46415425,2.90405532,8.98276732,0,5.95343427,7.45939529,7.39952919
0.000220136016,1.47367055,2.90394531,8.98276732,0,5.96287728,7.45939528,7.39952918
0.000225136016,1.48173251,2.90383532,8.98276732,0,5.97086551,7.45939528,7.39952918
0.000230136016,1.48833218,2.90372532,8.98276732,0,5.97739109,7.45939527,7.39952918
0.000235136016,1.49346304,2.90361534,8.98276732,0,5.98244758,7.45939527,7.39952918
0.000240136016,1.49712004,2.90350535,8.98276732,0,5.98602999,7.45939526,7.39952917
0.000245136016,1.49929956,2.90339537,8.98276732,0,5.98813478,7.45939525,7.39952918
0.000250136016,1.49999945,2.90328539,8.98276733,0,5.98875987,7.45939525,7.39952917
0.000255136016,1.49921903,2.90317542,8.98276733,0,5.98790465,7.45939524,7.39952917
0.000260136016,1.49695905,2.90306545,8.98276733,0,5.98556997,7.45939523,7.39952917
0.000265136016,1.49322176,2.90295549,8.98276733,0,5.98175813,7.45939523,7.39952917
0.000270136016,1.48801084,2.90284552,8.98276733,0,5.97647288,7.45939522,7.39952916
0.000275136016,1.48133143,2.90273557,8.98276733,0,5.96971945,7.45939522,7.39952917
0.000280136016,1.47319013,2.90262562,8.98276733,0,5.9615045,7.45939521,7.39952916
0.000285136016,1.46359497,2.90251567,8.98276733,0,5.95183613,7.4593952,7.39952916
0.000290136016,1.45255541,2.90240573,8.98276733,0,5.9407239,7.4593952,7.39952916
0.000295136016,1.44008236,2.90229579,8.98276733,0,5.92817876,7.45939519,7.39952916
0.000300136016,1.42618812,2.90218585,8.98276733,0,5.9142131,7.45939518,7.39952915
0.000305136016,1.4108864,2.90207593,8.98276733,0,5.8988407,7.45939518,7.39952916
0.000310136016,1.39419231,2.90196599,8.98276733,0,5.88207672,7.45939517,7.39952915
0.000315136016,1.37612232,2.90185608,8.98276733,0,5.86393773,7.45939517,7.39952915
0.000320136016,1.35669427,2.90174615,8.98276733,0,5.84444161,7.45939516,7.39952915
0.000325136016,1.33592732,2.90163624,8.98276733,0,5.8236076,7.45939515,7.39952915
0.000330136016,1.31384197,2.90152633,8.98276733,0,5.80145627,7.45939514,7.39952914
0.000335136016,1.29046002,2.90141643,8.98276733,0,5.77800948,7.45939514,7.39952915
0.000340136016,1.26580454,2.90130652,8.98276733,0,5.75329037,7.45939513,7.39952914
0.000345136016,1.23989986,2.90119663,8.98276733,0,5.72732333,7.45939513,7.39952914
0.000350136016,1.21277155,2.90108673,8.98276733,0,5.70013399,7.45939512,7.39952914
0.000355136016,1.18444639,2.90097685,8.98276734,0,5.67174918,7.45939512,7.39952914
0.000360136016,1.15495231,2.90086696,8.98276734,0,5.64219691,7.45939511,7.39952914
0.000365136016,1.12431844,2.90075706,8.98276733,0,5.61150636,7.45939481,7.39952911
0.000370136016,1.09257501,2.9006429,8.98276667,0,5.5797078,7.4593438,7.39952483
0.000375136016,1.05975333,2.90051113,8.98276425,0,5.54683262,7.45916633,7.39950293
0.000380136016,1.0258858,2.90034592,8.98275978,0,5.51291326,7.45884151,7.39944759
0.000385136016,0.991005851,2.90013858,8.98275334,0,5.4779832,7.45837066,7.39935011
0.000390136016,0.955147897,2.89988585,8.98274495,0,5.44207691,7.45774733,7.39920722
0.000395136016,0.918347327,2.89958509,8.98273463,0,5.40522982,7.45696418,7.3990163
0.000400136016,0.880640459,2.89923314,8.98272245,0,5.3674783,7.45601095,7.39877418
0.000405136016,0.842064505,2.89882598,8.98270844,0,5.32885961,7.45487434,7.39847683
0.000410136016,0.802657536,2.89835825,8.98269267,0,5.28941185,7.45353702,7.3981189
0.000415136016,0.76245844,2.89782299,8.98267521,0,5.24917396,7.45197659,7.39769341
0.000420136016,0.72150689,2.89721094,8.98265613,0,5.20818565,7.4501637,7.39719111
0.000425136016,0.679843299,2.89650976,8.98263551,0,5.16648737,7.44805952,7.39659967
0.000430136016,0.637508786,2.89570271,8.98261342,0,5.12412027,7.44561149,7.39590232
0.000435136016,0.594545128,2.89476651,8.98258997,0,5.08112616,7.44274666,7.39507578
0.000440136016,0.550994726,2.8936677,8.98256523,0,5.03754747,7.43936005,7.3940866
0.000445136016,0.506900558,2.89235618,8.9825393,0,4.9934272,7.43529342,7.39288466
0.000450136016,0.462306141,2.89075244,8.98251226,0,4.94880891,7.43029274,7.39139045
0.000455136016,0.417255484,2.88872008,8.98248417,0,4.90373662,7.42391337,7.38946756
0.000460136016,0.371793046,2.88599663,8.98245507,0,4.85825482,7.41527092,7.38685348
0.000465136016,0.325963693,2.88190686,8.98242488,0,4.81240839,7.40179874,7.38287295
0.000470136016,0.279812653,2.87395133,8.98239319,0,4.76624257,7.37333918,7.37502643
0.000471831972,0.26409362,2.86876054,8.98238211,0,4.75051905,7.34713044,7.36987253
0.000472633586,0.25665329,2.86478909,8.98237699,0,4.74307669,7.31569827,7.36591849
0.00047299676,0.253280261,2.86217983,8.98237485,0,4.73970276,7.28302285,7.36331711
0.000473332271,0.250162994,2.8587453,8.98237317,0,4.73658467,7.23257846,7.35988985
0.000473561156,0.24803576,2.85542316,8.98237215,0,4.73445689,7.19589309,7.35657266
0.000473748854,0.246290927,2.85180455,8.9823713,0,4.7327116,7.16850681,7.35295811
0.000473949435,0.244425951,2.84676573,8.9823703,0,4.73084615,7.14174425,7.34792362
0.000474161335,0.242455324,2.83981004,8.98236918,0,4.72887502,7.11558793,7.3409725
0.000474379214,0.240428634,2.83032866,8.98236799,0,4.72684782,7.09024391,7.3314958
0.000474605251,0.23832559,2.81790802,8.98236685,0,4.72474425,7.06505065,7.31907999
0.000474801912,0.236495461,2.80536374,8.98236602,0,4.72291367,7.04373229,7.3065399
0.000474918976,0.235405902,2.79768542,8.98236562,0,4.72182385,7.03122897,7.29886406
0.000475041059,0.234269482,2.7898224,8.98236529,0,4.72068715,7.01829533,7.29100362
0.00047517955,0.232980165,2.78110252,8.98236501,0,4.71939752,7.00372576,7.28228667
0.000475342316,0.231464627,2.7709708,8.98236477,0,4.71788161,6.98670724,7.27215838
0.000475497115,0.230023049,2.76129876,8.98236462,0,4.71643969,6.97060027,7.26248957
0.000475690626,0.228220652,2.74902959,8.98236449,0,4.71463686,6.95054049,7.25022445
0.000475912666,0.226152111,2.7346933,8.98236439,0,4.71256784,6.92759406,7.23589277
0.000476239916,0.223102636,2.71296744,8.98236432,0,4.70951765,6.89385706,7.21417366
0.000476610148,0.219651486,2.68753461,8.98236429,0,4.70606571,6.8557527,7.1887484
0.000477115781,0.214936278,2.65131618,8.98236427,0,4.70134944,6.80375439,7.1525402
0.000477663397,0.209827122,2.61032406,8.98236427,0,4.69623916,6.74744957,7.11155899
0.000478739693,0.199778282,2.52507915,8.98236427,0,4.6861882,6.63675026,7.02633502
0.000480049677,0.187535341,2.41442354,8.98236427,0,4.67394281,6.50191909,6.91570392
0.000482669644,0.163012173,2.177207,8.98236427,0,4.64941525,6.23192152,6.67853295
0.000486936203,0.122985177,1.76372996,8.98236427,0,4.60938247,5.79137271,6.2651196
0.000491137272,0.0834860808,1.3397213,8.98236427,0,4.56987935,5.35674248,5.84116032
0.000496137272,0.0364017804,0.826753174,8.98236427,0,4.52279242,4.838749,5.32823323
0.000501137272,-0.0107184443,0.310178863,8.98236427,0,4.47567193,4.32043908,4.81168045
0.000506137272,-0.0578280911,-0.207515463,8.98236427,0,4.42856437,3.80232599,4.29398807
0.000511137272,-0.104880669,-0.725242828,8.98236427,0,4.38151623,3.28491264,3.77624304
0.000516137272,-0.151829741,-1.24229364,8.98236427,0,4.33457395,2.76871303,3.25915497
0.000521137272,-0.198628977,-1.75812004,8.98236427,0,4.28778384,2.25423371,2.74327173
0.000526137272,-0.245232189,-2.27158175,8.98236427,0,4.24119209,1.74373818,2.2297337
0.000527566719,-0.258513072,-2.41031313,8.98236427,0,4.22791492,1.65875882,2.09097697
0.000528920012,-0.271067223,-2.52254178,8.98236427,0,4.21536445,1.62899955,1.97872304
0.000529921375,-0.280344043,-2.59099585,8.98236427,0,4.20609046,1.61574466,1.91024958
0.000531050967,-0.29079546,-2.65518078,8.98236427,0,4.19564235,1.60513277,1.84604219
0.000532448082,-0.303701775,-2.71856066,8.98236427,0,4.18274029,1.59555334,1.78263388
0.000533686494,-0.315122493,-2.76245046,8.98236427,0,4.1713235,1.5890569,1.73871836
0.000534548602,-0.323061686,-2.78722604,8.98236427,0,4.16338712,1.58527716,1.71392467
0.000535548308,-0.332256134,-2.8109577,8.98236427,0,4.15419602,1.58145956,1.6901718
0.000537067624,-0.346204302,-2.8382483,8.98236427,0,4.14025312,1.57652927,1.6628487
0.000538446101,-0.358832231,-2.85579175,8.98236427,0,4.12763015,1.57273318,1.64527551
0.000540252852,-0.375342563,-2.87165104,8.98236427,0,4.11112658,1.56847318,1.62937702
0.000541984006,-0.391116732,-2.88185954,8.98236426,0,4.09535917,1.56496535,1.61913079
0.000544178226,-0.411043601,-2.89043184,8.98236426,0,4.07544126,1.56112484,1.61051052
0.000547499721,-0.441057976,-2.89826021,8.98236426,0,4.04544127,1.55625835,1.60260932
0.000551766577,-0.479331318,-2.90373815,8.98236426,0,4.00718787,1.55118478,1.59703761
0.000555619423,-0.513595811,-2.90662974,8.98236426,0,3.97294278,1.54739428,1.59406122
0.000558865984,-0.542235585,-2.90820053,8.98236426,0,3.94432037,1.54465955,1.59241892
0.00056264461,-0.575284086,-2.90964041,8.98236426,0,3.91129325,1.54186793,1.59089577
0.000566789257,-0.611160278,-2.91084293,8.98236426,0,3.87544193,1.53920388,1.58960187
0.000570301101,-0.641235523,-2.9116648,8.98236426,0,3.84538892,1.53721776,1.58870255
0.000574176071,-0.674057683,-2.91242189,8.98236426,0,3.81259251,1.53526638,1.58785998
0.000579176071,-0.715816036,-2.91322477,8.98236426,0,3.77086925,1.53306569,1.58694676
0.000584176071,-0.756867964,-2.91387487,8.98236426,0,3.72985447,1.53117144,1.5861863
0.000589176071,-0.797172955,-2.91440464,8.98236426,0,3.68958867,1.52954026,1.58554614
0.000594176071,-0.836691233,-2.91483622,8.98236426,0,3.65011157,1.52813932,1.58500416
0.000599176071,-0.875383797,-2.91518476,8.98236426,0,3.61146213,1.52694416,1.5845452
0.000604176071,-0.913212463,-2.91546182,8.98236426,0,3.57367851,1.52593586,1.58415771
0.000609176071,-0.950139899,-2.91567559,8.98236426,0,3.53679797,1.5250999,1.58383351
0.000614176071,-0.986129661,-2.91583268,8.98236426,0,3.50085693,1.52442507,1.58356598
0.000619176071,-1.02114623,-2.91593771,8.98236426,0,3.46589086,1.52390298,1.58335049
0.000624176071,-1.05515506,-2.91599454,8.98236426,0,3.43193425,1.52352751,1.58318321
0.000629176071,-1.08812257,-2.91600556,8.98236425,0,3.39902062,1.52329466,1.58306173
0.000634176071,-1.12001624,-2.91597288,8.98236425,0,3.36718246,1.52320095,1.58298397
0.000639176071,-1.15080458,-2.9159016,8.98236425,0,3.33645118,1.52318944,1.58294479
0.000644176071,-1.18045722,-2.91580567,8.98236425,0,3.30685711,1.52318771,1.58293027
0.000649176071,-1.2089449,-2.9157,8.98236425,0,3.27842946,1.52318357,1.5829255
0.000654176071,-1.23623949,-2.9155919,8.98236425,0,3.25119628,1.52318019,1.58292315
0.000659176071,-1.26231406,-2.91548284,8.98236425,0,3.22518445,1.52317681,1.58292178
0.000664176071,-1.28714288,-2.91537358,8.98236425,0,3.20041965,1.52317362,1.58292061
0.000669176071,-1.31070144,-2.91526411,8.98236425,0,3.1769263,1.52317059,1.58291965
0.000674176071,-1.3329665,-2.91515466,8.98236425,0,3.15472759,1.52316772,1.58291867
0.000679176071,-1.35391608,-2.91504507,8.98236425,0,3.13384544,1.52316502,1.58291784
0.000684176071,-1.37352952,-2.91493552,8.98236425,0,3.11430045,1.52316249,1.58291697
0.000689176071,-1.39178744,-2.91482584,8.98236425,0,3.09611191,1.52316013,1.58291624
0.000694176071,-1.40867184,-2.91471619,8.98236425,0,3.07929777,1.52315794,1.58291548
0.000699176071,-1.42416605,-2.91460642,8.98236425,0,3.06387462,1.52315594,1.58291485
0.000704176071,-1.43825477,-2.91449667,8.98236425,0,3.04985768,1.5231541,1.5829142
0.000709176071,-1.45092412,-2.9143868,8.98236425,0,3.0372608,1.52315245,1.58291367
0.000714176071,-1.46216158,-2.91427695,8.98236425,0,3.02609639,1.52315098,1.58291313
0.000719176071,-1.47195606,-2.91416698,8.98236424,0,3.01637548,1.52314969,1.58291271
0.000724176071,-1.4802979,-2.91405703,8.98236424,0,3.00810766,1.52314858,1.58291228
0.000729176071,-1.48717886,-2.91394696,8.98236424,0,3.0013011,1.52314767,1.58291197
0.000734176071,-1.49259216,-2.91383691,8.98236424,0,2.9959625,1.52314693,1.58291165
0.000739176071,-1.49653244,-2.91372673,8.98236424,0,2.99209714,1.52314638,1.58291146
0.000744176071,-1.49899584,-2.91361657,8.98236424,0,2.98970883,1.52314602,1.58291125
0.000749176071,-1.4999799,-2.9135063,8.98236424,0,2.98879993,1.52314585,1.58291116
0.000754176071,-1.49948366,-2.91339603,8.98236424,0,2.98937133,1.52314586,1.58291107
0.000759176071,-1.49750762,-2.91328565,8.98236424,0,2.99142248,1.52314607,1.5829111
0.000764176071,-1.49405372,-2.91317528,8.98236424,0,2.99495134,1.52314646,1.58291112
0.000769176071,-1.48912536,-2.9130648,8.98236424,0,2.99995445,1.52314704,1.58291126
0.000774176071,-1.48272742,-2.91295432,8.98236424,0,3.00642685,1.5231478,1.58291139
0.000779176071,-1.47486621,-2.91284373,8.98236424,0,3.01436216,1.52314875,1.58291164
0.000784176071,-1.46554948,-2.91273315,8.98236424,0,3.02375255,1.52314988,1.58291189
0.000789176071,-1.45478643,-2.91262246,8.98236424,0,3.03458875,1.5231512,1.58291226
0.000794176071,-1.44258768,-2.91251177,8.98236424,0,3.04686008,1.5231527,1.58291262
0.000799176071,-1.42896527,-2.91240098,8.98236424,0,3.06055441,1.52315438,1.58291309
0.000804176071,-1.41393265,-2.91229019,8.98236423,0,3.07565824,1.52315624,1.58291356
0.000809176071,-1.39750464,-2.9121793,8.98236423,0,3.09215666,1.52315828,1.58291414
0.000814176071,-1.37969747,-2.91206841,8.98236423,0,3.11003338,1.5231605,1.58291472
0.000819176071,-1.3605287,-2.91195742,8.98236423,0,3.12927077,1.52316289,1.58291541
0.000824176071,-1.34001725,-2.91184643,8.98236423,0,3.14984985,1.52316544,1.5829161
0.000829176071,-1.31818337,-2.91173535,8.98236423,0,3.17175029,1.52316817,1.58291688
0.000834176071,-1.2950486,-2.91162427,8.98236423,0,3.19495049,1.52317107,1.58291768
0.000839176071,-1.27063578,-2.91151309,8.98236423,0,3.21942756,1.52317412,1.58291856
0.000844176071,-1.24496899,-2.91140192,8.98236423,0,3.24515733,1.52317734,1.58291946
0.000849176071,-1.21807356,-2.91129065,8.98236423,0,3.27211442,1.52318072,1.58292044
0.000854176071,-1.18997605,-2.91117939,8.98236423,0,3.30027222,1.52318424,1.58292143
0.000859176071,-1.16070417,-2.91106804,8.98236423,0,3.32960294,1.52318793,1.58292251
0.000864176071,-1.13028682,-2.91095669,8.98236423,0,3.36007765,1.52319175,1.5829236
0.000869176071,-1.09875401,-2.91084382,8.98236423,0,3.39166625,1.52321549,1.58292621
0.000874176071,-1.06613686,-2.91072109,8.98236423,0,3.42433759,1.52333643,1.58293868
0.000879176071,-1.03246757,-2.91057255,8.98236423,0,3.45805941,1.52360441,1.58297697
0.000884176071,-0.99777935,-2.91038593,8.98236423,0,3.49279845,1.52401482,1.58305334
0.000889176071,-0.962106446,-2.91015665,8.98236422,0,3.5285204,1.52457376,1.58317238
0.000894176071,-0.925484059,-2.90988224,8.98236422,0,3.56519003,1.52528748,1.58333656
0.000899176071,-0.887948331,-2.90955961,8.98236422,0,3.60277114,1.52616517,1.58354898
0.000904176071,-0.849536305,-2.9091852,8.98236422,0,3.64122665,1.52721882,1.58381319
0.000909176071,-0.81028589,-2.90875407,8.98236422,0,3.6805186,1.52846405,1.58413413
0.000914176071,-0.77023582,-2.90825995,8.98236422,0,3.72060822,1.5299211,1.58451807
0.000919176071,-0.72942562,-2.90769442,8.98236422,0,3.76145594,1.53161635,1.58497345
0.000924176071,-0.687895565,-2.90704645,8.98236422,0,3.80302146,1.53358451,1.5855113
0.000929176071,-0.645686641,-2.90630105,8.98236422,0,3.84526375,1.53587211,1.5861466
0.000934176071,-0.602840502,-2.90543778,8.98236422,0,3.88814113,1.53854299,1.5868998
0.000939176071,-0.559399431,-2.90442754,8.98236422,0,3.93161127,1.54168757,1.5878
0.000944176071,-0.515406302,-2.90322776,8.98236422,0,3.97563129,1.54543945,1.58888979
0.000949176071,-0.470904528,-2.90177241,8.98236422,0,4.02015774,1.55000717,1.5902352
0.000954176071,-0.425938029,-2.89995229,8.98236422,0,4.06514667,1.55574207,1.59194543
0.000959176071,-0.38055118,-2.8975677,8.98236422,0,4.11055369,1.56330382,1.59422022
0.000964176071,-0.334788773,-2.89419525,8.98236422,0,4.15633399,1.57415588,1.59748298
0.000969176071,-0.28869597,-2.88844976,8.98236422,0,4.20244239,1.59392125,1.60311895
0.000971470753,-0.26744417,-2.88392226,8.98236422,0,4.22370057,1.6122164,1.60759628
0.000972705364,-0.255986745,-2.88016531,8.98236422,0,4.23516122,1.63147412,1.61132627
0.000973291653,-0.250540436,-2.87768228,8.98236422,0,4.24060902,1.6484117,1.61379652
0.000973605509,-0.247623479,-2.87601311,8.98236422,0,4.24352676,1.66322453,1.61545884
0.000973889321,-0.244984922,-2.8741586,8.98236422,0,4.24616601,1.68456289,1.61730717
0.000974180237,-0.242279518,-2.87168324,8.98236422,0,4.24887213,1.72079706,1.6197762
0.000974509208,-0.23921923,-2.86764036,8.98236422,0,4.25193321,1.77394791,1.62381193
0.000974697065,-0.237471215,-2.86440579,8.98236422,0,4.25368167,1.80240882,1.62704242
0.000974886034,-0.235712521,-2.86018962,8.98236422,0,4.25544081,1.82854089,1.63125449
0.000975086369,-0.233847673,-2.85438029,8.98236422,0,4.25730613,1.85410534,1.63705948
0.000975319218,-0.231679711,-2.84544488,8.98236422,0,4.25947463,1.88184546,1.64598987
0.000975553494,-0.229497951,-2.83359602,8.98236422,0,4.26165693,1.90833847,1.65783369
0.000975802821,-0.22717549,-2.818091,8.98236422,0,4.26397996,1.93554814,1.67333337
0.000975907868,-0.226196816,-2.81114252,8.98236422,0,4.26495888,1.94680186,1.68027961
0.000976021792,-0.225135326,-2.80369336,8.98236422,0,4.26602062,1.95890913,1.68772634
0.000976161763,-0.223830991,-2.79476771,8.98236421,0,4.26732527,1.97367703,1.69664903
0.000976359218,-0.221990683,-2.7824128,8.98236421,0,4.26916602,1.99435982,1.70899977
0.000976506991,-0.220613195,-2.7731996,8.98236421,0,4.27054384,2.00975257,1.71820986
0.000976675346,-0.219043618,-2.76253242,8.98236421,0,4.27211378,2.02722766,1.72887351
0.000976860269,-0.217319294,-2.75063855,8.98236421,0,4.27383851,2.04636849,1.74076352
0.000977230116,-0.213869767,-2.72618295,8.98236421,0,4.27728884,2.08454887,1.76521145
0.00097762515,-0.210184038,-2.69909387,8.98236421,0,4.2809754,2.12524559,1.7922924
0.0009780831,-0.20590968,-2.66634342,8.98236421,0,4.28525071,2.17238332,1.82503354
0.000978557216,-0.201482639,-2.63108395,8.98236421,0,4.28967872,2.22117405,1.8602835
0.000979505447,-0.192623233,-2.55682419,8.98236421,0,4.29853999,2.31877656,1.93452463
0.00098080093,-0.180508438,-2.44869232,8.98236421,0,4.31065721,2.45220271,2.04263194
0.000983391896,-0.156243772,-2.21593766,8.98236421,0,4.33492623,2.71936299,2.27534082
0.000986723653,-0.12498156,-1.89591309,8.98236421,0,4.36619313,3.0634631,2.5953135
0.000991197616,-0.0829182269,-1.44770767,8.98236421,0,4.40826111,3.52633038,3.04346225
0.000995859962,-0.0390145421,-0.970487503,8.98236421,0,4.45216764,4.0093546,3.52063971
0.00100085996,0.00810490803,-0.454418058,8.98236421,0,4.49928786,4.52767116,4.03668217
0.00100585996,0.0552163596,0.0631313326,8.98236421,0,4.54639772,5.04582431,4.55422415
0.00101085996,0.102273319,0.580847168,8.98236421,0,4.59345074,5.5633015,5.07195218
0.00101585996,0.149229347,1.097943,8.98236421,0,4.64040048,6.07959599,5.58907981
0.00102085996,0.196038104,1.61385463,8.98236421,0,4.68720061,6.59419668,6.10504279
0.00102585996,0.242653395,2.12802504,8.98236422,0,4.73380493,7.1065865,6.61928408
0.00102778297,0.260520422,2.32280834,8.98236462,0,4.75166712,7.28803625,6.81409979
0.00102863613,0.26843529,2.40431681,8.98236577,0,4.75957973,7.32427334,6.89562355
0.00102950633,0.276500326,2.478544,8.98236814,0,4.7676424,7.34549767,6.96986683
0.00103044904,0.285228027,2.54820388,8.98237154,0,4.77636745,7.36049032,7.03954466
0.00103143017,0.294300691,2.60978099,8.98237574,0,4.78543728,7.37145696,7.10114094
0.00103297559,0.308568798,2.68763487,8.98238312,0,4.79970073,7.38363167,7.17902583
0.00103462047,0.323723052,2.74951478,8.98239158,0,4.81484978,7.39279305,7.24093961
0.0010354724,0.331558435,2.77438716,8.98239616,0,4.82268238,7.39659558,7.26582982
0.00103648963,0.34090165,2.79901244,8.98240185,0,4.83202217,7.400541,7.29047658
0.00103764216,0.35147074,2.82085964,8.98240865,0,4.84258727,7.40441224,7.31234831
0.00103870487,0.36119981,2.83644546,8.98241533,0,4.85231256,7.40754369,7.3279569
0.00104044896,0.377131789,2.85484695,8.982427,0,4.8682381,7.41199105,7.34639599
0.00104222023,0.393265684,2.86734359,8.98243941,0,4.88436518,7.41584061,7.35893102
0.00104405376,0.40991533,2.87605166,8.98245231,0,4.90100746,7.4192945,7.36767899
0.00104700218,0.436573943,2.88487064,8.98247243,0,4.9276536,7.42400728,7.3765623
0.00105200218,0.481434909,2.89268746,8.98250409,0,4.97249163,7.43036064,7.38448855
0.00105700218,0.525820758,2.89650274,8.98253298,0,5.01685231,7.4353429,7.38841347
0.00106200218,0.569687684,2.89880424,8.98255989,0,5.06069187,7.4394123,7.39082473
0.00106700218,0.612992398,2.90035778,8.9825853,0,5.10396704,7.44278208,7.3924881
0.00107200218,0.655692163,2.9015486,8.98260927,0,5.14663511,7.44563521,7.3937888
0.00107700218,0.697744838,2.90248499,8.98263177,0,5.18865398,7.44807572,7.39483512
0.00108200218,0.739108924,2.90324407,8.98265277,0,5.22998217,7.45017467,7.39570416
0.00108700218,0.779743598,2.90386317,8.98267219,0,5.27057891,7.45198367,7.39643325
0.00109200218,0.819608759,2.90437099,8.98268998,0,5.31040412,7.45354132,7.39705106
0.00109700218,0.858665066,2.90478498,8.98270606,0,5.34941851,7.45487654,7.39757508
0.00110200218,0.896873973,2.90511943,8.98272037,0,5.38758357,7.45601173,7.39801956
0.00110700218,0.934197775,2.90538369,8.98273286,0,5.42486165,7.45696393,7.39839387
0.00111200218,0.970599636,2.90558588,8.98274348,0,5.46121594,7.45774652,7.39870612
0.00111700218,1.00604363,2.9057312,8.98275217,0,5.49661057,7.45836952,7.3989615
0.00112200218,1.04049478,2.9058245,8.98275891,0,5.53101062,7.45884057,7.39916487
0.00112700218,1.0739191,2.90586849,8.98276367,0,5.56438214,7.45916497,7.39931893
0.00113200218,1.10628358,2.90586596,8.98276641,0,5.59669218,7.45934623,7.39942647
0.00113700218,1.13755629,2.90581894,8.98276729,0,5.62790887,7.4593979,7.39948952
0.00114200218,1.16770637,2.90573658,8.98276729,0,5.6580014,7.45939488,7.39951723
0.00114700218,1.19670407,2.90563486,8.98276731,0,5.68694006,7.4593955,7.39952557
0.00115200218,1.22452076,2.90552733,8.98276732,0,5.71469631,7.45939535,7.3995281
0.00115700218,1.25112901,2.905418,8.98276731,0,5.74124275,7.45939536,7.39952882
0.00116200218,1.27650253,2.90530826,8.98276732,0,5.76655318,7.45939537,7.39952914
0.00116700218,1.30061631,2.90519819,8.98276732,0,5.79060262,7.45939534,7.39952912
0.00117200218,1.32344653,2.90508827,8.98276732,0,5.81336735,7.45939536,7.39952924
0.00117700218,1.34497067,2.90497814,8.98276732,0,5.83482488,7.45939533,7.39952914
0.00118200218,1.36516749,2.9048682,8.98276732,0,5.85495406,7.45939535,7.39952924
0.00118700218,1.38401705,2.90475807,8.98276732,0,5.87373501,7.45939532,7.39952915
0.00119200218,1.40150075,2.90464814,8.98276732,0,5.8911492,7.45939534,7.39952924
0.00119700218,1.41760134,2.90453802,8.98276732,0,5.90717944,7.45939531,7.39952914
0.00120200218,1.43230293,2.90442809,8.98276732,0,5.92180991,7.45939532,7.39952923
0.00120700218,1.44559101,2.90431799,8.98276732,0,5.93502618,7.45939529,7.39952914
0.00121200218,1.45745247,2.90420806,8.98276732,0,5.9468152,7.45939531,7.39952923
0.00121700218,1.46787559,2.90409797,8.98276732,0,5.95716535,7.45939528,7.39952914
0.00122200218,1.4768501,2.90398805,8.98276732,0,5.96606639,7.4593953,7.39952922
0.00122700218,1.48436714,2.90387797,8.98276732,0,5.97350955,7.45939527,7.39952914
0.00123200218,1.49041929,2.90376805,8.98276732,0,5.97948749,7.45939528,7.39952922
0.00123700218,1.49500057,2.90365799,8.98276732,0,5.98399431,7.45939526,7.39952914
0.00124200218,1.49810647,2.90354808,8.98276732,0,5.98702555,7.45939527,7.39952921
0.00124700218,1.49973392,2.90343802,8.98276732,0,5.98857823,7.45939525,7.39952914
0.00125200218,1.49988131,2.90332811,8.98276733,0,5.98865082,7.45939526,7.39952921
0.00125700218,1.4985485,2.90321807,8.98276733,0,5.98724323,7.45939523,7.39952914
0.00126200218,1.4957368,2.90310817,8.98276733,0,5.98435687,7.45939524,7.3995292
0.00126700218,1.49144899,2.90299813,8.98276733,0,5.97999458,7.45939522,7.39952913
0.00127200218,1.4856893,2.90288824,8.98276733,0,5.97416067,7.45939523,7.3995292
0.00127700218,1.47846342,2.90277822,8.98276733,0,5.96686089,7.45939521,7.39952913
0.00128200218,1.46977847,2.90266833,8.98276733,0,5.95810245,7.45939522,7.39952919
0.00128700218,1.45964302,2.90255832,8.98276733,0,5.94789399,7.4593952,7.39952913
0.00129200218,1.44806709,2.90244843,8.98276733,0,5.93624559,7.45939521,7.39952919
0.00129700218,1.43506209,2.90233843,8.98276733,0,5.92316873,7.45939518,7.39952913
0.00130200218,1.42064085,2.90222855,8.98276733,0,5.90867634,7.45939519,7.39952919
0.00130700218,1.40481761,2.90211856,8.98276733,0,5.89278271,7.45939517,7.39952913
0.00131200218,1.38760799,2.90200869,8.98276733,0,5.87550352,7.45939518,7.39952918
0.00131700218,1.36902897,2.90189871,8.98276733,0,5.85685583,7.45939516,7.39952912
0.00132200218,1.34909888,2.90178885,8.98276733,0,5.83685804,7.45939517,7.39952918
0.00132700218,1.32783739,2.90167888,8.98276733,0,5.81552989,7.45939515,7.39952912
0.00133200218,1.30526549,2.90156902,8.98276733,0,5.79289242,7.45939515,7.39952917
0.00133700218,1.28140545,2.90145906,8.98276733,0,5.76896798,7.45939513,7.39952912
0.00134200218,1.25628081,2.90134921,8.98276733,0,5.74378018,7.45939514,7.39952917
0.00134700218,1.22991638,2.90123926,8.98276733,0,5.71735387,7.45939512,7.39952912
0.00135200218,1.20233817,2.90112941,8.98276733,0,5.68971513,7.45939513,7.39952917
0.00135700218,1.1735734,2.90101947,8.98276734,0,5.66089125,7.45939511,7.39952912
0.00136200218,1.14365045,2.90090963,8.98276734,0,5.63091066,7.45939511,7.39952916
0.00136700218,1.11259885,2.90079896,8.98276722,0,5.59980296,7.45938613,7.39952837
0.00137200218,1.08044926,2.90068039,8.98276603,0,5.56759883,7.45929606,7.39951967
0.00137700218,1.04723339,2.90053783,8.98276282,0,5.53433008,7.45906229,7.39948699
0.00138200218,1.01298403,2.90035756,8.98275762,0,5.50002952,7.45868417,7.39941658
0.00138700218,0.977734978,2.90013358,8.98275045,0,5.46473101,7.45815731,7.39930246
0.00139200218,0.941521018,2.89986339,8.98274134,0,5.42846939,7.45747564,7.39914212
0.00139700218,0.904377891,2.89954397,8.98273032,0,5.39128043,7.45663062,7.39893253
0.00140200218,0.866342252,2.89917207,8.98271745,0,5.35320085,7.45561099,7.39867046
0.00140700218,0.827451638,2.89874306,8.98270278,0,5.31426821,7.45440202,7.39835125
0.00141200218,0.787744429,2.89825119,8.98268638,0,5.27452095,7.45298471,7.39796918
0.00141700218,0.747259811,2.89768856,8.98266831,0,5.23399829,7.45133429,7.39751632
0.00142200218,0.706037738,2.89704505,8.98264864,0,5.19274023,7.44941827,7.39698256
0.00142700218,0.664118891,2.89630672,8.98262747,0,5.15078746,7.44719328,7.39635395
0.00143200218,0.621544638,2.89545485,8.98260486,0,5.10818141,7.44460021,7.39561178
0.00143700218,0.578356997,2.89446277,8.98258092,0,5.06496412,7.44155588,7.39472935
0.00144200218,0.534598586,2.89329196,8.98255573,0,5.02117823,7.43793879,7.39366816
0.00144700218,0.490312592,2.89188324,8.98252938,0,4.97686697,7.4335618,7.39236901
0.00145200218,0.445542718,2.89014063,8.98250194,0,4.93207405,7.42811584,7.39073591
0.00145700218,0.400333147,2.88789274,8.98247347,0,4.88684369,7.42103684,7.38859745
0.00146200218,0.354728496,2.88479097,8.98244398,0,4.84122052,7.41112936,7.38560501
0.00146700218,0.308773771,2.87980994,8.98241333,0,4.79524957,7.39433615,7.38073316
0.00147001733,0.280911574,2.87462195,8.98239413,0,4.7673787,7.37457871,7.37561089
0.00147146251,0.267520606,2.87062029,8.98238473,0,4.75398388,7.35529567,7.37164068
0.00147218054,0.260859166,2.86777403,8.98238006,0,4.74732059,7.33700983,7.36881002
0.00147251375,0.257765976,2.86608475,8.98237793,0,4.74422656,7.32275154,7.36712798
0.00147281928,0.254928785,2.86417631,8.98237606,0,4.74138861,7.30184518,7.36522617
0.00147309783,0.252341358,2.86193889,8.98237451,0,4.7388005,7.26990892,7.36299479
0.00147344018,0.249160153,2.85800624,8.98237287,0,4.73561846,7.2154822,7.35906956
0.00147364017,0.247301307,2.85476963,8.98237198,0,4.73375913,7.1846849,7.35583728
0.00147382498,0.245583175,2.8508394,8.9823711,0,4.73204056,7.15876078,7.35191105
0.00147401993,0.243770433,2.84550688,8.98237009,0,4.73022735,7.13354505,7.34658274
0.00147425567,0.241577904,2.83702968,8.9823688,0,4.72803427,7.10517189,7.33811061
0.00147446763,0.239606075,2.82683919,8.98236764,0,4.72606195,7.08100811,7.32792466
0.00147468985,0.237538326,2.81375365,8.98236655,0,4.72399368,7.05655878,7.31484388
0.0014748182,0.23634387,2.80538896,8.98236602,0,4.72279893,7.04272523,7.30648191
0.00147494159,0.23519536,2.79723598,8.98236561,0,4.72165014,7.02956612,7.29833155
0.001475072,0.233981413,2.78881354,8.98236526,0,4.7204359,7.01577325,7.28991187
0.0014752133,0.232665933,2.77991603,8.98236498,0,4.7191201,7.00093158,7.28101734
0.00147535136,0.231380365,2.77131148,8.98236478,0,4.71783422,6.98650808,7.27241569
0.00147550901,0.229912229,2.76142778,8.98236462,0,4.71636573,6.97010933,7.2625353
0.00147569007,0.228225834,2.74993674,8.98236449,0,4.71467893,6.95134339,7.25104804
0.00147594913,0.225812413,2.7331615,8.98236439,0,4.71226494,6.92457637,7.23427818
0.00147629151,0.222621737,2.71033464,8.98236432,0,4.70907353,6.88928903,7.21145838
0.00147667267,0.219068573,2.68399493,8.98236428,0,4.70551955,6.85006721,7.18512646
0.00147714692,0.21464583,2.6498802,8.98236427,0,4.70109581,6.80129898,7.15102131
0.00147772701,0.20923348,2.60629181,8.98236427,0,4.69568228,6.74165468,7.10744447
0.00147888718,0.198400515,2.51381938,8.98236427,0,4.68484703,6.62232109,7.01499454
0.00148009805,0.187083026,2.411038,8.98236427,0,4.6735273,6.49768418,6.91223575
0.00148251977,0.164416217,2.19196785,8.98236427,0,4.65085641,6.24812365,6.69320782
0.00148607373,0.131084561,1.84965443,8.98236427,0,4.61751976,5.88125185,6.35094881
0.00149006957,0.0935313722,1.4489747,8.98236427,0,4.57996238,5.46801474,5.95031901
0.00149506957,0.0464607657,0.937511568,8.98236427,0,4.53288865,4.95015041,5.43890107
0.00150006957,-0.000655691974,0.42145028,8.98236427,0,4.48577141,4.43186503,4.92286552
0.00150506957,-0.0477715025,-0.096112199,8.98236427,0,4.43865718,3.9136675,4.40530921
0.00151006957,-0.0948401684,-0.613896043,8.98236427,0,4.39159245,3.3960614,3.88751192
0.00151506957,-0.141815238,-1.13113966,8.98236427,0,4.34462367,2.87955983,3.37023525
0.00152006957,-0.188650354,-1.64727314,8.98236427,0,4.29779718,2.36467015,2.85404915
0.00152506957,-0.235299294,-2.16174353,8.98236427,0,4.25115921,1.85192856,2.33950662
0.00152699051,-0.253161983,-2.35479081,8.98236427,0,4.23330135,1.68077761,2.14642648
0.00152793221,-0.261905566,-2.44216868,8.98236427,0,4.22456026,1.64879647,2.0590315
0.00152884622,-0.270383196,-2.51633928,8.98236427,0,4.21608513,1.6301818,1.98484373
0.00152990683,-0.28020938,-2.58951648,8.98236427,0,4.20626194,1.61598522,1.91164601
0.00153101576,-0.290469904,-2.65289517,8.98236427,0,4.19600466,1.6054717,1.8482453
0.00153226327,-0.301995812,-2.71062373,8.98236427,0,4.18448254,1.59670042,1.7904914
0.00153362728,-0.314576885,-2.76026495,8.98236427,0,4.17190577,1.58937081,1.74082191
0.00153441169,-0.321801443,-2.78325252,8.98236427,0,4.16468377,1.58587424,1.71781787
0.001535363,-0.330552808,-2.80668564,8.98236427,0,4.15593557,1.58215481,1.69436461
0.00153643536,-0.340403506,-2.82776164,8.98236427,0,4.14608855,1.57849458,1.67326571
0.00153744028,-0.349620768,-2.84331077,8.98236427,0,4.13687483,1.57546829,1.657695
0.00153924863,-0.366171723,-2.86346472,8.98236426,0,4.12033047,1.57077114,1.63750196
0.00154106254,-0.382726038,-2.87677962,8.98236426,0,4.10378308,1.56678716,1.62414762
0.00154278484,-0.398398331,-2.88531054,8.98236426,0,4.08811764,1.56350732,1.61557911
0.00154568641,-0.424695128,-2.89445286,8.98236426,0,4.06183299,1.55880485,1.60637327
0.00154915279,-0.455925037,-2.90070641,8.98236426,0,4.03061859,1.55416926,1.60004362
0.00155415279,-0.500587044,-2.9055705,8.98236426,0,3.98598085,1.54877783,1.59506957
0.00155764809,-0.531517667,-2.90760236,8.98236426,0,3.95506851,1.54564975,1.59296074
0.0015611158,-0.561950857,-2.90902129,8.98236426,0,3.92465452,1.54295697,1.59146541
0.00156489065,-0.594775878,-2.91024559,8.98236426,0,3.89185159,1.54038319,1.5901579
0.00156915915,-0.631489457,-2.91132983,8.98236426,0,3.85516448,1.53784288,1.58897953
0.00157332938,-0.666919409,-2.91218456,8.98236426,0,3.81976188,1.53567616,1.58803282
0.00157745012,-0.701479189,-2.91288223,8.98236426,0,3.78523058,1.53379204,1.58724422
0.00158245012,-0.742779583,-2.91358095,8.98236426,0,3.74396663,1.53179698,1.58643515
0.00158745012,-0.783346944,-2.91414953,8.98236426,0,3.70343775,1.53007854,1.5857562
0.00159245012,-0.823141236,-2.91461325,8.98236426,0,3.66368395,1.52860087,1.58518209
0.00159745012,-0.862123187,-2.9149891,8.98236426,0,3.62474446,1.52733679,1.58469583
0.00160245012,-0.900254326,-2.91528992,8.98236426,0,3.5866577,1.52626552,1.58428459
0.00160745012,-0.937497023,-2.91552477,8.98236426,0,3.54946127,1.52537124,1.5839393
0.00161245012,-0.973814524,-2.91570094,8.98236426,0,3.51319186,1.52464159,1.58365269
0.00161745012,-1.00917099,-2.91582353,8.98236426,0,3.47788529,1.52406733,1.58341966
0.00162245012,-1.04353152,-2.91589678,8.98236426,0,3.44357638,1.52364152,1.58323596
0.00162745012,-1.07686221,-2.91592341,8.98236425,0,3.410299,1.52335953,1.58309887
0.00163245012,-1.10913017,-2.91590572,8.98236425,0,3.37808598,1.52321847,1.58300611
0.00163745012,-1.14030356,-2.91584692,8.98236425,0,3.34696913,1.52318801,1.58295446
0.00164245012,-1.1703516,-2.91575767,8.98236425,0,3.31697915,1.52318965,1.58293327
0.00164745012,-1.19924464,-2.91565384,8.98236425,0,3.28814563,1.52318467,1.58292666
0.00165245012,-1.22695418,-2.91554625,8.98236425,0,3.26049703,1.52318142,1.5829238
0.00165745012,-1.25345286,-2.91543742,8.98236425,0,3.23406063,1.52317795,1.5829222
0.00166245012,-1.27871453,-2.9153282,8.98236425,0,3.20886254,1.5231747,1.58292098
0.00166745012,-1.30271427,-2.91521878,8.98236425,0,3.1849276,1.52317163,1.58291998
0.00167245012,-1.32542839,-2.91510935,8.98236425,0,3.16227946,1.52316869,1.58291899
0.00167745012,-1.34683446,-2.91499978,8.98236425,0,3.14094044,1.52316595,1.58291814
0.00168245012,-1.36691138,-2.91489025,8.98236425,0,3.12093163,1.52316334,1.58291725
0.00168745012,-1.38563931,-2.91478059,8.98236425,0,3.10227275,1.52316094,1.5829165
0.00169245012,-1.40299979,-2.91467097,8.98236425,0,3.08498223,1.52315867,1.58291572
0.00169745012,-1.41897568,-2.91456121,8.98236425,0,3.06907713,1.52315662,1.58291508
0.00170245012,-1.43355121,-2.91445148,8.98236425,0,3.05457315,1.52315471,1.5829144
0.00170745012,-1.446712,-2.91434163,8.98236425,0,3.0414846,1.52315301,1.58291386
0.00171245012,-1.45844506,-2.91423181,8.98236424,0,3.02982439,1.52315146,1.5829133
0.00171745012,-1.4687388,-2.91412185,8.98236424,0,3.01960404,1.52315013,1.58291286
0.00172245012,-1.47758309,-2.91401193,8.98236424,0,3.01083363,1.52314894,1.58291241
0.00172745012,-1.48496917,-2.91390187,8.98236424,0,3.00352182,1.52314797,1.58291209
0.00173245012,-1.49088977,-2.91379184,8.98236424,0,2.99767582,1.52314716,1.58291174
0.00173745012,-1.49533904,-2.91368169,8.98236424,0,2.9933014,1.52314656,1.58291153
0.00174245012,-1.49831259,-2.91357155,8.98236424,0,2.99040288,1.52314612,1.5829113
0.00174745012,-1.49980749,-2.91346129,8.98236424,0,2.98898313,1.5231459,1.5829112
0.00175245012,-1.49982226,-2.91335105,8.98236424,0,2.98904353,1.52314584,1.58291109
0.00175745012,-1.49835689,-2.91324069,8.98236424,0,2.99058403,1.52314599,1.58291109
0.00176245012,-1.49541281,-2.91313034,8.98236424,0,2.99360312,1.5231463,1.58291109
0.00176745012,-1.49099295,-2.91301988,8.98236424,0,2.99809781,1.52314683,1.58291122
0.00177245012,-1.48510166,-2.91290942,8.98236424,0,3.00406367,1.52314751,1.58291133
0.00177745012,-1.47774475,-2.91279886,8.98236424,0,3.01149481,1.52314841,1.58291156
0.00178245012,-1.46892948,-2.9126883,8.98236424,0,3.02038389,1.52314947,1.58291179
0.00178745012,-1.45866456,-2.91257762,8.98236424,0,3.03072215,1.52315074,1.58291214
0.00179245012,-1.44696012,-2.91246696,8.98236424,0,3.04249937,1.52315216,1.58291248
0.00179745012,-1.43382769,-2.91235619,8.98236424,0,3.05570395,1.52315379,1.58291293
0.00180245012,-1.41928026,-2.91224542,8.98236423,0,3.07032285,1.52315558,1.58291338
0.00180745012,-1.40333216,-2.91213455,8.98236423,0,3.08634163,1.52315757,1.58291395
0.00181245012,-1.38599915,-2.91202368,8.98236423,0,3.1037445,1.52315971,1.58291451
0.00181745012,-1.36729832,-2.91191271,8.98236423,0,3.12251428,1.52316205,1.58291518
0.00182245012,-1.34724813,-2.91180174,8.98236423,0,3.14263244,1.52316454,1.58291584
0.00182745012,-1.32586837,-2.91169068,8.98236423,0,3.16407913,1.52316722,1.58291662
0.00183245012,-1.30318015,-2.91157962,8.98236423,0,3.18683319,1.52317005,1.58291739
0.00183745012,-1.27920583,-2.91146846,8.98236423,0,3.21087216,1.52317306,1.58291826
0.00184245012,-1.2539691,-2.9113573,8.98236423,0,3.23617231,1.52317621,1.58291914
0.00184745012,-1.22749485,-2.91124606,8.98236423,0,3.26270868,1.52317954,1.58292011
0.00185245012,-1.19980921,-2.91113481,8.98236423,0,3.29045509,1.52318301,1.58292108
0.00185745012,-1.17093951,-2.91102348,8.98236423,0,3.31938414,1.52318665,1.58292214
0.00186245012,-1.14091423,-2.91091215,8.98236423,0,3.34946729,1.52319041,1.58292321
0.00186745012,-1.109763,-2.91080039,8.98236423,0,3.38067485,1.52319914,1.58292471
0.00187245012,-1.07751657,-2.91068278,8.98236423,0,3.41297603,1.52327883,1.58293207
0.00187745012,-1.04420677,-2.91054476,8.98236423,0,3.44633894,1.52349646,1.58295984
0.00188245012,-1.00986645,-2.9103719,8.98236423,0,3.48073066,1.52385749,1.58302245
0.00188745012,-0.974529526,-2.91015755,8.98236422,0,3.51611726,1.5243648,1.58312656
0.00189245012,-0.938230854,-2.90989897,8.98236422,0,3.5524638,1.52502445,1.58327491
0.00189745012,-0.901006262,-2.90959325,8.98236422,0,3.58973441,1.52584461,1.58347041
0.00190245012,-0.862892485,-2.90923713,8.98236422,0,3.62789233,1.52683623,1.58371633
0.00190745012,-0.823927137,-2.90882611,8.98236422,0,3.66689989,1.5280136,1.58401716
0.00191245012,-0.784148673,-2.90835449,8.98236422,0,3.70671859,1.52939521,1.58437861
0.00191745012,-0.743596349,-2.90781458,8.98236422,0,3.74730914,1.53100515,1.58480836
0.00192245012,-0.702310185,-2.90719642,8.98236422,0,3.78863148,1.53287494,1.58531639
0.00192745012,-0.660330926,-2.90648649,8.98236422,0,3.83064483,1.53504655,1.58591621
0.00193245012,-0.617699999,-2.90566651,8.98236422,0,3.87330773,1.53757706,1.58662611
0.00193745012,-0.574459478,-2.90471076,8.98236422,0,3.91657807,1.54054639,1.58747182
0.00194245012,-0.530652034,-2.90358213,8.98236422,0,3.96041316,1.54407069,1.58849044
0.00194745012,-0.486320901,-2.90222416,8.98236422,0,4.00476973,1.54832762,1.58973846
0.00195245012,-0.441509828,-2.90054589,8.98236422,0,4.04960401,1.55360783,1.59130682
0.00195745012,-0.396263037,-2.89838717,8.98236422,0,4.09487175,1.56043462,1.59335571
0.00196245012,-0.350625183,-2.89542806,8.98236422,0,4.14052829,1.56989415,1.59620509
0.00196745012,-0.304641305,-2.89076955,8.98236422,0,4.18652855,1.58548203,1.60075402
0.00197102605,-0.271567148,-2.8848213,8.98236422,0,4.21961301,1.60760862,1.60662404
0.00197255329,-0.257398835,-2.88052299,8.98236422,0,4.23378536,1.62837885,1.61088899
0.00197329865,-0.250475461,-2.87743825,8.98236421,0,4.24071063,1.64889722,1.61395748
0.00197361555,-0.247530129,-2.87573598,8.98236421,0,4.24365675,1.66420445,1.61565284
0.00197390317,-0.244856178,-2.87382773,8.98236421,0,4.24633141,1.68656894,1.61755483
0.00197419129,-0.242176739,-2.87132647,8.98236421,0,4.24901155,1.72353292,1.62004981
0.00197452254,-0.239095213,-2.86715249,8.98236421,0,4.25209387,1.77716387,1.6242166
0.00197470591,-0.237388947,-2.86391423,8.98236421,0,4.25380058,1.80470492,1.62745087
0.00197489463,-0.235632496,-2.85960877,8.98236421,0,4.25555747,1.83061958,1.63175224
0.0019750952,-0.233765488,-2.85369261,8.98236421,0,4.25742495,1.85606733,1.63766406
0.00197531236,-0.231743575,-2.84528005,8.98236421,0,4.25944737,1.88187475,1.64607193
0.0019755477,-0.229551921,-2.83327998,8.98236421,0,4.26163957,1.90848878,1.65806695
0.00197578163,-0.22737286,-2.81880245,8.98236421,0,4.26381916,1.93403566,1.67253946
0.00197589138,-0.226350476,-2.81157055,8.98236421,0,4.2648418,1.94580511,1.67976902
0.00197601022,-0.225243196,-2.8038032,8.98236421,0,4.26594934,1.95844218,1.68753385
0.00197615851,-0.223861343,-2.79435574,8.98236421,0,4.26733153,1.97408976,1.69697816
0.00197635521,-0.222028053,-2.78206556,8.98236421,0,4.26916526,1.99469206,1.70926419
0.00197650095,-0.220669492,-2.77297931,8.98236421,0,4.27052414,2.00987304,1.71834737
0.00197667115,-0.219082713,-2.76219529,8.98236421,0,4.27211129,2.02753952,1.72912782
0.00197685631,-0.217356258,-2.75028768,8.98236421,0,4.27383815,2.04670359,1.74103156
0.00197722661,-0.213902468,-2.72579749,8.98236421,0,4.27729274,2.08493055,1.76551407
0.00197766527,-0.209809638,-2.69564235,8.98236421,0,4.2813865,2.13011906,1.7956602
0.0019781088,-0.205669719,-2.66381663,8.98236421,0,4.28552734,2.17577024,1.82747692
0.00197862588,-0.200841368,-2.62519459,8.98236421,0,4.29035674,2.22898157,1.8660886
0.00197964726,-0.191297647,-2.54464281,8.98236421,0,4.29990247,2.3341188,1.94662038
0.00198169003,-0.172186962,-2.37035184,8.98236421,0,4.31901686,2.54457569,2.12087332
0.00198386254,-0.151831549,-2.17091644,8.98236421,0,4.33937579,2.7686749,2.32027135
0.00198762667,-0.11649848,-1.80592413,8.98236421,0,4.37471391,3.15756018,2.68520695
0.00199262667,-0.0694671724,-1.3014373,8.98236421,0,4.42174986,3.6750664,3.18963494
0.00199749955,-0.0235652058,-0.800786232,8.98236421,0,4.46765409,4.18004767,3.6902472
0.00200249955,0.0235567461,-0.283976385,8.98236421,0,4.51477604,4.69836546,4.2070365
0.00200749955,0.0706554504,0.233743275,8.98236421,0,4.56187238,5.21635326,4.72475521
0.00201249955,0.117684426,0.751330681,8.98236421,0,4.60889664,5.73349834,5.24236127
0.00201749955,0.164597262,1.26809933,8.98236421,0,4.65580242,6.24929345,5.75916817
0.00202249955,0.21134766,1.78349894,8.98236421,0,4.70254342,6.76322818,6.27462558
0.00202681128,0.251496851,2.22630325,8.98236423,0,4.74268263,7.20406136,6.71749537
0.00202811559,0.263607088,2.35630451,8.98236496,0,4.75478951,7.30549282,6.84751928
0.0020290096,0.271897592,2.43809633,8.98236669,0,4.76307762,7.33484669,6.92932733
0.00202989467,0.280096806,2.50922657,8.98236948,0,4.77127439,7.35257337,7.00047415
0.00203075589,0.288066707,2.569178,8.98237283,0,4.77924184,7.36438689,7.06044215
0.00203220704,0.30147668,2.65214529,8.98237939,0,4.79264754,7.37820877,7.14343815
0.0020334907,0.313318111,2.7094054,8.98238576,0,4.80448502,7.38686454,7.20072432
0.00203446059,0.322251597,2.74439923,8.98239078,0,4.81341543,7.39206049,7.23573819
0.00203537709,0.330682312,2.77193996,8.98239569,0,4.82184315,7.39622911,7.26329807
0.00203635263,0.33964407,2.79608236,8.98240111,0,4.83080164,7.40007012,7.28746104
0.00203734891,0.34878327,2.81592979,8.98240692,0,4.83993741,7.40350337,7.30732965
0.00203902088,0.364089768,2.84050957,8.98241742,0,4.85523795,7.40842709,7.33194526
0.00204055367,0.378086828,2.85587983,8.98242778,0,4.86922933,7.41225244,7.34734859
0.00204219798,0.393063322,2.86730771,8.9824393,0,4.88419948,7.41581069,7.35881212
0.00204430238,0.412168792,2.87709621,8.98245409,0,4.90329648,7.41974103,7.36864641
0.00204717645,0.438145015,2.88535455,8.98247364,0,4.92926049,7.42427029,7.37696748
0.0020521425,0.482687215,2.89290534,8.98250497,0,4.97377984,7.43052472,7.38462697
0.0020571425,0.527059096,2.89666623,8.9825338,0,5.01812649,7.43547458,7.38849751
0.0020621425,0.570910833,2.89893869,8.98256067,0,5.06195079,7.43952067,7.39087973
0.0020671425,0.61419915,2.90048019,8.98258603,0,5.1052095,7.44287341,7.39253107
0.0020721425,0.656881327,2.90166189,8.98260996,0,5.14785992,7.44571307,7.39382266
0.0020771425,0.698915241,2.9025926,8.98263241,0,5.18985996,7.44814262,7.3948633
0.0020821425,0.74025941,2.90334687,8.98265337,0,5.23116818,7.45023234,7.39572752
0.0020871425,0.780873032,2.90396253,8.98267274,0,5.2717438,7.45203345,7.39645317
0.0020921425,0.820716027,2.90446718,8.98269048,0,5.31154679,7.45358413,7.39706783
0.0020971425,0.859749075,2.90487879,8.98270651,0,5.35053787,7.45491317,7.39758947
0.0021021425,0.897933654,2.90521089,8.98272077,0,5.38867855,7.4560427,7.39803161
0.0021071425,0.93523208,2.90547335,8.98273321,0,5.42593119,7.45698973,7.39840412
0.0021121425,0.971607546,2.90567365,8.98274376,0,5.46225903,7.45776743,7.39871448
0.0021171425,1.00702415,2.90581749,8.9827524,0,5.49762622,7.45838582,7.39896839
0.0021221425,1.04144695,2.90590915,8.98275908,0,5.53199786,7.45885243,7.39917012
0.0021271425,1.07484196,2.90595185,8.98276378,0,5.56534003,7.45917251,7.39932289
0.0021321425,1.10717623,2.90594782,8.98276646,0,5.59761982,7.45934949,7.39942893
0.0021371425,1.13841786,2.90589969,8.9827673,0,5.62880537,7.45939833,7.39949088
0.0021421425,1.168536,2.90581639,8.98276729,0,5.65886591,7.45939477,7.39951765
0.0021471425,1.19750094,2.90571443,8.98276731,0,5.68777178,7.45939554,7.39952576
0.0021521425,1.22528409,2.9056067,8.98276731,0,5.71549444,7.45939534,7.39952809
0.0021571425,1.25185803,2.90549745,8.98276731,0,5.74200654,7.45939537,7.39952889
0.0021621425,1.27719654,2.90538759,8.98276732,0,5.76728192,7.45939537,7.39952909
0.0021671425,1.30127461,2.90527763,8.98276732,0,5.79129562,7.45939535,7.39952918
0.0021721425,1.32406848,2.90516759,8.98276732,0,5.81402396,7.45939536,7.39952919
0.0021771425,1.34555566,2.90505756,8.98276732,0,5.8354445,7.45939534,7.3995292
0.0021821425,1.36571493,2.90494752,8.98276732,0,5.8555361,7.45939535,7.39952919
0.0021871425,1.38452641,2.90483749,8.98276732,0,5.87427894,7.45939533,7.3995292
0.0021921425,1.40197153,2.90472745,8.98276732,0,5.89165451,7.45939533,7.39952919
0.0021971425,1.41803307,2.90461743,8.98276732,0,5.90764568,7.45939532,7.39952919
0.0022021425,1.43269518,2.9045074,8.98276732,0,5.92223665,7.45939532,7.39952919
0.0022071425,1.4459434,2.90439739,8.98276732,0,5.93541304,7.4593953,7.39952919
0.0022121425,1.45776464,2.90428737,8.98276732,0,5.94716183,7.45939531,7.39952918
0.0022171425,1.46814725,2.90417736,8.98276732,0,5.95747143,7.45939529,7.39952919
0.0022221425,1.47708097,2.90406735,8.98276732,0,5.96633167,7.4593953,7.39952918
0.0022271425,1.484557,2.90395735,8.98276732,0,5.97373381,7.45939528,7.39952918
0.0022321425,1.49056794,2.90384735,8.98276732,0,5.97967054,7.45939528,7.39952918
0.0022371425,1.49510787,2.90373736,8.98276732,0,5.98413599,7.45939527,7.39952918
0.0022421425,1.49817231,2.90362737,8.98276732,0,5.98712577,7.45939527,7.39952917
0.0022471425,1.49975824,2.90351739,8.98276732,0,5.98863693,7.45939525,7.39952918
0.0022521425,1.49986409,2.9034074,8.98276732,0,5.98866797,7.45939526,7.39952917
0.0022571425,1.49848975,2.90329743,8.98276733,0,5.98721885,7.45939524,7.39952917
0.0022621425,1.49563658,2.90318745,8.98276733,0,5.98429103,7.45939524,7.39952917
0.0022671425,1.4913074,2.90307749,8.98276733,0,5.97988737,7.45939523,7.39952917
0.0022721425,1.48550648,2.90296752,8.98276733,0,5.97401223,7.45939523,7.39952916
0.0022771425,1.47823955,2.90285756,8.98276733,0,5.96667141,7.45939522,7.39952917
0.0022821425,1.46951377,2.9027476,8.98276733,0,5.95787215,7.45939522,7.39952916
0.0022871425,1.45933776,2.90263765,8.98276733,0,5.94762313,7.4593952,7.39952916
0.0022921425,1.44772156,2.9025277,8.98276733,0,5.93593447,7.45939521,7.39952916
0.0022971425,1.43467663,2.90241776,8.98276733,0,5.92281771,7.45939519,7.39952916
0.0023021425,1.42021585,2.90230782,8.98276733,0,5.90828579,7.45939519,7.39952916
0.0023071425,1.40435348,2.90219789,8.98276733,0,5.89235305,7.45939518,7.39952916
0.0023121425,1.38710519,2.90208795,8.98276733,0,5.87503522,7.45939518,7.39952915
0.0023171425,1.368488,2.90197803,8.98276733,0,5.85634938,7.45939517,7.39952915
0.0023221425,1.34852027,2.9018681,8.98276733,0,5.83631398,7.45939517,7.39952915
0.0023271425,1.32722172,2.90175819,8.98276733,0,5.81494879,7.45939515,7.39952915
0.0023321425,1.30461336,2.90164827,8.98276733,0,5.79227489,7.45939515,7.39952915
0.0023371425,1.2807175,2.90153836,8.98276733,0,5.76831466,7.45939514,7.39952915
0.0023421425,1.25555773,2.90142845,8.98276733,0,5.74309176,7.45939514,7.39952914
0.0023471425,1.22915887,2.90131855,8.98276733,0,5.71663106,7.45939513,7.39952915
0.0023521425,1.20154698,2.90120865,8.98276733,0,5.68895868,7.45939513,7.39952914
0.0023571425,1.17274932,2.90109876,8.98276733,0,5.66010194,7.45939512,7.39952914
0.0023621425,1.14279428,2.90098887,8.98276734,0,5.63008931,7.45939512,7.39952914
0.0023671425,1.11171145,2.90087815,8.9827672,0,5.59895041,7.45938508,7.39952831
0.0023721425,1.0795315,2.90075912,8.98276597,0,5.56671597,7.45929191,7.39951915
0.0023771425,1.04628618,2.90061578,8.98276271,0,5.5334178,7.45905426,7.39948569
0.0023821425,1.01200829,2.90043437,8.98275746,0,5.49908877,7.45867233,7.39941415
0.0023871425,0.976731684,2.90020925,8.98275024,0,5.46376275,7.45814147,7.39929889
0.0023921425,0.940491157,2.89993776,8.98274107,0,5.4274746,7.45745561,7.39913725
0.0023971425,0.903322478,2.89961704,8.98273001,0,5.39026015,7.45660613,7.39892636
0.0024021425,0.86526233,2.89924365,8.98271709,0,5.3521561,7.45558167,7.3986628
0.0024071425,0.826348272,2.89881309,8.98270237,0,5.31320008,7.45436744,7.39834205
0.0024121425,0.786618707,2.89831941,8.98268592,0,5.27343052,7.45294428,7.39795817
0.0024171425,0.746112846,2.89775481,8.98266781,0,5.23288667,7.45128725,7.39750335
0.0024221425,0.704870661,2.89710894,8.9826481,0,5.19160854,7.44936361,7.39696722
0.0024271425,0.662932853,2.8963679,8.98262688,0,5.14963688,7.44712968,7.39633591
0.0024321425,0.620340811,2.89551264,8.98260424,0,5.1070131,7.44452579,7.39559034
0.0024371425,0.577136568,2.8945164,8.98258027,0,5.06377926,7.441468,7.39470376
0.0024421425,0.53336276,2.8933401,8.98255505,0,5.01997804,7.43783346,7.39363708
0.0024471425,0.489062588,2.89192399,8.98252866,0,4.97565265,7.43343275,7.39233055
0.0024521425,0.44427977,2.89017058,8.9825012,0,4.93084685,7.42795222,7.39068664
0.0024571425,0.399058502,2.88790571,8.9824727,0,4.88560485,7.42081774,7.3885312
0.0024621425,0.353443411,2.88477305,8.98244318,0,4.83997131,7.41080626,7.38550787
0.0024671425,0.307479514,2.87971339,8.98241249,0,4.79399124,7.39371228,7.38055739
0.00247003001,0.280794178,2.87470112,8.9823941,0,4.76729762,7.37451921,7.37560806
0.00247146455,0.267501717,2.87073148,8.98238477,0,4.75400133,7.35538923,7.37166964
0.00247217136,0.260944382,2.86794407,8.98238017,0,4.74744218,7.33756656,7.36889759
0.00247250941,0.257806311,2.86624379,8.982378,0,4.74430326,7.32335237,7.36720466
0.00247281463,0.254971951,2.8643538,8.98237613,0,4.74146814,7.30287301,7.36532129
0.00247309266,0.252389335,2.86214721,8.98237458,0,4.73888484,7.27164247,7.36312073
0.00247343989,0.249162854,2.8582051,8.98237291,0,4.73565751,7.21668831,7.35918614
0.00247364193,0.24728491,2.854964,8.98237201,0,4.73377908,7.18548244,7.35594942
0.00247382663,0.24556786,2.85106531,8.98237113,0,4.73206159,7.15950763,7.35205472
0.00247402142,0.243756517,2.84577718,8.98237012,0,4.73024978,7.13425544,7.34677079
0.00247425673,0.241568053,2.83737956,8.98236883,0,4.72806077,7.10588659,7.33837824
0.00247446882,0.239595043,2.8272552,8.98236767,0,4.72608726,7.08167885,7.32825843
0.00247469107,0.237527048,2.81422956,8.98236658,0,4.72401875,7.05720674,7.31523754
0.00247482143,0.236313822,2.8057453,8.98236604,0,4.72280523,7.04314887,7.30675606
0.00247494464,0.235166971,2.79759968,8.98236562,0,4.72165809,7.03000475,7.29861306
0.00247507327,0.233969607,2.78928345,8.98236527,0,4.72046044,7.01639627,7.29029955
0.00247521389,0.232660469,2.78041973,8.98236499,0,4.71915098,7.00162189,7.28143879
0.00247535353,0.231360158,2.77171434,8.98236478,0,4.71785036,6.98702992,7.27273633
0.00247551068,0.229896668,2.76186548,8.98236462,0,4.71638651,6.97068078,7.26289077
0.00247569264,0.228201916,2.75032135,8.9823645,0,4.71469136,6.95181997,7.25135044
0.00247594177,0.225880934,2.73420466,8.98236439,0,4.71236983,6.92607535,7.23523892
0.00247629267,0.222610962,2.71082915,8.98236432,0,4.7090991,6.88990792,7.21187066
0.00247665491,0.219234165,2.68583967,8.98236429,0,4.70572153,6.85263122,7.18688858
0.00247716965,0.214433814,2.64882321,8.98236427,0,4.7009201,6.79969809,7.14988252
0.00247768094,0.209663425,2.61046262,8.98236427,0,4.69614866,6.74712806,7.11153211
0.00247870352,0.200116205,2.52953575,8.98236427,0,4.68659942,6.64195416,7.03062515
0.00247973011,0.190523158,2.44351852,8.98236427,0,4.67700444,6.53630276,6.94462726
0.0024817833,0.171313683,2.26085835,8.98236427,0,4.6577914,6.32479227,6.76200368
0.00248512219,0.140015913,1.94381896,8.98236427,0,4.62648868,5.98028204,6.44501746
0.00248871479,0.106271516,1.58671198,8.98236427,0,4.59274012,5.60893313,6.08795853
0.00249371479,0.0592213346,1.07758886,8.98236427,0,4.54568617,5.09126694,5.57888587
0.00249871479,0.0121127091,0.562325062,8.98236427,0,4.49857613,4.57304445,5.06365313
0.00250371479,-0.0350078702,0.0450050937,8.98236427,0,4.45145649,4.05477421,4.54634467
0.00250871479,-0.082093901,-0.472811083,8.98236427,0,4.40437375,3.53695645,4.02852039
0.00251371479,-0.129098915,-0.990257488,8.98236427,0,4.35737438,3.02010564,3.51104627
0.00251871479,-0.175976524,-1.50675076,8.98236427,0,4.31050477,2.50472839,2.99450571
0.00252371479,-0.222680465,-2.02172494,8.98236427,0,4.26381116,1.99133538,2.4794647
0.00252565488,-0.240745766,-2.22099468,8.98236427,0,4.24575049,1.7930941,2.28016378
0.00252672021,-0.250650709,-2.32890744,8.98236427,0,4.23584824,1.69852178,2.17223266
0.00252731407,-0.256167181,-2.38666277,8.98236427,0,4.23033332,1.66892123,2.11446673
0.00252793395,-0.26192166,-2.44280721,8.98236427,0,4.22458049,1.6491936,2.05831095
0.0025286831,-0.268870856,-2.50420532,8.98236427,0,4.21763334,1.63321458,1.9968988
0.00252947219,-0.276184065,-2.56132421,8.98236427,0,4.21032234,1.62129668,1.93976476
0.00253081507,-0.288614066,-2.64252187,8.98236427,0,4.19789622,1.60721381,1.85854064
0.00253219479,-0.30136358,-2.70796116,8.98236427,0,4.18515088,1.59717264,1.79307338
0.00253318765,-0.310524366,-2.74565806,8.98236427,0,4.1759932,1.59157374,1.75535597
0.00253427448,-0.320538257,-2.7795261,8.98236427,0,4.16598282,1.5864865,1.72146519
0.00253513167,-0.32842581,-2.80136918,8.98236426,0,4.15809811,1.58304094,1.69960399
0.00253602253,-0.336613029,-2.82020654,8.98236426,0,4.14991392,1.57986965,1.68074765
0.00253780424,-0.35295557,-2.84811113,8.98236426,0,4.13357764,1.57447303,1.65280481
0.00253930431,-0.366680538,-2.86395904,8.98236426,0,4.11985818,1.57065658,1.63692444
0.00254092161,-0.381441575,-2.87585148,8.98236426,0,4.10510331,1.56709022,1.62499685
0.00254293479,-0.39976063,-2.88583919,8.98236426,0,4.08679226,1.56325422,1.61496519
0.00254567633,-0.424604019,-2.89435065,8.98236426,0,4.06196037,1.55883045,1.60639371
0.00254915214,-0.455919186,-2.90061178,8.98236426,0,4.03066075,1.55417914,1.60005628
0.00255415214,-0.500581255,-2.90548637,8.98236426,0,3.98602294,1.54878559,1.59507173
0.0025577468,-0.53238746,-2.9075669,8.98236426,0,3.95423555,1.54557359,1.59291205
0.00256115643,-0.562305887,-2.90895145,8.98236426,0,3.92433602,1.54293295,1.59145238
0.00256490902,-0.594934797,-2.91016654,8.98236426,0,3.89172908,1.54037652,1.59015457
0.00256925257,-0.632288024,-2.91126739,8.98236426,0,3.85440281,1.53779531,1.58895794
0.00257341665,-0.667656068,-2.91211715,8.98236426,0,3.81906211,1.53563757,1.58801633
0.00257753328,-0.702171866,-2.91281185,8.98236426,0,3.78457478,1.53375977,1.5872308
0.00258253328,-0.7434604,-2.91350818,8.98236426,0,3.74332272,1.53176928,1.58642412
0.00258753328,-0.784015228,-2.91407515,8.98236426,0,3.70280641,1.53005469,1.58574678
0.00259253328,-0.823796328,-2.91453728,8.98236426,0,3.66306584,1.52858048,1.58517426
0.00259753328,-0.862764441,-2.91491205,8.98236426,0,3.62414021,1.52731942,1.58468908
0.00260253328,-0.900881109,-2.91521168,8.98236426,0,3.58606795,1.52625098,1.58427904
0.00260753328,-0.938108716,-2.91544573,8.98236426,0,3.54888664,1.52535923,1.58393455
0.00261253328,-0.974410524,-2.91562094,8.98236426,0,3.51263295,1.524632,1.58364891
0.00261753328,-1.00975071,-2.91574288,8.98236426,0,3.47734268,1.52405998,1.58341653
0.00262253328,-1.04409439,-2.9158153,8.98236425,0,3.44305066,1.52363637,1.58323367
0.00262753328,-1.07740767,-2.91584138,8.98236425,0,3.40979071,1.52335644,1.58309713
0.00263253328,-1.10965768,-2.91582294,8.98236425,0,3.37759567,1.52321746,1.58300513
0.00263753328,-1.1408126,-2.9157637,8.98236425,0,3.34649731,1.52318797,1.58295392
0.00264253328,-1.17084167,-2.91567402,8.98236425,0,3.31652631,1.5231896,1.58293316
0.00264753328,-1.19971526,-2.91557019,8.98236425,0,3.28771227,1.5231846,1.58292654
0.00265253328,-1.22740488,-2.91546247,8.98236425,0,3.26008361,1.52318138,1.58292383
0.00265753328,-1.25388319,-2.91535373,8.98236425,0,3.2336676,1.52317789,1.58292213
0.00266253328,-1.27912408,-2.91524442,8.98236425,0,3.20849031,1.52317467,1.58292102
0.00266753328,-1.30310262,-2.9151351,8.98236425,0,3.18457658,1.52317158,1.58291992
0.00267253328,-1.32579516,-2.91502557,8.98236425,0,3.16195003,1.52316866,1.58291902
0.00267753328,-1.3471793,-2.9149161,8.98236425,0,3.14063297,1.5231659,1.58291808
0.00268253328,-1.36723394,-2.91480648,8.98236425,0,3.12064644,1.52316332,1.58291729
0.00268753328,-1.38593928,-2.91469692,8.98236425,0,3.10201017,1.52316089,1.58291645
0.00269253328,-1.40327687,-2.9145872,8.98236425,0,3.08474256,1.52315865,1.58291576
0.00269753328,-1.41922959,-2.91447754,8.98236425,0,3.06886064,1.52315658,1.58291502
0.00270253328,-1.43378171,-2.91436773,8.98236425,0,3.05438008,1.52315469,1.58291444
0.00270753328,-1.44691885,-2.91425796,8.98236425,0,3.04131518,1.52315298,1.58291381
0.00271253328,-1.45862806,-2.91414805,8.98236424,0,3.02967883,1.52315145,1.58291333
0.00271753328,-1.46889778,-2.91403819,8.98236424,0,3.01948251,1.5231501,1.58291282
0.00272253328,-1.47771788,-2.91392818,8.98236424,0,3.01073629,1.52314894,1.58291245
0.00272753328,-1.48507964,-2.91381821,8.98236424,0,3.0034488,1.52314795,1.58291204
0.00273253328,-1.49097581,-2.9137081,8.98236424,0,2.99762723,1.52314716,1.58291178
0.00273753328,-1.49540057,-2.91359803,8.98236424,0,2.99327732,1.52314655,1.58291149
0.00274253328,-1.49834955,-2.91348782,8.98236424,0,2.99040338,1.52314613,1.58291134
0.00274753328,-1.49981984,-2.91337764,8.98236424,0,2.98900823,1.52314589,1.58291116
0.00275253328,-1.49980999,-2.91326732,8.98236424,0,2.98909325,1.52314585,1.58291112
0.00275753328,-1.49832001,-2.91315704,8.98236424,0,2.99065836,1.52314599,1.58291106
0.00276253328,-1.49535136,-2.91304662,8.98236424,0,2.99370202,1.52314632,1.58291113
0.00276753328,-1.49090699,-2.91293623,8.98236424,0,2.99822121,1.52314683,1.58291119
0.00277253328,-1.48499127,-2.91282571,8.98236424,0,3.00421149,1.52314754,1.58291137
0.00277753328,-1.47761004,-2.91271521,8.98236424,0,3.01166694,1.52314842,1.58291154
0.00278253328,-1.46877059,-2.91260458,8.98236424,0,3.02058019,1.5231495,1.58291183
0.00278753328,-1.45848164,-2.91249398,8.98236424,0,3.03094247,1.52315076,1.58291211
0.00279253328,-1.44675334,-2.91238326,8.98236424,0,3.04274353,1.5231522,1.58291252
0.00279753328,-1.43359728,-2.91227255,8.98236423,0,3.05597174,1.52315382,1.58291291
0.00280253328,-1.41902642,-2.91216172,8.98236423,0,3.07061404,1.52315562,1.58291342
0.00280753328,-1.40305516,-2.91205091,8.98236423,0,3.08665597,1.5231576,1.58291393
0.00281253328,-1.38569925,-2.91193999,8.98236423,0,3.10408172,1.52315976,1.58291455
0.00281753328,-1.36697583,-2.91182908,8.98236423,0,3.12287407,1.52316209,1.58291516
0.00282253328,-1.34690336,-2.91171806,8.98236423,0,3.14301449,1.5231646,1.58291588
0.00282753328,-1.32550167,-2.91160705,8.98236423,0,3.1644831,1.52316727,1.5829166
0.00283253328,-1.30279186,-2.91149593,8.98236423,0,3.18725872,1.52317011,1.58291743
0.00283753328,-1.27879636,-2.91138483,8.98236423,0,3.21131885,1.52317311,1.58291825
0.00284253328,-1.25353883,-2.91127363,8.98236423,0,3.23663977,1.52317628,1.58291918
0.00284753328,-1.22704422,-2.91116243,8.98236423,0,3.26319649,1.5231796,1.5829201
0.00285253328,-1.19933866,-2.91105114,8.98236423,0,3.29096279,1.52318308,1.58292112
0.00285753328,-1.1704495,-2.91093986,8.98236423,0,3.31991127,1.52318671,1.58292214
0.00286253328,-1.14040525,-2.91082848,8.98236423,0,3.35001336,1.52319049,1.58292325
0.00286753328,-1.10923555,-2.91071673,8.98236423,0,3.38123937,1.52319976,1.58292475
0.00287253328,-1.07697118,-2.91059885,8.98236423,0,3.41355846,1.5232815,1.58293238
0.00287753328,-1.04364396,-2.91046035,8.98236423,0,3.44693875,1.52350188,1.58296063
0.00288253328,-1.00928679,-2.91028673,8.98236422,0,3.4813473,1.52386555,1.58302401
0.00288753328,-0.973933579,-2.91007162,8.98236422,0,3.51675014,1.52437559,1.58312888
0.00289253328,-0.937619212,-2.90981217,8.98236422,0,3.55311235,1.5250381,1.58327811
0.00289753328,-0.900379528,-2.90950561,8.98236422,0,3.59039802,1.52586127,1.58347446
0.00290253328,-0.862251278,-2.90914849,8.98236422,0,3.62857038,1.52685613,1.58372138
0.00290753328,-0.82327209,-2.90873646,8.98236422,0,3.66759174,1.528037,1.58402321
0.00291253328,-0.783480432,-2.90826364,8.98236422,0,3.7074236,1.52942253,1.58438587
0.00291753328,-0.742915573,-2.90772246,8.98236422,0,3.74802665,1.53103685,1.58481689
0.00292253328,-0.701617547,-2.90710274,8.98236422,0,3.78936081,1.53291168,1.58532649
0.00292753328,-0.659627108,-2.90639103,8.98236422,0,3.8313853,1.53508921,1.58592809
0.00293253328,-0.616985697,-2.90556882,8.98236422,0,3.87405865,1.53762685,1.58664022
0.00293753328,-0.573735396,-2.90461037,8.98236422,0,3.91733873,1.54060501,1.58748864
0.00294253328,-0.529918888,-2.90347813,8.98236422,0,3.96118285,1.54414073,1.58851087
0.00294753328,-0.485579413,-2.90211536,8.98236422,0,4.00554772,1.54841308,1.58976369
0.00295253328,-0.44076073,-2.9004301,8.98236422,0,4.05038957,1.55371559,1.59133906
0.00295753328,-0.395507069,-2.89826052,8.98236422,0,4.09566414,1.56057767,1.59339881
0.00296253328,-0.349863091,-2.895282,8.98236422,0,4.14132676,1.57010195,1.5962676
0.00296753328,-0.30387384,-2.89057665,8.98236422,0,4.18733235,1.58586526,1.60086337
0.00297102918,-0.271538222,-2.88472367,8.98236421,0,4.21967803,1.60771253,1.60663988
0.00297256247,-0.25731359,-2.88038816,8.98236421,0,4.23390671,1.62870399,1.6109419
0.00297329253,-0.250532323,-2.87735611,8.98236421,0,4.24068984,1.64894095,1.61395803
0.0029736123,-0.247560364,-2.87563566,8.98236421,0,4.24366259,1.66443947,1.61567151
0.00297389519,-0.244930331,-2.87375708,8.98236421,0,4.24629332,1.68649085,1.61754393
0.0029741823,-0.242260301,-2.87126862,8.98236421,0,4.24896405,1.72325475,1.62002615
0.00297451919,-0.239126342,-2.86701636,8.98236421,0,4.25209882,1.7777725,1.62427108
0.00297470109,-0.237433739,-2.86379095,8.98236421,0,4.25379186,1.80504783,1.62749254
0.00297488944,-0.235680819,-2.85948192,8.98236421,0,4.25554522,1.8308818,1.63179749
0.00297508977,-0.233816047,-2.85355877,8.98236421,0,4.25741046,1.85627984,1.63771631
0.00297530632,-0.231799849,-2.845155,8.98236421,0,4.25942716,1.8820028,1.6461154
0.00297554162,-0.229608587,-2.83314418,8.98236421,0,4.26161897,1.9086059,1.65812116
0.00297577623,-0.227423247,-2.81861322,8.98236421,0,4.26380485,1.93422179,1.6726471
0.00297588561,-0.226404169,-2.81140348,8.98236421,0,4.26482417,1.94595142,1.6798545
0.00297600444,-0.225297021,-2.80363842,8.98236421,0,4.26593159,1.95858562,1.68761704
0.00297615237,-0.223918519,-2.79421564,8.98236421,0,4.26731042,1.97419408,1.69703667
0.00297635188,-0.222059062,-2.7817485,8.98236421,0,4.26917032,1.99508854,1.7094996
0.00297650092,-0.220669832,-2.77245472,8.98236421,0,4.27055988,2.01060989,1.71879025
0.00297667284,-0.219066941,-2.76155397,8.98236421,0,4.27216315,2.02845286,1.7296874
0.00297685884,-0.217332643,-2.74958199,8.98236421,0,4.27389786,2.04770139,1.7416555
0.00297723082,-0.213863159,-2.72495494,8.98236421,0,4.27736814,2.08609852,1.76627483
0.00297768204,-0.209653109,-2.69388129,8.98236421,0,4.28157915,2.13257824,1.79733922
0.0029781197,-0.205567992,-2.66241928,8.98236421,0,4.28566517,2.1776232,1.82879235
0.00297865842,-0.200537448,-2.6220878,8.98236421,0,4.29069681,2.23306162,1.86911304
0.00297962207,-0.191533091,-2.54602345,8.98236421,0,4.29970305,2.33225628,1.94515853
0.00298154939,-0.173503642,-2.38206742,8.98236421,0,4.31773602,2.53080855,2.10907858
0.00298354209,-0.154835859,-2.20019093,8.98236421,0,4.33640707,2.73633326,2.29092048
0.00298706762,-0.121750693,-1.86039741,8.98236421,0,4.36949711,3.10048964,2.63065978
0.00299206762,-0.0747299376,-1.35769531,8.98236421,0,4.41652277,3.6178933,3.13330093
0.00299661597,-0.0318913277,-0.891042125,8.98236421,0,4.4593638,4.08918672,3.59991537
0.00300161597,0.0152298973,-0.37459336,8.98236421,0,4.50648543,4.60750861,4.11634017
0.00300661597,0.0623360923,0.143055184,8.98236421,0,4.55358968,5.12559313,4.63398433
0.00301161597,0.109380769,0.66071808,8.98236421,0,4.60063005,5.642923,5.15166244
0.00301661597,0.1563175,1.1776739,8.98236421,0,4.64756014,6.15899423,5.66865309
0.00302161597,0.203099965,1.69335292,8.98236421,0,4.69433361,6.67329404,6.18438648
0.00302661597,0.249681994,2.20714944,8.98236422,0,4.74090432,7.18509584,6.69825687
0.00302805532,0.263047889,2.35106834,8.98236491,0,4.75426652,7.30328896,6.84220063
0.00302895828,0.27142198,2.43424345,8.98236657,0,4.7626382,7.33377381,6.9253921
0.00302985128,0.279695001,2.50649364,8.98236935,0,4.77090876,7.35200085,6.99765901
0.00303074705,0.287984908,2.56907674,8.98237282,0,4.77919612,7.3643682,7.06025932
0.00303207911,0.300295488,2.64600755,8.98237881,0,4.79150278,7.37725869,7.13721645
0.00303340868,0.31256215,2.70643814,8.98238538,0,4.80376537,7.38642386,7.19767399
0.00303453222,0.322910917,2.74703175,8.9823912,0,4.81411057,7.39244388,7.23829081
0.00303540202,0.330911521,2.77286265,8.98239586,0,4.82210833,7.39636456,7.2641399
0.00303647254,0.340744803,2.79895614,8.98240183,0,4.83193802,7.400533,7.29025599
0.00303764167,0.351466238,2.82115815,8.98240873,0,4.8426554,7.40445654,7.31248288
0.00303904527,0.364312708,2.84093558,8.98241763,0,4.85549685,7.40851216,7.33229041
0.00304069675,0.37939161,2.85715923,8.98242881,0,4.87056961,7.41259902,7.34854971
0.00304239199,0.394827599,2.86851834,8.98244072,0,4.88599904,7.41621413,7.35994558
0.00304442563,0.413285549,2.87764937,8.982455,0,4.90444878,7.41996581,7.36912088
0.00304757223,0.441711119,2.8862895,8.98247629,0,4.9328609,7.42484356,7.37782971
0.00305257223,0.486520145,2.89341964,8.98250758,0,4.97764673,7.43100334,7.38506931
0.00305757223,0.530849034,2.89698184,8.98253621,0,5.02195019,7.43585917,7.38874119
0.00306257223,0.57465404,2.89917436,8.98256295,0,5.06572757,7.43983762,7.39104348
0.00306757223,0.617891932,2.90067694,8.98258818,0,5.10893567,7.44314053,7.3926559
0.00307257223,0.660520038,2.90183347,8.98261198,0,5.15153183,7.44594089,7.39392233
0.00307757223,0.702496291,2.90274643,8.98263431,0,5.19347403,7.44833826,7.39494522
0.00308257223,0.743779265,2.90348736,8.98265513,0,5.23472087,7.45040095,7.39579612
0.00308757223,0.784328219,2.90409234,8.98267436,0,5.27523165,7.4521788,7.39651109
0.00309257223,0.824103136,2.90458826,8.98269196,0,5.31496639,7.45370909,7.39711703
0.00309757223,0.863064762,2.90499241,8.98270783,0,5.35388587,7.45501988,7.3976312
0.00310257223,0.901174648,2.9053181,8.98272194,0,5.39195169,7.45613284,7.39806694
0.00310757223,0.938395183,2.90557481,8.98273421,0,5.42912628,7.45706457,7.3984337
0.00311257223,0.974689635,2.90577,8.9827446,0,5.46537295,7.45782798,7.39873896
0.00311757223,1.01002219,2.90590908,8.98275307,0,5.50065594,7.45843279,7.39898811
0.00312257223,1.04435797,2.90599638,8.98275958,0,5.53494041,7.45888637,7.39918548
0.00312757223,1.07766309,2.90603485,8.9827641,0,5.56819255,7.45919378,7.39933403
0.00313257223,1.1099047,2.90602684,8.9827666,0,5.60037952,7.45935829,7.39943609
0.00313757223,1.14105096,2.90597513,8.98276732,0,5.63146958,7.45939927,7.39949446
0.00314257223,1.17107114,2.90588955,8.98276729,0,5.66143202,7.45939453,7.39951895
0.00314757223,1.19993561,2.90578662,8.98276731,0,5.6902373,7.4593956,7.39952609
0.00315257223,1.2276159,2.90567868,8.98276731,0,5.71785698,7.45939534,7.39952822
0.00315757223,1.25408467,2.90556931,8.98276731,0,5.74426379,7.45939538,7.39952891
0.00316257223,1.27931582,2.90545946,8.98276732,0,5.76943169,7.45939538,7.39952912
0.00316757223,1.30328443,2.90534945,8.98276732,0,5.79333583,7.45939535,7.39952916
0.00317257223,1.32596686,2.90523944,8.98276732,0,5.81595263,7.45939537,7.3995292
0.00317757223,1.34734072,2.90512938,8.98276732,0,5.83725976,7.45939534,7.39952918
0.00318257223,1.36738492,2.90501936,8.98276732,0,5.8572362,7.45939535,7.39952921
0.00318757223,1.38607968,2.9049093,8.98276732,0,5.87586223,7.45939533,7.39952918
0.00319257223,1.40340654,2.90479929,8.98276732,0,5.89311947,7.45939534,7.39952921
0.00319757223,1.41934841,2.90468924,8.98276732,0,5.90899089,7.45939532,7.39952918
0.00320257223,1.43388955,2.90457923,8.98276732,0,5.92346083,7.45939533,7.3995292
0.00320757223,1.44701562,2.90446919,8.98276732,0,5.93651501,7.4593953,7.39952918
0.00321257223,1.45871365,2.9043592,8.98276732,0,5.94814054,7.45939531,7.3995292
0.00321757223,1.46897212,2.90424916,8.98276732,0,5.95832596,7.45939529,7.39952917
0.00322257223,1.47778088,2.90413917,8.98276732,0,5.9670612,7.4593953,7.39952919
0.00322757223,1.48513126,2.90402915,8.98276732,0,5.97433765,7.45939528,7.39952917
0.00323257223,1.49101598,2.90391917,8.98276732,0,5.98014814,7.45939529,7.39952919
0.00323757223,1.49542926,2.90380915,8.98276732,0,5.98448691,7.45939527,7.39952917
0.00324257223,1.49836673,2.90369918,8.98276732,0,5.9873497,7.45939527,7.39952919
0.00324757223,1.49982549,2.90358917,8.98276732,0,5.98873368,7.45939526,7.39952917
0.00325257223,1.4998041,2.90347921,8.98276732,0,5.98863749,7.45939526,7.39952918
0.00325757223,1.49830259,2.90336921,8.98276733,0,5.9870612,7.45939524,7.39952916
0.00326257223,1.49532243,2.90325925,8.98276733,0,5.9840064,7.45939525,7.39952918
0.00326757223,1.49086658,2.90314926,8.98276733,0,5.97947608,7.45939523,7.39952916
0.00327257223,1.48493941,2.90303931,8.98276733,0,5.97347472,7.45939524,7.39952918
0.00327757223,1.47754679,2.90292933,8.98276733,0,5.96600824,7.45939522,7.39952916
0.00328257223,1.46869601,2.90281939,8.98276733,0,5.95708402,7.45939522,7.39952917
0.00328757223,1.45839581,2.90270942,8.98276733,0,5.94671085,7.45939521,7.39952916
0.00329257223,1.44665634,2.90259948,8.98276733,0,5.93489898,7.45939521,7.39952917
0.00329757223,1.4334892,2.90248952,8.98276733,0,5.92166006,7.45939519,7.39952915
0.00330257223,1.41890738,2.90237959,8.98276733,0,5.90700715,7.4593952,7.39952917
0.00330757223,1.40292527,2.90226964,8.98276733,0,5.89095473,7.45939518,7.39952915
0.00331257223,1.38555864,2.90215972,8.98276733,0,5.87351863,7.45939518,7.39952916
0.00331757223,1.36682463,2.90204978,8.98276733,0,5.85471605,7.45939517,7.39952915
0.00332257223,1.34674173,2.90193987,8.98276733,0,5.83456556,7.45939517,7.39952916
0.00332757223,1.32532976,2.90182993,8.98276733,0,5.81308704,7.45939516,7.39952914
0.00333257223,1.30260984,2.90172003,8.98276733,0,5.79030169,7.45939516,7.39952916
0.00333757223,1.27860441,2.9016101,8.98276733,0,5.766232,7.45939514,7.39952914
0.00334257223,1.25333715,2.9015002,8.98276733,0,5.74090171,7.45939515,7.39952915
0.00334757223,1.226833,2.90139029,8.98276733,0,5.71433582,7.45939513,7.39952914
0.00335257223,1.19911812,2.9012804,8.98276733,0,5.68656056,7.45939513,7.39952915
0.00335757223,1.17021984,2.90117049,8.98276733,0,5.65760334,7.45939512,7.39952914
0.00336257223,1.14016671,2.90106061,8.98276734,0,5.62749273,7.45939512,7.39952915
0.00336757223,1.10898836,2.90094956,8.98276715,0,5.59625845,7.45938126,7.39952798
0.00337257223,1.07671558,2.90082915,8.98276578,0,5.56393132,7.45927782,7.39951746
0.00337757223,1.04338021,2.90068306,8.98276235,0,5.53054324,7.45902771,7.39948124
0.00338257223,1.00901515,2.90049814,8.98275693,0,5.49612717,7.45863354,7.3994062
0.00338757223,0.97365431,2.9002692,8.98274954,0,5.46071708,7.45808987,7.39928712
0.00339257223,0.937332593,2.89999369,8.98274021,0,5.4243479,7.45739058,7.39912146
0.00339757223,0.900085843,2.89966865,8.98272899,0,5.38705552,7.45652681,7.39890627
0.00340257223,0.861950816,2.89929065,8.98271592,0,5.34887677,7.45548695,7.39863809
0.00340757223,0.822965149,2.89885499,8.98270105,0,5.3098493,7.45425589,7.39831225
0.00341257223,0.783167313,2.89835566,8.98268446,0,5.27001163,7.45281402,7.39792271
0.00341757223,0.742596587,2.89778463,8.9826662,0,5.22940309,7.45113585,7.39746145
0.00342257223,0.701293007,2.89713132,8.98264637,0,5.18806374,7.44918786,7.39691789
0.00342757223,0.659297335,2.89638143,8.98262503,0,5.14603439,7.44692523,7.39627773
0.00343257223,0.616651017,2.89551543,8.98260227,0,5.10335651,7.44428663,7.39552143
0.00343757223,0.573396139,2.89450569,8.98257819,0,5.06007223,7.44118553,7.39462135
0.00344257223,0.529575388,2.89331182,8.98255286,0,5.01622424,7.43749478,7.39353709
0.00344757223,0.48523201,2.89187168,8.98252638,0,4.97185584,7.4330173,7.39220652
0.00345257223,0.440409766,2.89008331,8.98249883,0,4.92701081,7.42742448,7.39052766
0.00345757223,0.395152891,2.8877628,8.98247025,0,4.88173339,7.42010843,7.38831658
0.00346257223,0.349506048,2.88452837,8.98244064,0,4.83606829,7.40975285,7.38519147
0.00346757223,0.303514285,2.87920161,8.98240983,0,4.79006056,7.391629,7.37997388
0.00347005879,0.280527683,2.87475575,8.98239397,0,4.76706687,7.3742907,7.37558221
0.00347142762,0.26784418,2.87099638,8.98238507,0,4.75437971,7.35619312,7.37185263
0.00347211485,0.261468774,2.86835121,8.98238059,0,4.74800254,7.33964487,7.3692224
0.00347247208,0.258152892,2.86660713,8.9823783,0,4.74468575,7.3255755,7.36748608
0.00347278338,0.255262256,2.86473583,8.98237638,0,4.74179434,7.30605519,7.36562154
0.00347305474,0.252741647,2.86266795,8.98237483,0,4.73927306,7.27770943,7.36355955
0.00347335871,0.249917298,2.85950068,8.98237333,0,4.73644797,7.23107694,7.36039887
0.00347357002,0.247953402,2.85645843,8.98237238,0,4.73448356,7.19735467,7.35736119
0.00347375406,0.246242556,2.85298973,8.98237153,0,4.73277228,7.17045373,7.35389647
0.00347394679,0.244450575,2.84829479,8.98237057,0,4.73097984,7.14462491,7.34920569
0.00347415923,0.242474869,2.84155949,8.98236942,0,4.72900363,7.11826992,7.34247497
0.00347437812,0.240438844,2.83232867,8.98236821,0,4.72696709,7.09272184,7.33324885
0.00347460506,0.23832736,2.82011913,8.98236702,0,4.72485508,7.06737242,7.32104418
0.00347485864,0.235967444,2.80387765,8.98236594,0,4.72249458,7.03991167,7.3048081
0.00347497709,0.234864947,2.79606804,8.98236555,0,4.72139181,7.02730409,7.297001
0.00347509504,0.233766976,2.78848019,8.98236524,0,4.72029358,7.01484203,7.28941564
0.0034752289,0.23252066,2.78004585,8.98236498,0,4.71904696,7.00078563,7.28098412
0.00347540792,0.230853735,2.76885942,8.98236473,0,4.71737963,6.98209697,7.26980146
0.00347558544,0.229200382,2.75770596,8.98236457,0,4.71572588,6.96365409,7.25865171
0.00347577989,0.227389106,2.74529062,8.98236445,0,4.71391418,6.94352389,7.24624043
0.00347602205,0.225132943,2.72950872,8.98236437,0,4.71165748,6.91852225,7.23046355
0.00347638134,0.221784471,2.70538229,8.98236431,0,4.70830823,6.88150657,7.20634452
0.00347683136,0.217588886,2.67395307,8.98236428,0,4.70411169,6.83520926,7.17492447
0.00347731199,0.213105997,2.63892972,8.98236427,0,4.6996278,6.78578953,7.13991079
0.00347799468,0.206735138,2.58684283,8.98236427,0,4.69325556,6.71559136,7.08783741
0.00347903643,0.197006155,2.50279861,8.98236427,0,4.68352455,6.60842569,7.00381328
0.00348111994,0.177523283,2.32207899,8.98236427,0,4.66403793,6.39388337,6.82313174
0.00348439651,0.146823938,2.01523241,8.98236427,0,4.63333351,6.05593753,6.51633898
0.00348798362,0.113144172,1.66110785,8.98236427,0,4.59964934,5.68528361,6.16226438
0.00349298362,0.0661064312,1.15343766,8.98236427,0,4.55260748,5.16773836,5.6546475
0.00349798362,0.0190034509,0.638683894,8.98236427,0,4.50550274,4.64956565,5.13992767
0.00350298362,-0.0281182835,0.121519115,8.98236427,0,4.45838159,4.13127127,4.62277729
0.00350798362,-0.0752122685,-0.396286083,8.98236427,0,4.41129056,3.613355,4.10496689
0.00351298362,-0.122232028,-0.913832344,8.98236427,0,4.3642761,3.09633103,3.58739581
0.00351798362,-0.169131159,-1.43049673,8.98236427,0,4.31738461,2.58070618,3.07068703
0.00352298362,-0.215863379,-1.94572921,8.98236427,0,4.27066238,2.06699116,2.55539061
0.0035249533,-0.234216987,-2.14820268,8.98236427,0,4.25231335,1.86526989,2.35288659
0.00352621731,-0.245976304,-2.27763317,8.98236427,0,4.24055715,1.73896085,2.22343491
0.00352684781,-0.251836275,-2.34104473,8.98236427,0,4.2346988,1.69173101,2.16001232
0.00352752179,-0.258095967,-2.40540859,8.98236427,0,4.22844087,1.66171842,2.09563634
0.00352818037,-0.264208146,-2.463234,8.98236427,0,4.22233046,1.64340959,2.03779878
0.00352889003,-0.270789328,-2.51940418,8.98236427,0,4.21575123,1.6298372,1.98161521
0.00352999602,-0.281035169,-2.59483995,8.98236427,0,4.20550852,1.61518033,1.90615802
0.00353157732,-0.295660526,-2.68044337,8.98236427,0,4.19088783,1.60132275,1.82052299
0.00353309649,-0.309683798,-2.74242359,8.98236426,0,4.17686927,1.59208823,1.75851157
0.00353398376,-0.317861042,-2.77103086,8.98236426,0,4.16869487,1.58779439,1.72988577
0.00353519209,-0.328981433,-2.80275067,8.98236426,0,4.15757848,1.58284216,1.69814045
0.00353623421,-0.33855689,-2.82406175,8.98236426,0,4.14800657,1.57919218,1.67680716
0.00353727331,-0.348090201,-2.84085024,8.98236426,0,4.1384769,1.57598984,1.65999638
0.00353912479,-0.36503973,-2.86219731,8.98236426,0,4.1215341,1.5711022,1.6386093
0.0035407516,-0.379891718,-2.87471676,8.98236426,0,4.10668829,1.56745764,1.6260545
0.00354244165,-0.395279082,-2.88367061,8.98236426,0,4.0913076,1.56415428,1.61706379
0.00354537489,-0.421878494,-2.89352667,8.98236426,0,4.06472038,1.55929068,1.60714355
0.00354878611,-0.452631447,-2.90003645,8.98236426,0,4.03398258,1.55463731,1.6005589
0.00355358981,-0.495582104,-2.90499371,8.98236426,0,3.99105503,1.54933919,1.59549602
0.00355705508,-0.526287645,-2.90713748,8.98236426,0,3.96036743,1.54616089,1.59327596
0.00356052759,-0.556807025,-2.90863135,8.98236426,0,3.9298671,1.54340123,1.59170559
0.00356432297,-0.589860413,-2.90991267,8.98236426,0,3.89683573,1.54075882,1.59034062
0.00356853427,-0.626142589,-2.91101926,8.98236426,0,3.86057944,1.53820161,1.58914117
0.00357256428,-0.660452775,-2.9118739,8.98236426,0,3.82629545,1.53606087,1.58819765
0.00357653663,-0.693857708,-2.91257228,8.98236426,0,3.79291768,1.53419686,1.58741163
0.00358153663,-0.735287643,-2.91329883,8.98236426,0,3.75152381,1.53214567,1.58657474
0.00358653663,-0.775991938,-2.91388934,8.98236426,0,3.71085763,1.5303789,1.58587386
0.00359153663,-0.815930423,-2.91437108,8.98236426,0,3.67095926,1.5288589,1.58528174
0.00359653663,-0.855063683,-2.91476214,8.98236426,0,3.6318681,1.52755687,1.58478028
0.00360153663,-0.893353098,-2.91507615,8.98236426,0,3.59362271,1.52645114,1.58435586
0.00360653663,-0.930760881,-2.91532262,8.98236426,0,3.55626085,1.525525,1.58399896
0.00361153663,-0.967250116,-2.9155093,8.98236426,0,3.51981937,1.52476554,1.58370185
0.00361653663,-1.00278479,-2.91564147,8.98236426,0,3.48433425,1.52416295,1.58345924
0.00362153663,-1.03732984,-2.91572369,8.98236425,0,3.44984051,1.52370994,1.58326658
0.00362653663,-1.07085117,-2.91575879,8.98236425,0,3.41637218,1.5234014,1.58312104
0.00363153663,-1.1033157,-2.91574928,8.98236425,0,3.3839623,1.52323418,1.5830201
0.00363653663,-1.13469139,-2.91569759,8.98236425,0,3.35264286,1.52318936,1.58296134
0.00364153663,-1.16494727,-2.91561279,8.98236425,0,3.32244475,1.52319017,1.58293571
0.00364653663,-1.19405349,-2.91551056,8.98236425,0,3.29339778,1.52318538,1.5829275
0.00365153663,-1.22198133,-2.91540341,8.98236425,0,3.26553062,1.52318206,1.58292421
0.00365653663,-1.24870322,-2.91529472,8.98236425,0,3.23887077,1.52317857,1.58292247
0.00366153663,-1.27419279,-2.91518558,8.98236425,0,3.21344455,1.5231753,1.58292118
0.00366653663,-1.29842488,-2.91507617,8.98236425,0,3.18927703,1.52317219,1.58292018
0.00367153663,-1.32137559,-2.91496677,8.98236425,0,3.16639208,1.52316923,1.58291915
0.00367653663,-1.34302226,-2.91485721,8.98236425,0,3.14481227,1.52316644,1.58291831
0.00368153663,-1.36334352,-2.91474771,8.98236425,0,3.12455891,1.52316382,1.5829174
0.00368653663,-1.38231933,-2.91463805,8.98236425,0,3.10565199,1.52316137,1.58291665
0.00369153663,-1.39993096,-2.91452845,8.98236425,0,3.08811015,1.52315909,1.58291585
0.00369653663,-1.41616103,-2.91441869,8.98236425,0,3.07195072,1.52315699,1.58291521
0.00370153663,-1.43099352,-2.914309,8.98236425,0,3.05718965,1.52315506,1.58291451
0.00370653663,-1.44441379,-2.91419915,8.98236424,0,3.04384149,1.52315331,1.58291397
0.00371153663,-1.45640859,-2.91408935,8.98236424,0,3.03191942,1.52315174,1.58291339
0.00371653663,-1.4669661,-2.9139794,8.98236424,0,3.02143521,1.52315036,1.58291296
0.00372153663,-1.47607589,-2.9138695,8.98236424,0,3.01239921,1.52314916,1.58291248
0.00372653663,-1.48372897,-2.91375945,8.98236424,0,3.00482033,1.52314814,1.58291216
0.00373153663,-1.48991779,-2.91364945,8.98236424,0,2.99870605,1.52314731,1.58291179
0.00373653663,-1.49463624,-2.9135393,8.98236424,0,2.99406241,1.52314666,1.58291158
0.00374153663,-1.49787966,-2.91342919,8.98236424,0,2.99089398,1.5231462,1.58291133
0.00374653663,-1.49964486,-2.91331894,8.98236424,0,2.98920391,1.52314593,1.58291123
0.00375153663,-1.49993009,-2.91320872,8.98236424,0,2.98899384,1.52314585,1.58291109
0.00375653663,-1.49873507,-2.91309836,8.98236424,0,2.990264,1.52314595,1.5829111
0.00376153663,-1.49606098,-2.91298804,8.98236424,0,2.99301313,1.52314624,1.58291108
0.00376653663,-1.49191045,-2.91287758,8.98236424,0,2.99723852,1.52314672,1.5829112
0.00377153663,-1.48628759,-2.91276715,8.98236424,0,3.00293599,1.52314739,1.5829113
0.00377653663,-1.47919795,-2.91265659,8.98236424,0,3.01009992,1.52314824,1.58291153
0.00378153663,-1.47064852,-2.91254606,8.98236424,0,3.01872325,1.52314927,1.58291174
0.00378653663,-1.46064773,-2.91243539,8.98236424,0,3.02879746,1.5231505,1.58291208
0.00379153663,-1.44920546,-2.91232475,8.98236424,0,3.04031261,1.5231519,1.5829124
0.00379653663,-1.436333,-2.91221399,8.98236423,0,3.05325734,1.52315349,1.58291286
0.00380153663,-1.42204305,-2.91210324,8.98236423,0,3.06761888,1.52315525,1.58291329
0.00380653663,-1.40634972,-2.91199238,8.98236423,0,3.08338304,1.5231572,1.58291385
0.00381153663,-1.38926849,-2.91188153,8.98236423,0,3.10053428,1.52315932,1.58291439
0.00381653663,-1.37081622,-2.91177057,8.98236423,0,3.11905566,1.52316162,1.58291506
0.00382153663,-1.35101112,-2.91165963,8.98236423,0,3.13892891,1.52316409,1.58291571
0.00382653663,-1.32987273,-2.91154857,8.98236423,0,3.16013442,1.52316673,1.58291648
0.00383153663,-1.30742192,-2.91143753,8.98236423,0,3.18265126,1.52316953,1.58291724
0.00383653663,-1.28368085,-2.91132638,8.98236423,0,3.20645721,1.5231725,1.58291811
0.00384153663,-1.25867293,-2.91121524,8.98236423,0,3.23152877,1.52317564,1.58291897
0.00384653663,-1.23242286,-2.911104,8.98236423,0,3.2578412,1.52317893,1.58291994
0.00385153663,-1.20495653,-2.91099278,8.98236423,0,3.28536854,1.52318238,1.58292089
0.00385653663,-1.17630106,-2.91088146,8.98236423,0,3.31408362,1.52318598,1.58292196
0.00386153663,-1.14648472,-2.91077015,8.98236423,0,3.3439581,1.52318973,1.58292301
0.00386653663,-1.11553694,-2.91065866,8.98236423,0,3.3749625,1.52319465,1.58292424
0.00387153663,-1.08348826,-2.91054294,8.98236423,0,3.40706621,1.523256,1.58292971
0.00387653663,-1.0503703,-2.91040972,8.98236423,0,3.44023757,1.52344674,1.58295268
0.00388153663,-1.01621576,-2.91024385,8.98236422,0,3.47444383,1.52378239,1.58300832
0.00388653663,-0.981058336,-2.91003717,8.98236422,0,3.50965124,1.52426298,1.58310476
0.00389153663,-0.944932725,-2.90978672,8.98236422,0,3.54582504,1.5248948,1.58324498
0.00389653663,-0.90787458,-2.90948969,8.98236422,0,3.58292955,1.52568541,1.58343181
0.00390153663,-0.869920472,-2.90914292,8.98236422,0,3.62092814,1.52664529,1.58366837
0.00390653663,-0.831107858,-2.90874213,8.98236422,0,3.65978331,1.52778803,1.58395897
0.00391153663,-0.79147504,-2.90828192,8.98236422,0,3.69945673,1.52913134,1.58430901
0.00391653663,-0.751061132,-2.90775494,8.98236422,0,3.73990922,1.53069814,1.58472584
0.00392153663,-0.709906018,-2.90715175,8.98236422,0,3.78110089,1.53251845,1.5852189
0.00392653663,-0.668050312,-2.9064595,8.98236422,0,3.82299106,1.53463207,1.58580105
0.00393153663,-0.625535321,-2.90566097,8.98236422,0,3.86553841,1.53709293,1.5864895
0.00393653663,-0.582403002,-2.90473196,8.98236422,0,3.90870094,1.53997603,1.58730846
0.00394153663,-0.538695921,-2.90363791,8.98236422,0,3.95243606,1.54338964,1.58829251
0.00394653663,-0.494457213,-2.90232659,8.98236422,0,3.99670061,1.54749762,1.58949386
0.00395153663,-0.449730536,-2.90071505,8.98236422,0,4.04145089,1.55256438,1.59099549
0.00395653663,-0.404560028,-2.89865971,8.98236422,0,4.08664276,1.55905659,1.592941
0.00396153663,-0.358990269,-2.89588156,8.98236422,0,4.13223161,1.56791381,1.59560941
0.00396653663,-0.313066229,-2.89164456,8.98236422,0,4.17817245,1.58194318,1.59973679
0.00397097211,-0.272067184,-2.88464951,8.98236421,0,4.21918447,1.60716196,1.60663479
0.00397264282,-0.256567569,-2.87986524,8.98236421,0,4.2346885,1.63043166,1.61138259
0.00397343546,-0.249204058,-2.87636426,8.98236421,0,4.24205401,1.65531456,1.61486629
0.00397378418,-0.245962499,-2.87426172,8.98236421,0,4.24529644,1.67691126,1.61696123
0.00397406411,-0.243359552,-2.87208529,8.98236421,0,4.24790007,1.70694269,1.61913156
0.00397435962,-0.240610881,-2.86893498,8.98236421,0,4.25064945,1.7529247,1.62227544
0.00397456777,-0.238674309,-2.86589055,8.98236421,0,4.25258652,1.78616556,1.62531535
0.00397474593,-0.237016454,-2.86246791,8.98236421,0,4.2542448,1.81222461,1.62873413
0.00397493222,-0.235282647,-2.85789493,8.98236421,0,4.25597905,1.83726617,1.63330307
0.00397514958,-0.233259149,-2.85095563,8.98236421,0,4.25800306,1.86431312,1.64023767
0.00397536352,-0.231267151,-2.84186514,8.98236421,0,4.25999555,1.8893362,1.64932355
0.00397558665,-0.229189125,-2.82985823,8.98236421,0,4.26207409,1.91431986,1.66132567
0.00397581922,-0.227022741,-2.81507098,8.98236421,0,4.264241,1.93958052,1.67610795
0.00397593714,-0.225924088,-2.80732025,8.98236421,0,4.26533993,1.95217475,1.68385616
0.00397605486,-0.224827201,-2.79974291,8.98236421,0,4.26643708,1.96464893,1.691431
0.00397619031,-0.223564937,-2.79121045,8.98236421,0,4.26769965,1.97890668,1.69996059
0.00397635257,-0.222052629,-2.78109808,8.98236421,0,4.26921231,1.99588455,1.71006954
0.00397650897,-0.220594759,-2.77131294,8.98236421,0,4.27067053,2.01217019,1.71985139
0.00397670172,-0.218797712,-2.75907527,8.98236421,0,4.272468,2.03216713,1.73208502
0.00397692447,-0.216720572,-2.74467147,8.98236421,0,4.27454562,2.05520635,1.74648417
0.00397725811,-0.213608591,-2.72248046,8.98236421,0,4.27765832,2.08963164,1.76866828
0.00397762619,-0.210174321,-2.69714626,8.98236421,0,4.28109337,2.12754713,1.79399492
0.00397813955,-0.205382701,-2.66029387,8.98236421,0,4.28588606,2.18038623,1.83083689
0.00397866895,-0.200439089,-2.62060303,8.98236421,0,4.29083074,2.23486578,1.87051714
0.00397972775,-0.190545265,-2.53671179,8.98236421,0,4.30072664,2.3438572,1.9543877
0.00398095128,-0.179101634,-2.43354396,8.98236421,0,4.31217253,2.46988638,2.0575325
0.00398339835,-0.156183296,-2.21296019,8.98236421,0,4.33509496,2.72221971,2.27807319
0.00398719752,-0.120530413,-1.84698039,8.98236421,0,4.3707531,3.11463936,2.64399457
0.00399141665,-0.0808569374,-1.4230025,8.98236421,0,4.41043081,3.55120139,3.0679202
0.00399641665,-0.0337694035,-0.91077745,8.98236421,0,4.4575212,4.06924308,3.58010105
0.00400141665,0.0133514568,-0.394412565,8.98236421,0,4.50464256,4.58756862,4.09644121
0.00400641665,0.0604591408,0.123211064,8.98236421,0,4.55174839,5.10566929,4.61405971
0.00401141665,0.107507159,0.640893263,8.98236421,0,4.5987922,5.62304071,5.13175638
0.00401641665,0.15444908,1.15788369,8.98236421,0,4.64572756,6.13917044,5.64878088
0.00402141665,0.201238579,1.67362845,8.98236421,0,4.69250816,6.65355124,6.16457926
0.00402641665,0.24782948,2.18754195,8.98236422,0,4.73908783,7.16557021,6.67856588
0.00402789522,0.261562206,2.33640898,8.98236473,0,4.75281679,7.29539161,6.82745826
0.00402876516,0.269631708,2.41815943,8.98236611,0,4.76088398,7.32873699,6.90922437
0.00402960441,0.277408788,2.48830345,8.98236852,0,4.76865876,7.34786409,6.97938399
0.00403056015,0.286255972,2.55746454,8.98237207,0,4.77750325,7.36218317,7.04856335
0.00403166433,0.296464398,2.62448552,8.98237691,0,4.78770846,7.37381613,7.115606
0.00403314129,0.310096881,2.69590711,8.98238406,0,4.80133646,7.38483178,7.18705736
0.00403458451,0.323392151,2.7491996,8.98239151,0,4.81462716,7.39272663,7.24037961
0.00403543168,0.331184114,2.77405195,8.98239606,0,4.82241635,7.39651718,7.26524969
0.00403645319,0.340567199,2.79887263,8.98240176,0,4.831796,7.40048815,7.29009193
0.00403766207,0.351653139,2.82176003,8.9824089,0,4.84287776,7.40454211,7.31300507
0.00403881421,0.362199887,2.83832728,8.98241617,0,4.85342039,7.40790545,7.32959702
0.00404065593,0.379019465,2.85698752,8.98242858,0,4.87023315,7.41252172,7.34829699
0.00404236865,0.394615411,2.86854704,8.98244061,0,4.88582247,7.41618192,7.35989366
0.00404425956,0.411780743,2.87715988,8.9824539,0,4.90298018,7.41969211,7.36854765
0.00404758921,0.441864066,2.88643395,8.98247645,0,4.93304929,7.4248775,7.37789441
0.00405258921,0.486671536,2.89353581,8.98250774,0,4.97783355,7.43102969,7.38510575
0.00405758921,0.53099872,2.8970744,8.98253634,0,5.0221353,7.4358804,7.388754
0.00406258921,0.574801873,2.89926417,8.98256307,0,5.06591082,7.43985522,7.39105355
0.00406758921,0.618037765,2.90076341,8.9825883,0,5.1091169,7.44315542,7.39266264
0.00407258921,0.660663729,2.90191895,8.98261209,0,5.15171092,7.44595365,7.39392808
0.00407758921,0.702637697,2.90283066,8.98263442,0,5.19365082,7.44834926,7.39494972
0.00408258921,0.743918247,2.903571,8.98265523,0,5.23489523,7.45041049,7.39580004
0.00408758921,0.784464639,2.90417528,8.98267446,0,5.27540344,7.45218707,7.39651431
0.00409258921,0.824236859,2.90467082,8.98269204,0,5.31513547,7.45371624,7.39711986
0.00409758921,0.863195657,2.90507447,8.98270791,0,5.35405212,7.45502602,7.39763355
0.00410258921,0.901302586,2.90539988,8.982722,0,5.39211497,7.45613807,7.39806901
0.00410758921,0.938520037,2.90565619,8.98273427,0,5.42928646,7.45706893,7.39843538
0.00411258921,0.974811282,2.90585116,8.98274465,0,5.46552992,7.45783153,7.39874042
0.00411758921,1.01014051,2.90598991,8.98275311,0,5.50080957,7.45843557,7.39898923
0.00412258921,1.04447284,2.90607701,8.98275961,0,5.53509059,7.45888839,7.39918641
0.00412758921,1.07777441,2.90611518,8.98276411,0,5.56833916,7.45919505,7.39933466
0.00413258921,1.11001235,2.90610699,8.98276661,0,5.60052246,7.4593588,7.39943655
0.00413758921,1.14115484,2.906055,8.98276732,0,5.63160873,7.45939932,7.39949464
0.00414258921,1.17117114,2.90596934,8.98276729,0,5.6615673,7.45939452,7.39951905
0.00414758921,1.20003164,2.9058663,8.98276731,0,5.69036859,7.4593956,7.39952609
0.00415258921,1.22770786,2.9057584,8.98276731,0,5.71798419,7.45939534,7.39952825
0.00415758921,1.25417247,2.90564897,8.98276731,0,5.74438684,7.45939538,7.39952889
0.00416258921,1.27939937,2.90553916,8.98276732,0,5.76955049,7.45939538,7.39952915
0.00416758921,1.30336366,2.9054291,8.98276732,0,5.79345029,7.45939536,7.39952914
0.00417258921,1.32604168,2.90531914,8.98276732,0,5.81606268,7.45939537,7.39952923
0.00417758921,1.34741106,2.90520902,8.98276732,0,5.83736532,7.45939534,7.39952916
0.00418258921,1.36745071,2.90509905,8.98276732,0,5.8573372,7.45939536,7.39952923
0.00418758921,1.38614085,2.90498894,8.98276732,0,5.87595861,7.45939533,7.39952916
0.00419258921,1.40346303,2.90487897,8.98276732,0,5.89321117,7.45939534,7.39952923
0.00419758921,1.41940017,2.90476887,8.98276732,0,5.90907786,7.45939532,7.39952916
0.00420258921,1.43393653,2.90465891,8.98276732,0,5.92354301,7.45939533,7.39952923
0.00420758921,1.44705777,2.90454882,8.98276732,0,5.93659235,7.45939531,7.39952916
0.00421258921,1.45875094,2.90443886,8.98276732,0,5.94821301,7.45939532,7.39952922
0.00421758921,1.46900449,2.90432878,8.98276732,0,5.95839351,7.45939529,7.39952915
0.00422258921,1.47780832,2.90421883,8.98276732,0,5.96712381,7.45939531,7.39952922
0.00422758921,1.48515373,2.90410876,8.98276732,0,5.9743953,7.45939528,7.39952915
0.00423258921,1.49103347,2.90399882,8.98276732,0,5.98020079,7.45939529,7.39952921
0.00423758921,1.49544174,2.90388876,8.98276732,0,5.98453456,7.45939527,7.39952915
0.00424258921,1.49837418,2.90377882,8.98276732,0,5.98739233,7.45939528,7.39952921
0.00424758921,1.49982792,2.90366878,8.98276732,0,5.98877128,7.45939526,7.39952915
0.00425258921,1.49980151,2.90355885,8.98276732,0,5.98867005,7.45939527,7.3995292
0.00425758921,1.49829497,2.90344881,8.98276732,0,5.98708874,7.45939525,7.39952915
0.00426258921,1.4953098,2.90333888,8.98276733,0,5.98402891,7.45939525,7.3995292
0.00426758921,1.49084893,2.90322886,8.98276733,0,5.97949359,7.45939523,7.39952914
0.00427258921,1.48491678,2.90311894,8.98276733,0,5.97348724,7.45939524,7.39952919
0.00427758921,1.4775192,2.90300892,8.98276733,0,5.96601579,7.45939522,7.39952914
0.00428258921,1.46866348,2.90289901,8.98276733,0,5.95708663,7.45939523,7.39952919
0.00428758921,1.45835837,2.902789,8.98276733,0,5.94670855,7.45939521,7.39952914
0.00429258921,1.44661403,2.9026791,8.98276733,0,5.93489181,7.45939521,7.39952919
0.00429758921,1.43344206,2.9025691,8.98276733,0,5.92164806,7.4593952,7.39952914
0.00430258921,1.41885546,2.9024592,8.98276733,0,5.90699038,7.4593952,7.39952918
0.00430758921,1.40286862,2.90234921,8.98276733,0,5.89093323,7.45939518,7.39952914
0.00431258921,1.38549731,2.90223932,8.98276733,0,5.87349245,7.45939519,7.39952918
0.00431758921,1.36675869,2.90212935,8.98276733,0,5.85468526,7.45939517,7.39952913
0.00432258921,1.34667124,2.90201946,8.98276733,0,5.83453023,7.45939518,7.39952917
0.00432758921,1.32525479,2.90190949,8.98276733,0,5.81304723,7.45939516,7.39952913
0.00433258921,1.30253048,2.90179961,8.98276733,0,5.79025748,7.45939516,7.39952917
0.00433758921,1.27852072,2.90168966,8.98276733,0,5.76618345,7.45939515,7.39952913
0.00434258921,1.25324922,2.90157978,8.98276733,0,5.74084892,7.45939515,7.39952917
0.00434758921,1.22674091,2.90146984,8.98276733,0,5.71427888,7.45939513,7.39952913
0.00435258921,1.19902196,2.90135997,8.98276733,0,5.68649956,7.45939514,7.39952916
0.00435758921,1.17011971,2.90125004,8.98276733,0,5.65753837,7.45939512,7.39952912
0.00436258921,1.1400627,2.90114018,8.98276733,0,5.62742389,7.45939512,7.39952916
0.00436758921,1.10888059,2.90102909,8.98276715,0,5.59618584,7.4593812,7.39952797
0.00437258921,1.07660414,2.90090868,8.98276577,0,5.56385505,7.45927758,7.39951744
0.00437758921,1.04326522,2.90076252,8.98276234,0,5.53046342,7.45902725,7.39948115
0.00438258921,1.00889672,2.90057756,8.98275692,0,5.49604392,7.45863283,7.39940607
0.00438758921,0.973532557,2.90034851,8.98274953,0,5.4606305,7.45808889,7.39928689
0.00439258921,0.937207637,2.90007294,8.9827402,0,5.42425812,7.45738932,7.39912117
0.00439758921,0.899957807,2.89974779,8.98272897,0,5.38696267,7.45652523,7.39890586
0.00440258921,0.861819828,2.89936969,8.98271589,0,5.34878097,7.45548503,7.3986376
0.00440758921,0.822831336,2.8989339,8.98270102,0,5.30975068,7.45425357,7.39831163
0.00441258921,0.783030809,2.89843446,8.98268443,0,5.26991032,7.45281127,7.39792199
0.00441758921,0.742457525,2.89786325,8.98266617,0,5.22929923,7.4511326,7.39746056
0.00442258921,0.701151525,2.89720978,8.98264633,0,5.18795747,7.44918403,7.39691684
0.00442758921,0.659153574,2.89645966,8.98262499,0,5.14592584,7.4469207,7.39627645
0.00443258921,0.616505117,2.89559343,8.98260223,0,5.10324583,7.44428128,7.39551992
0.00443758921,0.573248244,2.89458334,8.98257814,0,5.05995955,7.44117913,7.39461949
0.00444258921,0.529425644,2.89338907,8.98255281,0,5.01610973,7.43748703,7.39353483
0.00444758921,0.485080566,2.89194833,8.98252633,0,4.97173963,7.43300769,7.39220366
0.00445258921,0.440256771,2.89015914,8.98249877,0,4.92689305,7.42741215,7.39052399
0.00445758921,0.394998496,2.88783725,8.98247019,0,4.88161424,7.42009169,7.38831154
0.00446258921,0.349350405,2.88460037,8.98244058,0,4.83594789,7.40972772,7.38518398
0.00446758921,0.303357547,2.87926694,8.98240977,0,4.78993907,7.39157803,7.37995971
0.00447006097,0.280507533,2.87484761,8.982394,0,4.76708201,7.37433705,7.37559425
0.00447142634,0.267856013,2.871106,8.98238512,0,4.75442685,7.35634425,7.37188236
0.00447211541,0.261463553,2.868462,8.98238063,0,4.74803261,7.33984884,7.36925334
0.00447247416,0.258133572,2.86671588,8.98237833,0,4.74470173,7.32581398,7.36751502
0.00447278697,0.255228867,2.86484089,8.9823764,0,4.74179624,7.306328,7.36564682
0.00447305752,0.252715864,2.86278676,8.98237485,0,4.73928257,7.27825895,7.36359856
0.00447335946,0.249910373,2.85966098,8.98237336,0,4.73647634,7.23210096,7.36047933
0.00447357255,0.247929872,2.85661479,8.9823724,0,4.73449533,7.19803614,7.35743775
0.00447375684,0.246216661,2.85316196,8.98237155,0,4.73278167,7.17104084,7.3539889
0.00447394968,0.244423643,2.84849064,8.98237059,0,4.73098819,7.14515101,7.34932175
0.00447416096,0.242458781,2.84183271,8.98236945,0,4.72902283,7.11890057,7.34266837
0.00447437983,0.24042295,2.83266341,8.98236824,0,4.72698649,7.09332276,7.33350378
0.00447460681,0.238311093,2.82051512,8.98236705,0,4.72487411,7.06794707,7.32136034
0.00447487314,0.235832543,2.8034643,8.98236591,0,4.72239494,7.03910523,7.3043152
0.00447499214,0.234724903,2.79562472,8.98236552,0,4.72128703,7.02644644,7.29647815
0.00447510983,0.233629231,2.78806735,8.98236522,0,4.72019109,7.01401661,7.28892326
0.004475243,0.232389431,2.77968507,8.98236496,0,4.71895099,7.00003882,7.28054379
0.00447544304,0.230526609,2.76717104,8.9823647,0,4.71708772,6.97916533,7.26803397
0.00447563803,0.228710579,2.75489647,8.98236454,0,4.71527126,6.95892484,7.25576347
0.00447583925,0.226836136,2.74199257,8.98236443,0,4.71339637,6.9381091,7.24286376
0.0044760832,0.224563092,2.72600961,8.98236436,0,4.71112279,6.91293479,7.22688585
0.00447644751,0.221167633,2.70140742,8.9823643,0,4.70772655,6.87541267,7.20229115
0.0044768889,0.217052334,2.67041876,8.98236428,0,4.70361031,6.83000879,7.17131147
0.00447737754,0.212494464,2.63464476,8.98236427,0,4.69905143,6.77976578,7.13554729
0.0044781244,0.205524098,2.57729305,8.98236427,0,4.69207956,6.70296529,7.07821033
0.00447918919,0.195578811,2.4907277,8.98236427,0,4.68213221,6.59342083,6.99166543
0.00448131877,0.17566242,2.30481458,8.98236427,0,4.66221202,6.37411021,6.80579099
0.00448454786,0.145404264,2.00127763,8.98236427,0,4.63194891,6.04102669,6.5023067
0.0044881185,0.111876485,1.64830943,8.98236427,0,4.5984168,5.67204862,6.14938787
0.0044931185,0.0648363743,1.14038306,8.98236427,0,4.55137263,5.1544799,5.64151431
0.0044981185,0.0177322778,0.625539414,8.98236427,0,4.50426683,4.63629701,5.12670411
0.0045031185,-0.0293893183,0.108345266,8.98236427,0,4.45714589,4.11800602,4.60952386
0.0045081185,-0.0764819107,-0.409461716,8.98236427,0,4.41005631,3.60010691,4.09171118
0.0045131185,-0.123499025,-0.926991359,8.98236427,0,4.36304455,3.08311385,3.57415622
0.0045181185,-0.17039426,-1.4436244,8.98236427,0,4.31615702,2.56753366,3.05747829
0.0045231185,-0.217121337,-1.95881103,8.98236427,0,4.26943999,2.053877,2.54222721
0.00452508075,-0.235403345,-2.16049703,8.98236427,0,4.25116257,1.85295565,2.3405106
0.00452634001,-0.247117007,-2.28926581,8.98236427,0,4.23945203,1.72859737,2.21172059
0.00452702221,-0.25345647,-2.35730545,8.98236427,0,4.23311433,1.68257712,2.14366895
0.0045276439,-0.259229593,-2.41579019,8.98236427,0,4.22734284,1.65794693,2.08517296
0.00452829899,-0.265308547,-2.4723801,8.98236427,0,4.22126565,1.64096673,2.02857092
0.00452899915,-0.271800803,-2.52686091,8.98236426,0,4.21477533,1.62820895,1.97407686
0.0045303734,-0.284528037,-2.6170383,8.98236426,0,4.20205201,1.611375,1.88387269
0.00453189292,-0.298575997,-2.69438412,8.98236426,0,4.18800859,1.59920307,1.8064963
0.00453315689,-0.31024072,-2.74411241,8.98236426,0,4.1763478,1.591809,1.75674196
0.00453406934,-0.318649267,-2.77319673,8.98236426,0,4.16794219,1.58744282,1.72763858
0.00453510035,-0.328137788,-2.80027135,8.98236426,0,4.15845708,1.58321418,1.70054219
0.00453617374,-0.338001645,-2.82270206,8.98236426,0,4.14859687,1.57941393,1.67808862
0.00453733824,-0.348685429,-2.84154638,8.98236426,0,4.13791717,1.57582233,1.65921932
0.004539003,-0.363926305,-2.86088483,8.98236426,0,4.12268234,1.57141409,1.6398449
0.00454078293,-0.380177371,-2.87475178,8.98236426,0,4.10643802,1.56740711,1.62593929
0.00454250668,-0.395870286,-2.88383851,8.98236426,0,4.09075192,1.56404846,1.61681495
0.00454515517,-0.419890872,-2.8928462,8.98236426,0,4.06674232,1.55963433,1.60774932
0.00454852956,-0.450325619,-2.89955591,8.98236426,0,4.03632249,1.55496647,1.60096557
0.00455352682,-0.495021781,-2.90487226,8.98236426,0,3.99165029,1.5494085,1.59553934
0.00455710838,-0.526757992,-2.90709359,8.98236426,0,3.95993262,1.54612046,1.59323917
0.00456045114,-0.556137892,-2.90851991,8.98236426,0,3.93057105,1.54346397,1.59173921
0.00456420446,-0.588833332,-2.90979635,8.98236426,0,3.89789735,1.54084121,1.59038005
0.00456843087,-0.625256904,-2.91091382,8.98236426,0,3.86149972,1.5382645,1.5891694
0.00457236943,-0.658803399,-2.91175509,8.98236426,0,3.82797878,1.53616222,1.58824125
0.00457624151,-0.691390582,-2.91244349,8.98236426,0,3.79541799,1.5343313,1.58746744
0.00458124151,-0.732862075,-2.9131793,8.98236426,0,3.75398243,1.53226143,1.58662129
0.00458624151,-0.773610322,-2.91377726,8.98236426,0,3.71327217,1.53047863,1.58591297
0.00459124151,-0.81359511,-2.91426492,8.98236426,0,3.67332739,1.52894463,1.58531493
0.00459624151,-0.852776977,-2.91466111,8.98236426,0,3.6341875,1.52763009,1.58480834
0.00460124151,-0.891117256,-2.9149794,8.98236426,0,3.59589113,1.52651302,1.58437964
0.00460624151,-0.92857811,-2.91522981,8.98236426,0,3.55847608,1.5255764,1.58401882
0.00461124151,-0.965122569,-2.91541986,8.98236426,0,3.52197928,1.52480716,1.58371834
0.00461624151,-1.00071457,-2.91555527,8.98236425,0,3.48643673,1.52419528,1.58347249
0.00462124151,-1.03531898,-2.91564036,8.98236425,0,3.45188351,1.52373336,1.58327697
0.00462624151,-1.06890167,-2.91567831,8.98236425,0,3.41835373,1.52341614,1.58312857
0.00463124151,-1.10142947,-2.91567141,8.98236425,0,3.38588048,1.52324037,1.58302503
0.00463624151,-1.1328703,-2.91562217,8.98236425,0,3.3544958,1.52319021,1.58296382
0.00464124151,-1.16319311,-2.91553888,8.98236425,0,3.32423066,1.52319023,1.58293668
0.00464624151,-1.192368,-2.91543735,8.98236425,0,3.29511494,1.52318563,1.58292777
0.00465124151,-1.22036617,-2.91533031,8.98236425,0,3.26717737,1.52318227,1.58292438
0.00465624151,-1.24715998,-2.91522174,8.98236425,0,3.24044552,1.52317877,1.58292252
0.00466124151,-1.27272299,-2.91511256,8.98236425,0,3.21494576,1.5231755,1.58292128
0.00466624151,-1.29702999,-2.91500322,8.98236425,0,3.19070328,1.52317237,1.58292021
0.00467124151,-1.32005696,-2.91489377,8.98236425,0,3.16774198,1.5231694,1.58291924
0.00467624151,-1.34178121,-2.91478427,8.98236425,0,3.14608454,1.52316661,1.58291833
0.00468124151,-1.36218127,-2.91467472,8.98236425,0,3.12575232,1.52316397,1.58291748
0.00468624151,-1.38123703,-2.91456512,8.98236425,0,3.10676539,1.52316151,1.58291667
0.00469124151,-1.39892967,-2.91445547,8.98236425,0,3.08914249,1.52315922,1.58291592
0.00469624151,-1.41524174,-2.91434578,8.98236425,0,3.072901,1.52315711,1.58291522
0.00470124151,-1.43015714,-2.91423603,8.98236425,0,3.05805697,1.52315517,1.58291458
0.00470624151,-1.44366114,-2.91412624,8.98236424,0,3.04462503,1.52315342,1.58291398
0.00471124151,-1.45574043,-2.9140164,8.98236424,0,3.03261845,1.52315184,1.58291344
0.00471624151,-1.46638307,-2.9139065,8.98236424,0,3.02204907,1.52315044,1.58291296
0.00472124151,-1.47557857,-2.91379656,8.98236424,0,3.01292733,1.52314923,1.58291253
0.00472624151,-1.48331785,-2.91368657,8.98236424,0,3.00526222,1.5231482,1.58291215
0.00473124151,-1.48959328,-2.91357652,8.98236424,0,2.99906131,1.52314736,1.58291184
0.00473624151,-1.49439866,-2.91346642,8.98236424,0,2.99433072,1.5231467,1.58291157
0.00474124151,-1.49772925,-2.91335627,8.98236424,0,2.99107512,1.52314623,1.58291137
0.00474624151,-1.49958176,-2.91324607,8.98236424,0,2.98929772,1.52314595,1.58291121
0.00475124151,-1.49995436,-2.91313582,8.98236424,0,2.98900029,1.52314585,1.58291112
0.00475624151,-1.49884669,-2.91302551,8.98236424,0,2.9901831,1.52314594,1.58291108
0.00476124151,-1.49625984,-2.91291515,8.98236424,0,2.99284499,1.52314622,1.5829111
0.00476624151,-1.49219636,-2.91280474,8.98236424,0,2.99698334,1.52314669,1.58291118
0.00477124151,-1.48666027,-2.91269428,8.98236424,0,3.00259406,1.52314735,1.58291131
0.00477624151,-1.47965702,-2.91258376,8.98236424,0,3.00967162,1.52314819,1.5829115
0.00478124151,-1.47119352,-2.91247319,8.98236424,0,3.01820903,1.52314921,1.58291174
0.00478624151,-1.46127814,-2.91236257,8.98236424,0,3.02819786,1.52315042,1.58291204
0.00479124151,-1.44992065,-2.9122519,8.98236423,0,3.03962827,1.52315182,1.5829124
0.00479624151,-1.43713226,-2.91214118,8.98236423,0,3.05248896,1.52315339,1.58291281
0.00480124151,-1.4229256,-2.91203041,8.98236423,0,3.06676725,1.52315515,1.58291328
0.00480624151,-1.40731469,-2.91191958,8.98236423,0,3.08244904,1.52315708,1.5829138
0.00481124151,-1.39031492,-2.91180871,8.98236423,0,3.09951886,1.52315919,1.58291438
0.00481624151,-1.37194308,-2.91169779,8.98236423,0,3.11795987,1.52316148,1.58291501
0.00482124151,-1.3522173,-2.91158682,8.98236423,0,3.13775386,1.52316394,1.58291569
0.00482624151,-1.33115704,-2.9114758,8.98236423,0,3.1588813,1.52316657,1.58291642
0.00483124151,-1.30878309,-2.91136473,8.98236423,0,3.18132134,1.52316937,1.58291721
0.00483624151,-1.28511753,-2.91125362,8.98236423,0,3.20505184,1.52317233,1.58291804
0.00484124151,-1.26018372,-2.91114246,8.98236423,0,3.23004937,1.52317545,1.58291893
0.00484624151,-1.23400625,-2.91103125,8.98236423,0,3.25628927,1.52317874,1.58291987
0.00485124151,-1.20661097,-2.91092001,8.98236423,0,3.28374564,1.52318217,1.58292085
0.00485624151,-1.17802491,-2.91080872,8.98236423,0,3.31239139,1.52318577,1.58292188
0.00486124151,-1.14827628,-2.91069738,8.98236423,0,3.34219824,1.52318951,1.58292296
0.00486624151,-1.11739445,-2.91058598,8.98236423,0,3.37313678,1.5231938,1.58292411
0.00487124151,-1.08540988,-2.91047072,8.98236423,0,3.40517648,1.52324974,1.58292913
0.00487624151,-1.05235414,-2.91033896,8.98236423,0,3.43828572,1.5234318,1.58295063
0.00488124151,-1.01825985,-2.91017526,8.98236422,0,3.47243182,1.52375938,1.5830041
0.00488624151,-0.983160666,-2.90997105,8.98236422,0,3.50758109,1.52423147,1.58309808
0.00489124151,-0.947091219,-2.90972316,8.98236422,0,3.54369884,1.52485443,1.58323575
0.00489624151,-0.910087108,-2.90942891,8.98236422,0,3.58074941,1.52563565,1.58341979
0.00490124151,-0.872184851,-2.90908508,8.98236422,0,3.61869626,1.52658546,1.58365342
0.00490624151,-0.833421853,-2.90868756,8.98236422,0,3.65750193,1.52771724,1.58394075
0.00491124151,-0.793836368,-2.90823093,8.98236422,0,3.69712813,1.52904843,1.58428722
0.00491624151,-0.753467462,-2.90770805,8.98236422,0,3.73753574,1.53060161,1.58469994
0.00492124151,-0.712354975,-2.90710954,8.98236422,0,3.77868489,1.53240634,1.58518832
0.00492624151,-0.670539479,-2.90642286,8.98236422,0,3.82053498,1.53450175,1.5857649
0.00493124151,-0.628062243,-2.90563101,8.98236422,0,3.8630447,1.5369408,1.58644667
0.00493624151,-0.584965184,-2.90471037,8.98236422,0,3.90617209,1.53979701,1.58725727
0.00494124151,-0.541290835,-2.90362701,8.98236422,0,3.94987461,1.54317627,1.58823062
0.00494624151,-0.497082298,-2.90233011,8.98236422,0,3.99410911,1.5472383,1.58941756
0.00495124151,-0.452383201,-2.90073896,8.98236422,0,4.03883195,1.55223981,1.5908988
0.00495624151,-0.407237655,-2.89871491,8.98236422,0,4.08399899,1.55863102,1.59281301
0.00496124151,-0.361690216,-2.89599049,8.98236422,0,4.12956565,1.56731014,1.59542769
0.00496624151,-0.315785832,-2.89187333,8.98236421,0,4.17548696,1.58090299,1.59943523
0.00497124151,-0.269569805,-2.88375612,8.98236421,0,4.22171762,1.61000756,1.60744305
0.00497290042,-0.254175171,-2.8785262,8.98236421,0,4.23711659,1.63680054,1.61263676
0.00497369465,-0.246794828,-2.87443045,8.98236421,0,4.24449892,1.67032003,1.61671521
0.00497405302,-0.243462665,-2.8717127,8.98236421,0,4.24783197,1.70582019,1.61942516
0.00497439116,-0.240317544,-2.8680023,8.98236421,0,4.2509779,1.75872757,1.62312821
0.00497460341,-0.238342678,-2.86471977,8.98236421,0,4.25295328,1.79226229,1.62640612
0.00497478417,-0.236660617,-2.86102179,8.98236421,0,4.25463577,1.81824125,1.63010018
0.00497497597,-0.234875426,-2.85599011,8.98236421,0,4.25642141,1.84358705,1.63512771
0.00497520294,-0.23276236,-2.84819596,8.98236421,0,4.25853501,1.87139424,1.64291696
0.00497541516,-0.230786299,-2.8384869,8.98236421,0,4.26051156,1.89591612,1.65262144
0.00497563655,-0.228724321,-2.82593292,8.98236421,0,4.26257405,1.92050694,1.66517068
0.00497577996,-0.227388484,-2.81676597,8.98236421,0,4.26391021,1.93606156,1.67433456
0.00497590172,-0.226254123,-2.80877635,8.98236421,0,4.26504485,1.9491056,1.68232159
0.00497602443,-0.225110718,-2.80086891,8.98236421,0,4.26618853,1.96213741,1.69022642
0.004976164,-0.223810101,-2.79208168,8.98236421,0,4.26748946,1.97685035,1.69901069
0.00497631688,-0.222385329,-2.78257504,8.98236421,0,4.26891457,1.99286455,1.7085141
0.00497647885,-0.220875514,-2.77246417,8.98236421,0,4.27042475,2.00974668,1.71862157
0.00497666902,-0.219102581,-2.76043035,8.98236421,0,4.2721981,2.029488,1.7306514
0.0049768909,-0.217033609,-2.74613061,8.98236421,0,4.27426755,2.05244715,1.74494652
0.00497721319,-0.214027623,-2.72478011,8.98236421,0,4.27727423,2.08571033,1.76629033
0.00497756503,-0.210745051,-2.70068774,8.98236421,0,4.28055755,2.12195898,1.79037547
0.00497809853,-0.205765598,-2.66256088,8.98236421,0,4.28553811,2.17687545,1.8284915
0.00497858594,-0.201214366,-2.62619439,8.98236421,0,4.29009034,2.22703301,1.86484822
0.00497956075,-0.192106284,-2.54954733,8.98236421,0,4.29920033,2.32737272,1.94147617
0.00498056524,-0.182713407,-2.46594,8.98236421,0,4.30859509,2.43082205,2.02506442
0.00498257422,-0.163906192,-2.28817914,8.98236421,0,4.32740578,2.63790764,2.2027891
0.0049859905,-0.131865957,-1.96465364,8.98236421,0,4.35945106,2.99059446,2.52625957
0.00498962168,-0.097744099,-1.60381621,8.98236421,0,4.39357708,3.36609795,2.88704791
0.00499462168,-0.0506798678,-1.09459402,8.98236421,0,4.44064501,3.88391788,3.396219
0.00499962168,-0.0035656217,-0.57923167,8.98236421,0,4.4877606,4.40220104,3.91154964
0.00500462168,0.0435521432,-0.0618806039,8.98236421,0,4.53487735,4.920439,4.42888857
0.00500962168,0.0906269274,0.455884096,8.98236421,0,4.58194877,5.43813176,4.94666073
0.00501462168,0.137612274,0.97318704,8.98236421,0,4.6289284,5.954765,5.46399074
0.00501962168,0.184461813,1.48944691,8.98236421,0,4.67576987,6.46983244,5.98029725
0.00502462168,0.231129312,2.00409416,8.98236421,0,4.72242697,6.98282378,6.49501066
0.00502656398,0.249198821,2.20345491,8.98236422,0,4.74049181,7.18119839,6.69440237
0.00502781062,0.260777088,2.32924045,8.98236463,0,4.7520669,7.29044611,6.82020931
0.00502844529,0.266665517,2.3902227,8.98236545,0,4.75795365,7.31878529,6.88120292
0.00502910243,0.272757953,2.44843847,8.982367,0,4.76404432,7.33755323,6.93943073
0.00502993151,0.280437837,2.51408141,8.98236967,0,4.77172191,7.35343718,7.00508926
0.00503078106,0.288299518,2.57265086,8.98237303,0,4.77958117,7.36492318,7.06367507
0.00503206701,0.300183804,2.64647524,8.98237882,0,4.79146167,7.37727627,7.13752488
0.00503340866,0.312561954,2.70733183,8.98238545,0,4.80383571,7.38650708,7.19840867
0.00503421278,0.319970212,2.73707674,8.9823896,0,4.81124142,7.39092973,7.22817016
0.00503556969,0.332452692,2.77808526,8.98239686,0,4.82371947,7.39711707,7.26920703
0.00503639331,0.34001758,2.79774794,8.98240146,0,4.83128159,7.40029679,7.28888711
0.00503722689,0.347664633,2.81444811,8.98240632,0,4.83892578,7.40317542,7.30560499
0.00503869397,0.361100094,2.83697182,8.98241544,0,4.85235604,7.4075933,7.32816011
0.00504021485,0.37499579,2.85338233,8.98242559,0,4.86624614,7.41150519,7.3446034
0.00504170857,0.388610052,2.86471404,8.982436,0,4.8798547,7.41484749,7.35596747
0.00504365876,0.406332959,2.87486542,8.98244974,0,4.89756985,7.41864161,7.36616125
0.0050465943,0.432894761,2.88431583,8.98246991,0,4.92411934,7.42345,7.37567569
0.00505022539,0.465545321,2.89088031,8.98249335,0,4.95675358,7.42832816,7.3823196
0.00505522539,0.510105049,2.89570285,8.9825231,0,5.00128893,7.43372466,7.38725174
0.00506022539,0.554161365,2.89846259,8.98255065,0,5.04531864,7.43808808,7.39012122
0.00506522539,0.597670791,2.90018233,8.98257658,0,5.08879928,7.44167068,7.39195078
0.00507022539,0.640590387,2.90149189,8.98260107,0,5.13168793,7.44469,7.39337023
0.00507522539,0.682877799,2.90250329,8.98262408,0,5.17394227,7.44726569,7.39449154
0.00508022539,0.724491292,2.90332043,8.98264561,0,5.2155206,7.44947736,7.39541865
0.00508522539,0.7653898,2.9039843,8.9826656,0,5.25638188,7.45138284,7.3961925
0.00509022539,0.805532961,2.90452871,8.98268396,0,5.2964858,7.45302463,7.39684692
0.00509522539,0.844881158,2.90497378,8.98270065,0,5.33579276,7.45443479,7.39740203
0.00510022539,0.883395559,2.90533462,8.98271559,0,5.37426399,7.45563768,7.39787291
0.00510522539,0.921038155,2.90562257,8.98272872,0,5.41186151,7.45665214,7.39827091
0.00511022539,0.957771798,2.90584554,8.98273999,0,5.44854822,7.45749263,7.39860395
0.00511522539,0.993560236,2.9060103,8.98274937,0,5.48428792,7.45817034,7.39887878
0.00512022539,1.02836815,2.90612117,8.98275679,0,5.51904533,7.45869362,7.39909973
0.00512522539,1.06216119,2.90618218,8.98276224,0,5.55278616,7.45906863,7.39927082
0.00513022539,1.094906,2.90619549,8.98276569,0,5.5854771,7.45929938,7.39939421
0.00513522539,1.12657028,2.90616341,8.98276713,0,5.6170859,7.45938954,7.39947221
0.00514022539,1.15712276,2.90609152,8.98276731,0,5.64758135,7.45939704,7.39951041
0.00514522539,1.18653331,2.90599489,8.9827673,0,5.67693338,7.45939501,7.39952385
0.00515022539,1.21477288,2.90588841,8.98276731,0,5.70511299,7.45939548,7.39952745
0.00515522539,1.24181363,2.90577963,8.98276731,0,5.7320924,7.45939536,7.39952874
0.00516022539,1.26762886,2.90566983,8.98276732,0,5.75784497,7.45939538,7.399529
0.00516522539,1.29219308,2.90555997,8.98276732,0,5.78234529,7.45939537,7.3995292
0.00517022539,1.31548207,2.90544985,8.98276732,0,5.80556918,7.45939536,7.39952914
0.00517522539,1.33747284,2.9053399,8.98276732,0,5.82749372,7.45939536,7.39952924
0.00518022539,1.35814368,2.90522976,8.98276732,0,5.84809727,7.45939535,7.39952915
0.00518522539,1.3774742,2.9051198,8.98276732,0,5.86735951,7.45939535,7.39952924
0.00519022539,1.39544532,2.90500968,8.98276732,0,5.88526141,7.45939534,7.39952915
0.00519522539,1.41203931,2.90489972,8.98276732,0,5.90178532,7.45939534,7.39952923
0.00520022539,1.42723978,2.90478961,8.98276732,0,5.91691493,7.45939533,7.39952915
0.00520522539,1.44103173,2.90467966,8.98276732,0,5.93063531,7.45939532,7.39952923
0.00521022539,1.45340157,2.90456956,8.98276732,0,5.94293291,7.45939531,7.39952915
0.00521522539,1.46433707,2.90445961,8.98276732,0,5.9537956,7.45939531,7.39952923
0.00522022539,1.47382745,2.90434952,8.98276732,0,5.96321267,7.4593953,7.39952915
0.00522522539,1.48186333,2.90423958,8.98276732,0,5.97117481,7.4593953,7.39952922
0.00523022539,1.4884368,2.9041295,8.98276732,0,5.97767417,7.45939529,7.39952915
0.00523522539,1.49354136,2.90401956,8.98276732,0,5.98270433,7.45939529,7.39952922
0.00524022539,1.49717198,2.9039095,8.98276732,0,5.98626034,7.45939528,7.39952915
0.00524522539,1.49932506,2.90379957,8.98276732,0,5.98833868,7.45939527,7.39952921
0.00525022539,1.4999985,2.90368951,8.98276732,0,5.9889373,7.45939526,7.39952914
0.00525522539,1.49919161,2.90357959,8.98276732,0,5.98805561,7.45939526,7.39952921
0.00526022539,1.49690521,2.90346954,8.98276732,0,5.98569449,7.45939525,7.39952914
0.00526522539,1.49314154,2.90335962,8.98276733,0,5.98185626,7.45939525,7.3995292
0.00527022539,1.48790432,2.90324959,8.98276733,0,5.9765447,7.45939524,7.39952914
0.00527522539,1.48119872,2.90313967,8.98276733,0,5.96976507,7.45939524,7.3995292
0.00528022539,1.47303135,2.90302965,8.98276733,0,5.96152405,7.45939523,7.39952914
0.00528522539,1.46341028,2.90291974,8.98276733,0,5.95182978,7.45939522,7.39952919
0.00529022539,1.452345,2.90280973,8.98276733,0,5.94069181,7.45939521,7.39952914
0.00529522539,1.43984643,2.90269983,8.98276733,0,5.92812116,7.45939521,7.39952919
0.00530022539,1.42592691,2.90258982,8.98276733,0,5.91413021,7.4593952,7.39952913
0.00530522539,1.41060017,2.90247993,8.98276733,0,5.89873279,7.4593952,7.39952919
0.00531022539,1.39388134,2.90236994,8.98276733,0,5.88194407,7.45939519,7.39952913
0.00531522539,1.37578691,2.90226005,8.98276733,0,5.86378064,7.45939518,7.39952918
0.00532022539,1.35633475,2.90215007,8.98276733,0,5.84426042,7.45939517,7.39952913
0.00532522539,1.33554405,2.90204019,8.98276733,0,5.82340267,7.45939517,7.39952918
0.00533022539,1.31343533,2.90193021,8.98276733,0,5.80122798,7.45939516,7.39952913
0.00533522539,1.29003041,2.90182034,8.98276733,0,5.77775823,7.45939516,7.39952917
0.00534022539,1.26535238,2.90171038,8.98276733,0,5.75301658,7.45939515,7.39952913
0.00534522539,1.2394256,2.90160051,8.98276733,0,5.72702744,7.45939515,7.39952917
0.00535022539,1.21227566,2.90149056,8.98276733,0,5.69981648,7.45939514,7.39952912
0.00535522539,1.18392935,2.9013807,8.98276733,0,5.67141054,7.45939513,7.39952917
0.00536022539,1.15441465,2.90127075,8.98276733,0,5.64183766,7.45939512,7.39952912
0.00536522539,1.12376068,2.90116087,8.98276733,0,5.61112701,7.45939477,7.39952913
0.00537022539,1.09199769,2.90104659,8.98276665,0,5.57930892,7.45934305,7.39952474
0.00537522539,1.05915703,2.90091463,8.98276422,0,5.54641477,7.45916433,7.39950267
0.00538022539,1.02527111,2.90074905,8.98275974,0,5.51247704,7.45883826,7.39944697
0.00538522539,0.99037337,2.90054134,8.98275328,0,5.47752921,7.45836603,7.39934913
0.00539022539,0.954498253,2.90028813,8.98274486,0,5.44160577,7.4577412,7.39920579
0.00539522539,0.917681162,2.89998692,8.98273453,0,5.40474218,7.45695641,7.39901443
0.00540022539,0.87995843,2.8996344,8.98272232,0,5.36697482,7.45600138,7.39877175
0.00540522539,0.841367285,2.89922666,8.9827083,0,5.32834096,7.45486276,7.39847384
0.00541022539,0.801945812,2.89875823,8.98269251,0,5.28887872,7.45352321,7.39811522
0.00541522539,0.761732916,2.89822223,8.98267503,0,5.24862705,7.45196025,7.39768901
0.00542022539,0.720768281,2.89760926,8.98265593,0,5.20762568,7.45014445,7.3971858
0.00542522539,0.679092335,2.89690706,8.98263529,0,5.16591507,7.44803685,7.39659336
0.00543022539,0.636746207,2.89609872,8.98261319,0,5.12353637,7.44558473,7.39589473
0.00543522539,0.593771687,2.89516098,8.98258972,0,5.08053143,7.44271487,7.39506667
0.00544022539,0.550211186,2.89406013,8.98256497,0,5.03694266,7.43932185,7.39407547
0.00544522539,0.506107693,2.89274597,8.98253903,0,4.9928131,7.43524667,7.39287091
0.00545022539,0.461504733,2.89113844,8.98251197,0,4.94818629,7.43023391,7.39137291
0.00545522539,0.416446323,2.88910039,8.98248387,0,4.90310628,7.42383599,7.38944434
0.00546022539,0.370976932,2.88636714,8.98245475,0,4.85761755,7.41516109,7.38682048
0.00546522539,0.32514143,2.88225601,8.98242455,0,4.811765,7.40161094,7.3828186
0.00547022539,0.278985054,2.87421604,8.98239283,0,4.76559387,7.37279451,7.37488766
0.00547190572,0.263409413,2.86899247,8.98238186,0,4.75001379,7.34616561,7.36970064
0.00547270519,0.255988317,2.86493993,8.98237676,0,4.74259068,7.31335889,7.36566547
0.00547306682,0.252629454,2.86225625,8.98237465,0,4.73923092,7.27872575,7.36298962
0.00547340608,0.249477058,2.85862677,8.98237298,0,4.73607769,7.22631369,7.3593675
0.00547362261,0.247464475,2.85536123,8.98237202,0,4.73406459,7.19198408,7.35610665
0.00547380347,0.245783142,2.85174593,8.98237119,0,4.73238282,7.16588136,7.35249525
0.00547399497,0.244002558,2.84683927,8.98237024,0,4.73060178,7.14048403,7.34759273
0.00547422118,0.241898688,2.83925334,8.98236904,0,4.72849738,7.11269288,7.34001167
0.00547443477,0.239911793,2.829694,8.98236788,0,4.72650999,7.08797022,7.33045692
0.00547465721,0.23784212,2.817265,8.98236677,0,4.7244398,7.0632457,7.31803268
0.00547482293,0.236299851,2.80669589,8.98236607,0,4.72289715,7.04528518,7.3074671
0.00547494355,0.235177181,2.79875694,8.98236565,0,4.7217742,7.0323872,7.29953071
0.00547506197,0.234074856,2.79112152,8.98236533,0,4.72067161,7.01983039,7.2918978
0.00547519988,0.23279084,2.78242721,8.98236503,0,4.71938728,7.00530894,7.2832064
0.00547534781,0.231413425,2.77322106,8.98236481,0,4.71800953,6.98982808,7.27400336
0.00547551291,0.229875919,2.76291209,8.98236463,0,4.71647166,6.9726363,7.26369785
0.00547570462,0.228090255,2.75078331,8.9823645,0,4.71468557,6.9527541,7.25157308
0.00547592559,0.226031737,2.73654683,8.9823644,0,4.71262656,6.9299117,7.23734119
0.00547624614,0.2230446,2.71532136,8.98236432,0,4.70963873,6.89685725,7.21612234
0.00547659196,0.219821072,2.69166525,8.98236429,0,4.70641446,6.86125999,7.19247331
0.00547706208,0.215437181,2.65820432,8.98236427,0,4.70202958,6.81290854,7.15902191
0.00547756265,0.210767243,2.62106955,8.98236427,0,4.69735861,6.76143899,7.12189715
0.0054785638,0.201421159,2.54264792,8.98236427,0,4.68801053,6.65847472,7.0434951
0.00547962402,0.191514881,2.45448688,8.98236427,0,4.67810225,6.54937048,6.95535413
0.00548174447,0.171677268,2.26653352,8.98236427,0,4.65826094,6.3309405,6.76743868
0.00548537908,0.13760523,1.92112537,8.98236427,0,4.62418354,5.95589464,6.42208819
0.00548925212,0.101219425,1.53494778,8.98236427,0,4.58779339,5.55548575,6.03596131
0.00549425212,0.0541607348,1.02479117,8.98236427,0,4.54073117,5.03773634,5.52585317
0.00549925212,0.00704859442,0.509174947,8.98236427,0,4.49361786,4.51948391,5.010266
0.00550425212,-0.0400705021,-0.00825537932,8.98236427,0,4.44649995,4.00123748,4.49284517
0.00550925212,-0.0871500538,-0.526066982,8.98236427,0,4.39942394,3.48349858,3.97502344
0.00551425212,-0.134143599,-1.04343881,8.98236427,0,4.35243628,2.96678123,3.45762189
0.00551925212,-0.181004761,-1.55979494,8.98236427,0,4.30558336,2.4515923,2.94121645
0.00552425212,-0.227687292,-2.07457779,8.98236427,0,4.2589114,1.93844287,2.42636478
0.00552618223,-0.245650219,-2.27242134,8.98236426,0,4.24095317,1.74325227,2.22848945
0.00552702311,-0.253464875,-2.35649181,8.98236426,0,4.23314068,1.68268207,2.14440423
0.00552780472,-0.26072232,-2.42934309,8.98236426,0,4.2258853,1.65329122,2.07153877
0.00552857466,-0.267865307,-2.49382228,8.98236426,0,4.2187444,1.63553242,2.00704523
0.00552933166,-0.274882143,-2.54996268,8.98236426,0,4.21172967,1.62344908,1.95089037
0.00553074004,-0.287920071,-2.63711319,8.98236426,0,4.19869581,1.60805124,1.86371219
0.00553269051,-0.30593896,-2.72705927,8.98236426,0,4.18068285,1.59436494,1.77372648
0.00553373348,-0.315555386,-2.76299346,8.98236426,0,4.17106973,1.58901101,1.7377706
0.00553478413,-0.325229046,-2.79250929,8.98236426,0,4.16139951,1.58447365,1.70823265
0.00553576348,-0.334233398,-2.81465202,8.98236426,0,4.15239846,1.58082915,1.68606912
0.00553675324,-0.343320618,-2.83262501,8.98236426,0,4.14331466,1.57758772,1.66807497
0.00553873276,-0.361454873,-2.85819666,8.98236426,0,4.12518752,1.57209884,1.64246064
0.00554030592,-0.375826785,-2.87153874,8.98236426,0,4.11082152,1.56843622,1.62908442
0.00554194986,-0.390805996,-2.88118527,8.98236426,0,4.09584872,1.56509858,1.61940207
0.00554457812,-0.414666954,-2.89118273,8.98236426,0,4.07199853,1.5605423,1.60934714
0.00554793331,-0.444962139,-2.89856387,8.98236426,0,4.041718,1.5557371,1.60189242
0.00555204792,-0.481843178,-2.90355343,8.98236426,0,4.00485631,1.55092504,1.59681243
0.00555566045,-0.513959053,-2.90620609,8.98236426,0,3.97275867,1.54739351,1.59408027
0.00555908348,-0.544146303,-2.90787632,8.98236426,0,3.94258976,1.54451717,1.59233465
0.00556290461,-0.577546398,-2.90930822,8.98236426,0,3.90921135,1.54171493,1.59081856
0.00556704439,-0.613355463,-2.91049397,8.98236426,0,3.87342722,1.53907442,1.58954155
0.00557073251,-0.644908813,-2.91134404,8.98236426,0,3.84189732,1.53700879,1.58861014
0.00557461844,-0.677779643,-2.91208893,8.98236426,0,3.80905244,1.53507625,1.58777954
0.00557961844,-0.719477147,-2.91287796,8.98236426,0,3.7673902,1.53290248,1.58688019
0.00558461844,-0.760464614,-2.91351709,8.98236426,0,3.72644005,1.53103105,1.58613071
0.00558961844,-0.800701594,-2.91403835,8.98236426,0,3.68624242,1.52941968,1.58549907
0.00559461844,-0.840148379,-2.91446254,8.98236426,0,3.64683698,1.5280363,1.5849645
0.00559961844,-0.878766038,-2.91480507,8.98236426,0,3.6082626,1.52685692,1.58451156
0.00560461844,-0.916516461,-2.91507659,8.98236426,0,3.57055737,1.52586307,1.58412963
0.00560961844,-0.953362394,-2.91528571,8.98236426,0,3.53375849,1.52504047,1.58381009
0.00561461844,-0.989267472,-2.91543832,8.98236425,0,3.49790228,1.5243782,1.58354705
0.00561961844,-1.02419626,-2.91553951,8.98236425,0,3.46302413,1.52386803,1.58333542
0.00562461844,-1.0581143,-2.91559247,8.98236425,0,3.42915845,1.52350404,1.58317203
0.00562961844,-1.0909881,-2.91560009,8.98236425,0,3.39633866,1.52328234,1.58305396
0.00563461844,-1.12278523,-2.91556397,8.98236425,0,3.36459717,1.52319818,1.58297964
0.00563961844,-1.1534743,-2.91549027,8.98236425,0,3.33396528,1.52318975,1.58294291
0.00564461844,-1.18302504,-2.91539297,8.98236425,0,3.30447324,1.52318725,1.58292977
0.00564961844,-1.21140827,-2.91528711,8.98236425,0,3.27615014,1.52318331,1.5829252
0.00565461844,-1.23859599,-2.91517881,8.98236425,0,3.24902394,1.5231799,1.58292308
0.00565961844,-1.26456136,-2.91506984,8.98236425,0,3.22312141,1.52317654,1.58292162
0.00566461844,-1.28927877,-2.91496047,8.98236425,0,3.19846811,1.52317337,1.58292058
0.00566961844,-1.31272381,-2.91485112,8.98236425,0,3.17508837,1.52317035,1.58291951
0.00567461844,-1.33487335,-2.91474157,8.98236425,0,3.15300527,1.5231675,1.58291865
0.00567961844,-1.35570553,-2.91463211,8.98236425,0,3.1322406,1.52316481,1.58291772
0.00568461844,-1.3751998,-2.91452246,8.98236425,0,3.11281485,1.5231623,1.58291696
0.00568961844,-1.39333691,-2.9144129,8.98236425,0,3.09474719,1.52315995,1.58291613
0.00569461844,-1.41009896,-2.91430316,8.98236425,0,3.07805545,1.52315778,1.58291548
0.00569961844,-1.42546942,-2.9141935,8.98236425,0,3.06275611,1.52315579,1.58291475
0.00570461844,-1.43943311,-2.91408366,8.98236424,0,3.04886426,1.52315397,1.5829142
0.00570961844,-1.45197625,-2.9139739,8.98236424,0,3.03639362,1.52315233,1.58291358
0.00571461844,-1.46308647,-2.91386397,8.98236424,0,3.02535649,1.52315088,1.58291314
0.00571961844,-1.4727528,-2.9137541,8.98236424,0,3.01576376,1.5231496,1.58291264
0.00572461844,-1.4809657,-2.91364407,8.98236424,0,3.00762491,1.52314852,1.5829123
0.00572961844,-1.48771706,-2.9135341,8.98236424,0,3.00094795,1.52314761,1.58291191
0.00573461844,-1.49300023,-2.91342397,8.98236424,0,2.99573949,1.5231469,1.58291168
0.00573961844,-1.49680999,-2.91331389,8.98236424,0,2.99200467,1.52314636,1.5829114
0.00574461844,-1.49914258,-2.91320366,8.98236424,0,2.98974716,1.52314602,1.58291128
0.00574961844,-1.49999569,-2.91309347,8.98236424,0,2.9889692,1.52314586,1.58291112
0.00575461844,-1.49936849,-2.91298314,8.98236424,0,2.98967155,1.5231459,1.58291111
0.00575961844,-1.49726159,-2.91287285,8.98236424,0,2.99185353,1.52314612,1.58291107
0.00576461844,-1.49367708,-2.91276241,8.98236424,0,2.99551298,1.52314653,1.58291117
0.00576961844,-1.48861849,-2.91265201,8.98236424,0,3.00064628,1.52314712,1.58291124
0.00577461844,-1.48209081,-2.91254147,8.98236424,0,3.00724837,1.5231479,1.58291146
0.00577961844,-1.47410048,-2.91243096,8.98236424,0,3.01531275,1.52314886,1.58291164
0.00578461844,-1.4646554,-2.91232032,8.98236424,0,3.02483144,1.52315002,1.58291196
0.00578961844,-1.45376488,-2.91220971,8.98236423,0,3.03579505,1.52315135,1.58291226
0.00579461844,-1.44143967,-2.91209897,8.98236423,0,3.04819277,1.52315287,1.5829127
0.00579961844,-1.42769193,-2.91198825,8.98236423,0,3.06201236,1.52315456,1.5829131
0.00580461844,-1.41253523,-2.91187741,8.98236423,0,3.07724018,1.52315644,1.58291365
0.00580961844,-1.39598453,-2.9117666,8.98236423,0,3.09386121,1.52315849,1.58291417
0.00581461844,-1.37805617,-2.91165565,8.98236423,0,3.11185903,1.52316073,1.58291482
0.00581961844,-1.35876782,-2.91154474,8.98236423,0,3.1312159,1.52316313,1.58291544
0.00582461844,-1.33813854,-2.9114337,8.98236423,0,3.1519127,1.5231657,1.5829162
0.00582961844,-1.31618868,-2.91132269,8.98236423,0,3.17392902,1.52316844,1.58291693
0.00583461844,-1.29293989,-2.91121156,8.98236423,0,3.19724312,1.52317135,1.58291779
0.00583961844,-1.26841514,-2.91110045,8.98236423,0,3.221832,1.52317442,1.58291862
0.00584461844,-1.2426386,-2.91098923,8.98236423,0,3.24767138,1.52317766,1.58291958
0.00584961844,-1.21563574,-2.91087803,8.98236423,0,3.27473578,1.52318104,1.58292051
0.00585461844,-1.18743319,-2.91076673,8.98236423,0,3.30299848,1.52318459,1.58292156
0.00585961844,-1.15805878,-2.91065544,8.98236423,0,3.33243159,1.52318828,1.58292259
0.00586461844,-1.12754152,-2.91054405,8.98236423,0,3.36300606,1.52319212,1.58292373
0.00586961844,-1.0959115,-2.91043079,8.98236423,0,3.39469172,1.52322202,1.58292674
0.00587461844,-1.06319995,-2.91030619,8.98236422,0,3.4274573,1.52335625,1.5829411
0.00587961844,-1.02943915,-2.91015439,8.98236422,0,3.46127046,1.52363828,1.58298267
0.00588461844,-0.994662422,-2.90996372,8.98236422,0,3.49609784,1.52406283,1.58306311
0.00588961844,-0.95890408,-2.90973023,8.98236422,0,3.53190506,1.52463643,1.58318637
0.00589461844,-0.922199415,-2.90945127,8.98236422,0,3.56865679,1.52536552,1.58335513
0.00589961844,-0.884584651,-2.90912387,8.98236422,0,3.60631676,1.52625955,1.58357232
0.00590461844,-0.846096909,-2.90874421,8.98236422,0,3.6448478,1.52733084,1.5838418
0.00590961844,-0.806774171,-2.90830739,8.98236422,0,3.68421189,1.52859538,1.58416845
0.00591461844,-0.766655244,-2.9078068,8.98236422,0,3.72437017,1.53007396,1.58455888
0.00591961844,-0.725779722,-2.90723397,8.98236422,0,3.76528303,1.53179362,1.58502158
0.00592461844,-0.684187942,-2.90657737,8.98236422,0,3.80691007,1.53379006,1.58556807
0.00592961844,-0.641920951,-2.90582175,8.98236422,0,3.84921023,1.53611114,1.5862136
0.00593461844,-0.599020462,-2.90494584,8.98236422,0,3.89214175,1.5388228,1.58697947
0.00593961844,-0.555528812,-2.90391967,8.98236422,0,3.93566227,1.54201869,1.58789562
0.00594461844,-0.511488922,-2.90269878,8.98236422,0,3.97972884,1.54583786,1.58900653
0.00594961844,-0.466944255,-2.90121431,8.98236422,0,4.02429797,1.55049868,1.59038108
0.00595461844,-0.421938769,-2.89935095,8.98236422,0,4.06932568,1.55637231,1.59213458
0.00595961844,-0.376516881,-2.89689592,8.98236422,0,4.11476752,1.56416461,1.59447984
0.00596461844,-0.330723417,-2.8933891,8.98236421,0,4.16057866,1.57547411,1.59787698
0.00596961844,-0.284603568,-2.88724544,8.98236421,0,4.20671389,1.59682426,1.60391117
0.00597183609,-0.264055377,-2.88241213,8.98236421,0,4.22726816,1.61713172,1.60869601
0.00597296411,-0.25358355,-2.87854026,8.98236421,0,4.2377429,1.63876002,1.61254327
0.00597344825,-0.249085176,-2.87623115,8.98236421,0,4.24224249,1.65664943,1.61484182
0.00597373873,-0.246385085,-2.87449294,8.98236421,0,4.2449433,1.6745329,1.6165737
0.00597400805,-0.243880858,-2.87247469,8.98236421,0,4.24744819,1.70159523,1.6185861
0.00597430667,-0.24110346,-2.86944287,8.98236421,0,4.25022631,1.74663007,1.62161142
0.00597452682,-0.239055361,-2.866352,8.98236421,0,4.25227494,1.78210129,1.62469751
0.00597471464,-0.237307688,-2.86287013,8.98236421,0,4.25402306,1.80985046,1.6281753
0.00597491017,-0.235487848,-2.85815877,8.98236421,0,4.25584336,1.83626194,1.63288242
0.00597511782,-0.233554862,-2.85164697,8.98236421,0,4.25777683,1.86218512,1.63938973
0.00597533576,-0.23152572,-2.84258382,8.98236421,0,4.25980648,1.88776211,1.64844818
0.00597556167,-0.229421778,-2.83058,8.98236421,0,4.26191094,1.91310201,1.66044714
0.00597585982,-0.226644445,-2.81150508,8.98236421,0,4.26468896,1.94542774,1.67951569
0.00597598167,-0.225509148,-2.80353472,8.98236421,0,4.26582453,1.95838365,1.68748346
0.00597610076,-0.224399515,-2.79596046,8.98236421,0,4.26693443,1.9709555,1.6950552
0.00597623214,-0.223175132,-2.78772928,8.98236421,0,4.26815911,1.98474525,1.7032836
0.00597638287,-0.22177018,-2.77832566,8.98236421,0,4.26956439,2.00048706,1.71268403
0.00597654285,-0.220278932,-2.76827125,8.98236421,0,4.27105599,2.01712374,1.72273509
0.00597674211,-0.218421081,-2.75555924,8.98236421,0,4.27291428,2.03777617,1.73544293
0.00597701066,-0.21591674,-2.73804945,8.98236421,0,4.2754192,2.06552781,1.75294713
0.00597737101,-0.212555352,-2.71380881,8.98236421,0,4.27878136,2.10268191,1.77718033
0.00597777083,-0.208824469,-2.68589105,8.98236421,0,4.28251309,2.14385101,1.80508991
0.00597827267,-0.204139755,-2.64937217,8.98236421,0,4.28719884,2.19549756,1.84159865
0.00597892604,-0.198037525,-2.59959232,8.98236421,0,4.29330238,2.26273638,1.8913655
0.00598020443,-0.186088172,-2.49600361,8.98236421,0,4.30525418,2.39435727,1.99492954
0.00598181187,-0.171046257,-2.35649403,8.98236421,0,4.32029897,2.55999599,2.13440958
0.00598502673,-0.140911621,-2.05736597,8.98236421,0,4.35043861,2.89173426,2.43348388
0.005989113,-0.102527533,-1.65447884,8.98236421,0,4.38882766,3.31416133,2.83631356
0.00599381282,-0.0582980735,-1.17681957,8.98236421,0,4.43306088,3.80080676,3.31392243
0.00599881282,-0.0111887666,-0.66203922,8.98236421,0,4.48017191,4.31904631,3.82866795
0.00600381282,0.0359315822,-0.144850729,8.98236421,0,4.52729162,4.83732676,4.34584116
0.00600881282,0.0830164709,0.372909501,8.98236421,0,4.57437352,5.35514132,4.86360571
0.00601381282,0.130019432,0.89033967,8.98236421,0,4.62137115,5.87198084,5.38105981
0.00601881282,0.17689408,1.40679888,8.98236421,0,4.66823811,6.38733558,5.89756252
0.00602381282,0.223594155,1.9217491,8.98236421,0,4.71492816,6.90069727,6.41257578
0.00602579339,0.242034233,2.12520235,8.98236421,0,4.73336362,7.10337693,6.61605939
0.00602706417,0.253846212,2.25535614,8.98236426,0,4.74517244,7.23135861,6.74623427
0.00602781285,0.260797816,2.33069243,8.98236459,0,4.75212212,7.29009488,6.82158356
0.00602849071,0.267086799,2.39544863,8.98236554,0,4.75840931,7.32039331,6.8863519
0.00602911417,0.272866758,2.45034733,8.98236705,0,4.76418759,7.33793355,6.94126204
0.00602987823,0.27994458,2.5109294,8.98236951,0,4.7712633,7.3526767,7.00185848
0.00603087601,0.28917765,2.57938894,8.98237345,0,4.78049352,7.36607658,7.07033725
0.00603266174,0.305673435,2.67610437,8.98238172,0,4.796984,7.38175631,7.16708823
0.00603420296,0.319879807,2.73754416,8.98238957,0,4.81118554,7.39090488,7.22855963
0.00603508563,0.328002389,2.76525263,8.98239426,0,4.81930527,7.39508913,7.2562865
0.00603625937,0.338787965,2.79531669,8.98240074,0,4.83008693,7.39982816,7.28637528
0.00603733309,0.348638222,2.81671785,8.982407,0,4.83993349,7.40354262,7.30779926
0.00603839751,0.358387562,2.83333788,8.98241359,0,4.84967907,7.40677759,7.32444207
0.00604017918,0.3746703,2.85326637,8.9824254,0,4.86595527,7.41143636,7.34440894
0.00604185976,0.389986165,2.86586439,8.98243713,0,4.88126471,7.41517704,7.35704336
0.00604358325,0.405647878,2.87470199,8.98244928,0,4.89691957,7.41851761,7.36591844
0.00604651566,0.432185015,2.88423148,8.98246943,0,4.92344442,7.42334312,7.3755119
0.00605130322,0.475191271,2.89237506,8.98250008,0,4.96642895,7.42961064,7.38376024
0.00605630322,0.519646182,2.89651541,8.98252927,0,5.010859,7.43474362,7.38801022
0.00606130322,0.563588265,2.89896322,8.98255642,0,5.054774,7.43892061,7.39056779
0.00606630322,0.606974155,2.90057703,8.98258202,0,5.09813064,7.44236895,7.39229145
0.00607130322,0.649761034,2.90180972,8.98260619,0,5.14088611,7.44528366,7.39363403
0.00607630322,0.691906677,2.90277368,8.98262888,0,5.18299822,7.44777445,7.39470793
0.00608130322,0.733369492,2.90355403,8.98265008,0,5.22442542,7.44991542,7.39559824
0.00608630322,0.77410856,2.90418969,8.98266972,0,5.26512682,7.45176049,7.3963439
0.00609130322,0.814083676,2.90471114,8.98268773,0,5.30506226,7.45334962,7.39697536
0.00609630322,0.85325539,2.90513666,8.98270404,0,5.34419231,7.45471294,7.39751092
0.00610130322,0.891585044,2.90548101,8.9827186,0,5.38247838,7.45587352,7.39796532
0.00610630322,0.929034811,2.90575406,8.98273133,0,5.41988266,7.45684911,7.39834843
0.00611130322,0.965567733,2.90596408,8.98274219,0,5.45636826,7.45765343,7.39866852
0.00611630322,1.00114776,2.90611662,8.98275115,0,5.49189916,7.45829697,7.39893114
0.00612130322,1.03573977,2.90621654,8.98275814,0,5.52644029,7.45878761,7.39914115
0.00612630322,1.06930963,2.90626685,8.98276316,0,5.55995757,7.45913098,7.39930154
0.00613130322,1.10182421,2.90627029,8.98276617,0,5.59241793,7.45933074,7.39941506
0.00613630322,1.13325142,2.9062287,8.98276724,0,5.62378933,7.45939557,7.39948355
0.00614130322,1.16356026,2.90615004,8.9827673,0,5.6540408,7.4593955,7.39951498
0.00614630322,1.19272079,2.90604995,8.98276731,0,5.6831425,7.45939538,7.39952497
0.00615130322,1.22070426,2.90594281,8.98276731,0,5.7110657,7.4593954,7.3995279
0.00615630322,1.24748304,2.90583361,8.98276731,0,5.73778285,7.45939538,7.39952878
0.00616130322,1.2730307,2.90572388,8.98276732,0,5.76326758,7.45939539,7.39952912
0.00616630322,1.29732204,2.90561383,8.98276731,0,5.78749474,7.45939537,7.39952913
0.00617130322,1.32033308,2.90550387,8.98276732,0,5.81044043,7.45939537,7.39952923
0.00617630322,1.3420411,2.90539375,8.98276732,0,5.83208199,7.45939536,7.39952916
0.00618130322,1.3624247,2.90528377,8.98276732,0,5.85239807,7.45939536,7.39952923
0.00618630322,1.38146374,2.90517365,8.98276732,0,5.87136862,7.45939535,7.39952916
0.00619130322,1.39913945,2.90506368,8.98276732,0,5.88897492,7.45939535,7.39952923
0.00619630322,1.41543438,2.90495357,8.98276732,0,5.9051996,7.45939533,7.39952916
0.00620130322,1.43033244,2.9048436,8.98276732,0,5.92002663,7.45939533,7.39952922
0.00620630322,1.44381894,2.90473351,8.98276732,0,5.9334414,7.45939532,7.39952916
0.00621130322,1.45588056,2.90462354,8.98276732,0,5.94543066,7.45939532,7.39952922
0.00621630322,1.4665054,2.90451346,8.98276732,0,5.95598258,7.45939531,7.39952916
0.00622130322,1.47568298,2.9044035,8.98276732,0,5.96508674,7.45939531,7.39952922
0.00622630322,1.48340424,2.90429342,8.98276732,0,5.97273417,7.4593953,7.39952916
0.00623130322,1.48966156,2.90418347,8.98276732,0,5.97891731,7.4593953,7.39952921
0.00623630322,1.49444877,2.90407341,8.98276732,0,5.98363006,7.45939528,7.39952915
0.00624130322,1.49776113,2.90396346,8.98276732,0,5.98686778,7.45939528,7.39952921
0.00624630322,1.49959538,2.90385341,8.98276732,0,5.98862726,7.45939527,7.39952915
0.00625130322,1.49994971,2.90374347,8.98276732,0,5.98890678,7.45939527,7.3995292
0.00625630322,1.49882378,2.90363343,8.98276732,0,5.98770605,7.45939526,7.39952915
0.00626130322,1.49621868,2.90352349,8.98276732,0,5.98502626,7.45939526,7.3995292
0.00626630322,1.492137,2.90341346,8.98276733,0,5.98087005,7.45939525,7.39952915
0.00627130322,1.48658276,2.90330353,8.98276733,0,5.97524153,7.45939524,7.39952919
0.00627630322,1.47956144,2.90319351,8.98276733,0,5.96814626,7.45939523,7.39952915
0.00628130322,1.47107997,2.90308359,8.98276733,0,5.95959122,7.45939523,7.39952919
0.00628630322,1.46114673,2.90297358,8.98276733,0,5.94958488,7.45939522,7.39952914
0.00629130322,1.44977151,2.90286366,8.98276733,0,5.93813709,7.45939522,7.39952919
0.00629630322,1.43696554,2.90275366,8.98276733,0,5.92525917,7.45939521,7.39952914
0.00630130322,1.42274146,2.90264375,8.98276733,0,5.91096382,7.45939521,7.39952918
0.00630630322,1.4071133,2.90253376,8.98276733,0,5.89526514,7.4593952,7.39952914
0.00631130322,1.3900965,2.90242386,8.98276733,0,5.87817864,7.45939519,7.39952918
0.00631630322,1.37170783,2.90231388,8.98276733,0,5.85972116,7.45939518,7.39952914
0.00632130322,1.35196546,2.90220398,8.98276733,0,5.83991094,7.45939518,7.39952917
0.00632630322,1.33088886,2.90209401,8.98276733,0,5.81876751,7.45939517,7.39952913
0.00633130322,1.30849883,2.90198412,8.98276733,0,5.79631175,7.45939517,7.39952917
0.00633630322,1.28481747,2.90187416,8.98276733,0,5.77256581,7.45939516,7.39952913
0.00634130322,1.25986815,2.90176428,8.98276733,0,5.74755314,7.45939516,7.39952917
0.00634630322,1.2336755,2.90165433,8.98276733,0,5.72129841,7.45939515,7.39952913
0.00635130322,1.20626536,2.90154445,8.98276733,0,5.69382754,7.45939514,7.39952916
0.00635630322,1.17766477,2.90143451,8.98276733,0,5.66516763,7.45939513,7.39952913
0.00636130322,1.14790198,2.90132464,8.98276733,0,5.63534697,7.45939513,7.39952916
0.00636630322,1.11700634,2.90121438,8.98276728,0,5.60439499,7.45939111,7.39952879
0.00637130322,1.08500836,2.90109787,8.98276632,0,5.57234224,7.45931792,7.39952218
0.00637630322,1.0519396,2.90095988,8.98276343,0,5.53922035,7.45910655,7.39949407
0.00638130322,1.0178327,2.90078573,8.98275852,0,5.50506201,7.45874989,7.3994298
0.00638630322,0.982721329,2.90056842,8.98275164,0,5.46990092,7.45824547,7.39932237
0.00639130322,0.946640128,2.90030524,8.98274281,0,5.43377178,7.45758715,7.39916905
0.00639630322,0.909624707,2.89999327,8.98273208,0,5.39671026,7.45676687,7.39896694
0.00640130322,0.871711597,2.89962936,8.98271947,0,5.35875293,7.45577378,7.39871287
0.00640630322,0.832938212,2.89920908,8.98270507,0,5.31993724,7.45459375,7.39840241
0.00641130322,0.793342818,2.89872688,8.98268891,0,5.2803015,7.45320844,7.39803003
0.00641630322,0.752964491,2.89817522,8.98267108,0,5.23988484,7.45159408,7.39758815
0.00642130322,0.711843078,2.89754434,8.98265164,0,5.19872713,7.44971944,7.39706704
0.00642630322,0.670019162,2.89682096,8.98263068,0,5.15686899,7.44754305,7.39645341
0.00643130322,0.627534018,2.89598719,8.98260828,0,5.11435174,7.44500847,7.39572935
0.00643630322,0.584429574,2.89501773,8.98258453,0,5.07121733,7.44203682,7.39486957
0.00644130322,0.540748369,2.89387623,8.98255951,0,5.02750833,7.43851347,7.3938377
0.00644630322,0.49653351,2.89250728,8.98253332,0,4.98326788,7.43426347,7.39257834
0.00645130322,0.451828632,2.89082193,8.98250604,0,4.93853963,7.42900122,7.39100252
0.00645630322,0.406677855,2.88866386,8.98247772,0,4.89336773,7.4222144,7.38895392
0.00646130322,0.361125735,2.88572246,8.98244838,0,4.84779677,7.41284546,7.38612188
0.00646630322,0.315217228,2.88113525,8.98241791,0,4.8018717,7.39753916,7.38164389
0.00647003546,0.280743648,2.8749909,8.98239421,0,4.76738726,7.3747894,7.37558091
0.00647159783,0.266265611,2.87057978,8.98238403,0,4.75290506,7.35338041,7.3712038
0.00647234738,0.259310493,2.86744197,8.98237917,0,4.74594802,7.33214439,7.36808227
0.0064726675,0.256338359,2.86569119,8.98237715,0,4.74297509,7.31591988,7.36633845
0.00647294952,0.253719133,2.86377819,8.98237547,0,4.74035516,7.29269758,7.36443157
0.00647323869,0.251032555,2.86119702,8.98237394,0,4.73766787,7.25403994,7.36185667
0.00647357805,0.247878696,2.85674767,8.98237238,0,4.73451319,7.19923031,7.35741467
0.006473777,0.246029249,2.85302682,8.98237147,0,4.73266327,7.17006356,7.35369812
0.00647397523,0.244186128,2.84816342,8.98237049,0,4.73081967,7.1435839,7.348839
0.00647418326,0.242251398,2.84151279,8.98236937,0,4.72888445,7.11783481,7.34219286
0.0064743994,0.240240841,2.83236647,8.98236818,0,4.72687339,7.09263446,7.33305119
0.006474626,0.23813256,2.82016762,8.982367,0,4.72476458,7.06732892,7.32085719
0.00647486915,0.235869623,2.80463224,8.98236596,0,4.72250109,7.04099203,7.30532698
0.00647498672,0.23477535,2.79688701,8.98236557,0,4.72140654,7.02846884,7.29758425
0.00647510486,0.233675541,2.78927949,8.98236526,0,4.72030647,7.01597911,7.28997923
0.00647523975,0.232419695,2.78077867,8.98236499,0,4.71905032,7.00180899,7.28148126
0.00647540225,0.230906464,2.77063908,8.98236476,0,4.71753672,6.98483437,7.27134509
0.00647556194,0.229419337,2.7606318,8.9823646,0,4.71604924,6.96823213,7.26134115
0.00647575441,0.227626475,2.7483918,8.98236447,0,4.71425595,6.94829115,7.24910517
0.00647598644,0.225464738,2.73335348,8.98236438,0,4.7120937,6.92432209,7.23407167
0.00647637054,0.221885181,2.70767516,8.98236431,0,4.70851331,6.88473947,7.20840126
0.00647673007,0.218533329,2.68276964,8.98236428,0,4.70516069,6.84774536,7.18350308
0.00647719797,0.214169646,2.64904333,8.98236427,0,4.70079603,6.79963024,7.14978622
0.00647770218,0.209465189,2.61122892,8.98236427,0,4.69609054,6.7477865,7.11198186
0.0064787106,0.200050017,2.53149395,8.98236427,0,4.68667338,6.64406665,7.03226653
0.00647985154,0.189387919,2.43575999,8.98236427,0,4.67600914,6.526642,6.93655404
0.00648213342,0.168035075,2.23150052,8.98236427,0,4.65465238,6.29153749,6.73233491
0.00648652921,0.126807677,1.80897765,8.98236427,0,4.61341881,5.83775784,6.30987932
0.00649061464,0.0884036558,1.39773182,8.98236427,0,4.57501069,5.41516581,5.89868312
0.00649561464,0.0413257937,0.885408518,8.98236427,0,4.52792994,4.89723344,5.38640305
0.00650061464,-0.00579285195,0.369050595,8.98236427,0,4.48081076,4.37893083,4.87006889
0.00650561464,-0.0529057808,-0.148588732,8.98236427,0,4.43369966,3.86077318,4.35243373
0.00651061464,-0.099966498,-0.666353077,8.98236427,0,4.38664312,3.34326122,3.83465395
0.00651561464,-0.14692856,-1.18350049,8.98236427,0,4.33968758,2.82691021,3.31747151
0.00652061464,-0.193745622,-1.69948389,8.98236427,0,4.29287939,2.31222599,2.80143351
0.00652561464,-0.24037148,-2.21368274,8.98236426,0,4.24626474,1.79991861,2.28716055
0.00652705478,-0.253758999,-2.35797699,8.98236426,0,4.23288088,1.68023247,2.14284135
0.00652794752,-0.262047576,-2.44057378,8.98236426,0,4.22459467,1.64943664,2.06022833
0.00652883045,-0.270236949,-2.51250724,8.98236426,0,4.21640771,1.63105189,1.98827831
0.00652972931,-0.278565534,-2.57580621,8.98236426,0,4.20808165,1.61843803,1.92496202
0.00653101826,-0.290493078,-2.65110607,8.98236426,0,4.19615787,1.60574169,1.84963664
0.00653258284,-0.304945396,-2.72200667,8.98236426,0,4.18171032,1.59501823,1.7787042
0.00653367655,-0.315030831,-2.76050185,8.98236426,0,4.17162835,1.58930527,1.7401863
0.00653461987,-0.323717609,-2.78767602,8.98236426,0,4.16294465,1.58516017,1.71299231
0.00653572063,-0.333839681,-2.8133248,8.98236426,0,4.15282627,1.58100179,1.68732017
0.00653678858,-0.343644813,-2.8328076,8.98236426,0,4.14302483,1.57749952,1.66781453
0.0065385624,-0.359896441,-2.85615491,8.98236426,0,4.12677957,1.57254573,1.644429
0.00654037374,-0.376445535,-2.87178352,8.98236426,0,4.11023727,1.56830432,1.62876108
0.00654200851,-0.391339709,-2.88131879,8.98236426,0,4.09534948,1.56500041,1.61919019
0.00654440528,-0.413101159,-2.89053599,8.98236426,0,4.07359784,1.56082852,1.60992059
0.00654769323,-0.442800807,-2.89805051,8.98236426,0,4.04391249,1.55606004,1.60233398
0.0065520136,-0.48153679,-2.90344356,8.98236426,0,4.00519676,1.5509688,1.59684598
0.00655576255,-0.51486298,-2.90619976,8.98236426,0,3.97188951,1.54730634,1.59400729
0.00655907415,-0.544064403,-2.90779133,8.98236426,0,3.94270584,1.54453029,1.59234279
0.00656286722,-0.577221162,-2.90921724,8.98236426,0,3.9095706,1.54174571,1.5908333
0.00656699099,-0.61289609,-2.91040138,8.98236426,0,3.87392049,1.53911057,1.58955825
0.00657057191,-0.643541926,-2.91123126,8.98236426,0,3.84329738,1.53709786,1.58864941
0.00657443274,-0.676217853,-2.91197771,8.98236426,0,3.81064718,1.535167,1.5878178
0.00657943274,-0.71794094,-2.91277322,8.98236426,0,3.76895928,1.53298057,1.58691197
0.00658443274,-0.758955505,-2.9134176,8.98236426,0,3.72798196,1.53109835,1.58615724
0.00658943274,-0.799221073,-2.91394283,8.98236426,0,3.68775566,1.52947765,1.58552165
0.00659443274,-0.838697907,-2.91437058,8.98236426,0,3.64832009,1.52808595,1.58498352
0.00659943274,-0.877347047,-2.91471591,8.98236426,0,3.60971416,1.5268991,1.58452779
0.00660443274,-0.915130351,-2.91499012,8.98236426,0,3.57197598,1.52589836,1.58414316
0.00660943274,-0.952010532,-2.9152014,8.98236426,0,3.53514278,1.52506939,1.58382146
0.00661443274,-0.987951193,-2.91535622,8.98236425,0,3.49925092,1.52440107,1.58355622
0.00661943274,-1.02291687,-2.91545921,8.98236425,0,3.46433581,1.52388514,1.58334279
0.00662443274,-1.05687304,-2.9155141,8.98236425,0,3.43043192,1.52351554,1.58317747
0.00662943274,-1.08978622,-2.91552335,8.98236425,0,3.39757271,1.52328836,1.58305779
0.00663443274,-1.1216239,-2.91548897,8.98236425,0,3.36579059,1.52319951,1.58298173
0.00663943274,-1.15235468,-2.91541642,8.98236425,0,3.33511695,1.5231896,1.58294384
0.00664443274,-1.18194822,-2.91531984,8.98236425,0,3.30558204,1.52318746,1.58292999
0.00664943274,-1.21037532,-2.91521404,8.98236425,0,3.27721502,1.52318344,1.58292537
0.00665443274,-1.23760793,-2.91510589,8.98236425,0,3.25004387,1.52318003,1.58292309
0.00665943274,-1.26361916,-2.91499685,8.98236425,0,3.22409543,1.52317667,1.58292172
0.00666443274,-1.28838336,-2.91488758,8.98236425,0,3.19939529,1.52317349,1.58292057
0.00666943274,-1.31187608,-2.91477814,8.98236425,0,3.17596783,1.52317047,1.5829196
0.00667443274,-1.33407414,-2.91466869,8.98236425,0,3.15383617,1.5231676,1.58291864
0.00667943274,-1.35495562,-2.91455914,8.98236425,0,3.13302215,1.52316492,1.58291779
0.00668443274,-1.37449993,-2.91444959,8.98236425,0,3.11354632,1.52316239,1.58291695
0.00668943274,-1.39268777,-2.91433994,8.98236425,0,3.09542789,1.52316005,1.5829162
0.00669443274,-1.4095012,-2.91423029,8.98236425,0,3.07868475,1.52315786,1.58291546
0.00669943274,-1.42492362,-2.91412055,8.98236424,0,3.06333341,1.52315587,1.58291482
0.00670443274,-1.43893981,-2.9140108,8.98236424,0,3.04938903,1.52315404,1.58291418
0.00670943274,-1.45153595,-2.91390096,8.98236424,0,3.03686538,1.5231524,1.58291365
0.00671443274,-1.46269959,-2.91379111,8.98236424,0,3.0257748,1.52315093,1.58291312
0.00671943274,-1.47241972,-2.91368117,8.98236424,0,3.01612824,1.52314966,1.58291269
0.00672443274,-1.48068676,-2.91357123,8.98236424,0,3.00793524,1.52314856,1.58291228
0.00672943274,-1.48749253,-2.91346118,8.98236424,0,3.00120386,1.52314765,1.58291196
0.00673443274,-1.49283033,-2.91335113,8.98236424,0,2.99594076,1.52314692,1.58291165
0.00673943274,-1.49669489,-2.91324099,8.98236424,0,2.99215112,1.52314639,1.58291145
0.00674443274,-1.49908239,-2.91313083,8.98236424,0,2.98983869,1.52314603,1.58291126
0.00674943274,-1.49999047,-2.91302058,8.98236424,0,2.98900576,1.52314588,1.58291116
0.00675443274,-1.49941825,-2.91291032,8.98236424,0,2.98965313,1.52314589,1.58291108
0.00675943274,-1.49736628,-2.91279997,8.98236424,0,2.99178019,1.52314611,1.5829111
0.00676443274,-1.49383659,-2.9126896,8.98236424,0,2.99538481,1.52314651,1.58291114
0.00676943274,-1.48883267,-2.91257914,8.98236424,0,3.00046345,1.5231471,1.58291127
0.00677443274,-1.48235944,-2.91246867,8.98236424,0,3.0070111,1.52314787,1.58291142
0.00677943274,-1.47442331,-2.91235811,8.98236424,0,3.0150213,1.52314883,1.58291166
0.00678443274,-1.4650321,-2.91224753,8.98236423,0,3.02448613,1.52314997,1.58291192
0.00678943274,-1.45419508,-2.91213686,8.98236423,0,3.03539626,1.5231513,1.58291228
0.00679443274,-1.44192294,-2.91202618,8.98236423,0,3.04774093,1.52315281,1.58291265
0.00679943274,-1.4282278,-2.91191542,8.98236423,0,3.06150794,1.5231545,1.58291312
0.00680443274,-1.41312318,-2.91180463,8.98236423,0,3.07668372,1.52315637,1.5829136
0.00680943274,-1.39662397,-2.91169377,8.98236423,0,3.09325328,1.52315842,1.58291417
0.00681443274,-1.37874646,-2.91158288,8.98236423,0,3.11120028,1.52316064,1.58291477
0.00681943274,-1.35950829,-2.91147192,8.98236423,0,3.130507,1.52316304,1.58291545
0.00682443274,-1.33892846,-2.91136094,8.98236423,0,3.1511544,1.52316561,1.58291615
0.00682943274,-1.31702726,-2.91124988,8.98236423,0,3.17312208,1.52316835,1.58291693
0.00683443274,-1.29382632,-2.9111388,8.98236423,0,3.19638838,1.52317124,1.58291773
0.00683943274,-1.26934852,-2.91102765,8.98236423,0,3.22093034,1.52317431,1.58291861
0.00684443274,-1.24361804,-2.91091649,8.98236423,0,3.24672373,1.52317754,1.58291952
0.00684943274,-1.21666025,-2.91080525,8.98236423,0,3.2737431,1.52318092,1.5829205
0.00685443274,-1.18850176,-2.91069399,8.98236423,0,3.30196178,1.52318446,1.5829215
0.00685943274,-1.15917037,-2.91058267,8.98236423,0,3.33135193,1.52318815,1.58292257
0.00686443274,-1.12869502,-2.91047132,8.98236423,0,3.36188454,1.52319198,1.58292367
0.00686943274,-1.09710578,-2.91035819,8.98236423,0,3.39352948,1.52321961,1.58292656
0.00687443274,-1.06443383,-2.91023431,8.98236422,0,3.42625552,1.52334898,1.5829402
0.00687943274,-1.03071141,-2.91008368,8.98236422,0,3.46003036,1.52362593,1.58298059
0.00688443274,-0.995971801,-2.90989452,8.98236422,0,3.49482068,1.52404531,1.58305953
0.00688943274,-0.960249291,-2.90966255,8.98236422,0,3.53059213,1.52461352,1.58318128
0.00689443274,-0.923579131,-2.90938529,8.98236422,0,3.56730942,1.52533692,1.58334833
0.00689943274,-0.88599751,-2.90905965,8.98236422,0,3.60493632,1.52622488,1.58356377
0.00690443274,-0.847541516,-2.90868196,8.98236422,0,3.64343568,1.52728958,1.58383127
0.00690943274,-0.808249101,-2.90824726,8.98236422,0,3.68276951,1.52854689,1.58415581
0.00691443274,-0.768159042,-2.90774912,8.98236422,0,3.722899,1.53001739,1.5845438
0.00691943274,-0.727310902,-2.90717901,8.98236422,0,3.76378454,1.53172787,1.58500377
0.00692443274,-0.685744995,-2.90652569,8.98236422,0,3.80538579,1.53371365,1.58554699
0.00692943274,-0.64350234,-2.9057739,8.98236422,0,3.84766169,1.5360221,1.58618869
0.00693443274,-0.600624626,-2.90490278,8.98236422,0,3.89057051,1.53871836,1.58694976
0.00693943274,-0.557154168,-2.90388262,8.98236422,0,3.93406992,1.54189486,1.58785991
0.00694443274,-0.513133865,-2.90266974,8.98236422,0,3.97811698,1.54568855,1.58896282
0.00694943274,-0.468607162,-2.90119628,8.98236422,0,4.02266823,1.55031408,1.59032635
0.00695443274,-0.423618,-2.89934937,8.98236422,0,4.06767969,1.55613499,1.59206341
0.00695943274,-0.378210779,-2.89692115,8.98236421,0,4.11310696,1.56383937,1.59438185
0.00696443274,-0.332430308,-2.89346585,8.98236421,0,4.15890518,1.57497322,1.59772748
0.00696943274,-0.28632177,-2.8874777,8.98236421,0,4.20502918,1.59570089,1.60360614
0.00697166465,-0.265645814,-2.88280817,8.98236421,0,4.22571129,1.61500936,1.6082269
0.00697282402,-0.254884759,-2.87904024,8.98236421,0,4.23647536,1.6352435,1.61196952
0.00697335263,-0.249973794,-2.87665805,8.98236421,0,4.24138766,1.65258547,1.61434018
0.00697365141,-0.247196809,-2.87497054,8.98236421,0,4.24416539,1.66872724,1.61602119
0.00697392431,-0.244659626,-2.87306374,8.98236421,0,4.24670324,1.69249133,1.61792204
0.00697421683,-0.24193912,-2.87035643,8.98236421,0,4.24942446,1.73309589,1.62062299
0.00697448669,-0.239428751,-2.86683952,8.98236421,0,4.25193547,1.7769529,1.62413404
0.00697467943,-0.237635336,-2.8634168,8.98236421,0,4.25372935,1.80585617,1.62755257
0.00697487342,-0.235829958,-2.85892607,8.98236421,0,4.25553519,1.83237967,1.6320391
0.00697507633,-0.23394114,-2.85282743,8.98236421,0,4.25742448,1.85798942,1.63813334
0.00697531754,-0.231695355,-2.84310245,8.98236421,0,4.25967083,1.88646831,1.64785312
0.00697553618,-0.229659217,-2.83164926,8.98236421,0,4.26170747,1.91104512,1.65930161
0.00697581694,-0.22704392,-2.81387354,8.98236421,0,4.2643234,1.94156193,1.67707133
0.00697593066,-0.225984479,-2.80637979,8.98236421,0,4.2653831,1.95368634,1.68456266
0.00697604546,-0.224914827,-2.79898866,8.98236421,0,4.26645301,1.9658364,1.69195135
0.00697617951,-0.223665593,-2.79053843,8.98236421,0,4.26770255,1.97993562,1.70039874
0.00697635662,-0.222014933,-2.77948043,8.98236421,0,4.2693536,1.99845176,1.71145301
0.00697652739,-0.220423032,-2.76876942,8.98236421,0,4.27094588,2.01621754,1.72216043
0.00697672068,-0.21862089,-2.75645087,8.98236421,0,4.27274845,2.03625426,1.73447493
0.00697694998,-0.216482699,-2.74155156,8.98236421,0,4.27488714,2.0599564,1.74936947
0.00697732732,-0.212962942,-2.71627051,8.98236421,0,4.2784077,2.09887317,1.77464271
0.0069777255,-0.209247547,-2.68857955,8.98236421,0,4.28212394,2.13987598,1.80232553
0.00697826779,-0.204185387,-2.64917225,8.98236421,0,4.28718722,2.19568549,1.84172185
0.00697880062,-0.199209168,-2.60875081,8.98236421,0,4.29216451,2.25051822,1.88213269
0.00697986628,-0.189250089,-2.52347549,8.98236421,0,4.30212565,2.36022282,1.96738729
0.00698116653,-0.177087301,-2.41284658,8.98236421,0,4.31429082,2.49416756,2.07799188
0.00698376702,-0.15272708,-2.17633563,8.98236421,0,4.33865532,2.76236574,2.31445763
0.00698782171,-0.114665697,-1.78291171,8.98236421,0,4.37672211,3.18127811,2.70782074
0.00699211633,-0.0742714996,-1.34948441,8.98236421,0,4.41712035,3.6257561,3.14119709
0.00699711633,-0.0271765045,-0.836354638,8.98236421,0,4.46421786,4.14386592,3.65428546
0.00700211633,0.0199453105,-0.319689983,8.98236421,0,4.51133984,4.66219039,4.17092822
0.00700711633,0.0670474419,0.197996772,8.98236421,0,4.55843978,5.18021884,4.68861267
0.00701211633,0.114083406,0.715623325,8.98236421,0,4.6054712,5.69744686,5.20625653
0.00701711633,0.161006783,1.23246951,8.98236421,0,4.65238768,6.21336182,5.72313961
0.00702211633,0.207771266,1.74799619,8.98236421,0,4.69914293,6.72745677,6.23872274
0.00702711633,0.254330703,2.26107894,8.98236428,0,4.7456908,7.23753957,6.75188142
0.00702854586,0.267598244,2.39980873,8.98236574,0,4.75895461,7.32320183,6.89063644
0.00702989938,0.280140404,2.51216039,8.98236959,0,4.77149305,7.3531366,7.00301328
0.00703089652,0.289367329,2.5804328,8.98237356,0,4.78071714,7.36639486,7.07130493
0.00703201688,0.299720809,2.64427163,8.98237865,0,4.79106732,7.37698168,7.13516594
0.00703335952,0.31210895,2.70569022,8.98238527,0,4.80345135,7.38629636,7.19661173
0.00703467966,0.324267799,2.7528354,8.98239212,0,4.81560599,7.39327777,7.24378421
0.00703551703,0.331968661,2.77691266,8.98239664,0,4.82330411,7.39695798,7.26787901
0.00703649453,0.340946595,2.80026615,8.98240211,0,4.83227875,7.40071237,7.29125315
0.00703778373,0.352767711,2.82418922,8.98240977,0,4.84409539,7.40498172,7.31520369
0.00703898444,0.363756544,2.84081374,8.98241741,0,4.85507992,7.40842405,7.33185397
0.00704077055,0.380064493,2.85825058,8.98242951,0,4.87138122,7.412831,7.34932936
0.00704250776,0.395880093,2.86960984,8.98244173,0,4.88719008,7.41649863,7.36072632
0.00704444708,0.413479952,2.87813471,8.98245534,0,4.90478209,7.42005074,7.36929341
0.00704794938,0.445106805,2.88741479,8.98247894,0,4.9363939,7.42540687,7.37864998
0.00705294938,0.48988115,2.89411797,8.98251,0,4.98114487,7.43143891,7.38546266
0.00705794938,0.534172043,2.89750376,8.98253844,0,5.02541017,7.43621039,7.38895814
0.00706294938,0.577935772,2.89962828,8.98256505,0,5.06914609,7.44012783,7.39119246
0.00706794938,0.621129148,2.90109537,8.98259017,0,5.1123095,7.4433856,7.39276941
0.00707294938,0.663709545,2.90222956,8.98261385,0,5.15485779,7.44615021,7.39401351
0.00707794938,0.70563494,2.90312639,8.98263606,0,5.19674896,7.44851826,7.39502028
0.00708294938,0.74686396,2.90385522,8.98265676,0,5.23794168,7.45055624,7.3958591
0.00708794938,0.787355914,2.90445048,8.98267586,0,5.2783953,7.45231282,7.39656436
0.00709294938,0.827070843,2.9049384,8.98269332,0,5.31806989,7.45382437,7.39716231
0.00709794938,0.865969553,2.90533572,8.98270906,0,5.3569263,7.4551184,7.39766967
0.00710294938,0.904013656,2.9056555,8.98272301,0,5.39492618,7.45621607,7.39809951
0.00710794938,0.941165607,2.90590694,8.98273513,0,5.43203203,7.45713366,7.39846101
0.00711294938,0.97738874,2.90609737,8.98274537,0,5.46820724,7.45788379,7.39876153
0.00711794938,1.01264731,2.90623207,8.98275368,0,5.5034161,7.45847599,7.3990063
0.00712294938,1.04690652,2.90631526,8.98276003,0,5.53762386,7.45891738,7.39919958
0.00712794938,1.08013256,2.90634982,8.98276438,0,5.57079677,7.4592129,7.39934423
0.00713294938,1.11229263,2.90633803,8.98276672,0,5.60290209,7.45936562,7.39944253
0.00713794938,1.14335501,2.90628301,8.98276733,0,5.63390814,7.45939979,7.3994976
0.00714294938,1.17328904,2.90619537,8.98276729,0,5.66378431,7.4593944,7.39952004
0.00714794938,1.20206517,2.90609164,8.98276731,0,5.69250112,7.45939565,7.39952639
0.00715294938,1.22965501,2.9059835,8.98276731,0,5.72003024,7.45939534,7.39952832
0.00715794938,1.25603132,2.90587404,8.98276731,0,5.74634449,7.4593954,7.39952894
0.00716294938,1.28116809,2.90576416,8.98276732,0,5.7714179,7.45939539,7.39952913
0.00716794938,1.3050405,2.90565413,8.98276731,0,5.79522574,7.45939537,7.39952917
0.00717294938,1.32762499,2.90554411,8.98276732,0,5.8177445,7.45939538,7.39952921
0.00717794938,1.34889927,2.90543403,8.98276732,0,5.83895196,7.45939536,7.39952918
0.00718294938,1.36884235,2.90532401,8.98276732,0,5.8588272,7.45939536,7.39952921
0.00718794938,1.38743456,2.90521393,8.98276732,0,5.8773506,7.45939535,7.39952918
0.00719294938,1.40465753,2.90510391,8.98276732,0,5.89450387,7.45939535,7.39952921
0.00719794938,1.42049427,2.90499385,8.98276732,0,5.9102701,7.45939533,7.39952918
0.00720294938,1.43492916,2.90488384,8.98276732,0,5.92463372,7.45939534,7.39952921
0.00720794938,1.44794794,2.90477378,8.98276732,0,5.93758056,7.45939532,7.39952918
0.00721294938,1.45953778,2.90466377,8.98276732,0,5.94909783,7.45939532,7.3995292
0.00721794938,1.46968723,2.90455372,8.98276732,0,5.95917418,7.45939531,7.39952918
0.00722294938,1.47838627,2.90444373,8.98276732,0,5.96779966,7.45939531,7.3995292
0.00722794938,1.48562633,2.90433369,8.98276732,0,5.97496576,7.4593953,7.39952917
0.00723294938,1.49140025,2.9042237,8.98276732,0,5.9806654,7.4593953,7.3995292
0.00723794938,1.49570234,2.90411367,8.98276732,0,5.98489297,7.45939528,7.39952917
0.00724294938,1.49852835,2.90400369,8.98276732,0,5.98764428,7.45939529,7.39952919
0.00724794938,1.4998755,2.90389367,8.98276732,0,5.98891663,7.45939527,7.39952917
0.00725294938,1.49974244,2.90378369,8.98276732,0,5.98870876,7.45939527,7.39952919
0.00725794938,1.49812933,2.90367368,8.98276732,0,5.98702087,7.45939526,7.39952917
0.00726294938,1.49503774,2.90356371,8.98276732,0,5.98385463,7.45939526,7.39952918
0.00726794938,1.49047073,2.90345371,8.98276732,0,5.97921317,7.45939525,7.39952916
0.00727294938,1.48443281,2.90334375,8.98276733,0,5.97310106,7.45939525,7.39952918
0.00727794938,1.47692993,2.90323376,8.98276733,0,5.96552434,7.45939523,7.39952916
0.00728294938,1.46796949,2.9031238,8.98276733,0,5.95649049,7.45939523,7.39952918
0.00728794938,1.45756035,2.90301382,8.98276733,0,5.94600842,7.45939522,7.39952916
0.00729294938,1.44571278,2.90290388,8.98276733,0,5.93408847,7.45939522,7.39952917
0.00729794938,1.43243846,2.9027939,8.98276733,0,5.92074241,7.45939521,7.39952915
0.00730294938,1.41775049,2.90268396,8.98276733,0,5.90598341,7.45939521,7.39952917
0.00730794938,1.40166338,2.902574,8.98276733,0,5.88982603,7.4593952,7.39952915
0.00731294938,1.38419299,2.90246407,8.98276733,0,5.87228623,7.4593952,7.39952917
0.00731794938,1.36535658,2.90235411,8.98276733,0,5.85338131,7.45939518,7.39952915
0.00732294938,1.34517272,2.90224419,8.98276733,0,5.83312993,7.45939518,7.39952916
0.00732794938,1.32366134,2.90213424,8.98276733,0,5.81155207,7.45939517,7.39952915
0.00733294938,1.30084366,2.90202433,8.98276733,0,5.78866903,7.45939517,7.39952916
0.00733794938,1.27674221,2.90191439,8.98276733,0,5.76450339,7.45939516,7.39952914
0.00734294938,1.25138077,2.90180448,8.98276733,0,5.73907901,7.45939516,7.39952916
0.00734794938,1.22478436,2.90169455,8.98276733,0,5.71242096,7.45939515,7.39952914
0.00735294938,1.19697924,2.90158465,8.98276733,0,5.68455557,7.45939514,7.39952915
0.00735794938,1.16799285,2.90147473,8.98276733,0,5.65551032,7.45939513,7.39952914
0.00736294938,1.13785379,2.90136484,8.98276733,0,5.62531389,7.45939513,7.39952915
0.00736794938,1.10659181,2.90125348,8.98276711,0,5.59399608,7.45937776,7.39952769
0.00737294938,1.07423775,2.90113186,8.98276561,0,5.56158778,7.45926566,7.39951596
0.00737794938,1.04082355,2.90098347,8.98276204,0,5.528121,7.45900554,7.39947746
0.00738294938,1.00638218,2.90079566,8.98275649,0,5.49362874,7.45860133,7.39939953
0.00738794938,0.970947638,2.90056359,8.98274897,0,5.45814506,7.45804715,7.39927734
0.00739294938,0.934554885,2.90028476,8.9827395,0,5.42170497,7.45733679,7.39910837
0.00739794938,0.89723984,2.89995617,8.98272815,0,5.38434444,7.45646121,7.39888963
0.00740294938,0.859039326,2.89957432,8.98271495,0,5.34610032,7.45540858,7.39861762
0.00740794938,0.819991045,2.89913444,8.98269996,0,5.30701038,7.4541635,7.39828756
0.00741294938,0.780133532,2.89863039,8.98268325,0,5.26711318,7.45270603,7.39789332
0.00741794938,0.739506121,2.89805398,8.98266488,0,5.22644809,7.4510102,7.39742669
0.00742294938,0.698148907,2.89739442,8.98264493,0,5.18505526,7.4490418,7.3968769
0.00742794938,0.656102704,2.89663711,8.98262349,0,5.14297552,7.44675508,7.39622933
0.00743294938,0.613409007,2.89576207,8.98260064,0,5.10025042,7.44408728,7.39546399
0.00743794938,0.570109949,2.89474093,8.98257646,0,5.0569221,7.44094963,7.39455252
0.00744294938,0.526248261,2.89353218,8.98255105,0,5.01303334,7.43721129,7.39345339
0.00744794938,0.481867231,2.89207161,8.9825245,0,4.96862744,7.43266854,7.3921024
0.00745294938,0.437010655,2.89025336,8.98249686,0,4.92374823,7.42697961,7.39039367
0.00745794938,0.391722802,2.88788488,8.98246821,0,4.87844001,7.41950672,7.38813462
0.00746294938,0.346048367,2.88456148,8.98243853,0,4.83274747,7.4088491,7.38492054
0.00746794938,0.300032423,2.87899142,8.98240762,0,4.78671572,7.38977524,7.37945965
0.00747031792,0.27812815,2.8745138,8.98239246,0,4.76480476,7.37194292,7.37503364
0.00747160707,0.266179915,2.87076828,8.98238407,0,4.75285311,7.35325139,7.37131618
0.00747223512,0.260352578,2.8682239,8.98237998,0,4.74702417,7.33653905,7.36878545
0.00747256418,0.257297736,2.86654553,8.98237788,0,4.74396849,7.32227252,7.36711423
0.00747286236,0.254528683,2.86467662,8.98237606,0,4.7411987,7.30170057,7.36525179
0.00747314252,0.251926171,2.86242075,8.98237451,0,4.7385955,7.26945569,7.363002
0.00747348348,0.248757768,2.85849337,8.98237287,0,4.73542626,7.21519884,7.35908201
0.00747368228,0.246909814,2.85527172,8.98237198,0,4.73357783,7.18460315,7.35586466
0.00747386685,0.24519388,2.85134611,8.9823711,0,4.73186146,7.1587203,7.35194304
0.00747406158,0.243383095,2.84602034,8.9823701,0,4.73005021,7.13353602,7.34662147
0.00747429765,0.241187347,2.83753178,8.9823688,0,4.72785391,7.1051245,7.33813799
0.00747450969,0.239214789,2.82733502,8.98236764,0,4.72588085,7.08095495,7.32794579
0.00747473194,0.237146669,2.81424196,8.98236655,0,4.72381222,7.05650352,7.31485748
0.00747486026,0.235952412,2.80587474,8.98236602,0,4.72261767,7.04267321,7.30649299
0.00747498363,0.234804067,2.79771929,8.9823656,0,4.72146904,7.02951668,7.29834016
0.00747511389,0.233591504,2.78930344,8.98236526,0,4.72025618,7.01574001,7.28992706
0.00747525507,0.232277016,2.78041022,8.98236498,0,4.71894138,7.00090984,7.28103682
0.00747539303,0.230992332,2.77181004,8.98236478,0,4.71765638,6.98649643,7.27243955
0.0074755505,0.22952583,2.76193618,8.98236462,0,4.71618953,6.97011602,7.26256898
0.00747573141,0.227840779,2.75045333,8.98236449,0,4.71450408,6.95136504,7.25108991
0.00747598978,0.225433603,2.73372124,8.98236438,0,4.71209633,6.92466715,7.23436319
0.00747633242,0.222240493,2.71087719,8.98236431,0,4.70890248,6.88935271,7.21152621
0.00747671229,0.218699162,2.68462756,8.98236428,0,4.70536034,6.85026135,7.18528434
0.0074771881,0.214261742,2.65040151,8.98236427,0,4.70092192,6.80133112,7.1510679
0.00747776355,0.208892415,2.60716707,8.98236427,0,4.69555142,6.7421608,7.10784492
0.00747891447,0.198145638,2.51547857,8.98236426,0,4.68480238,6.62377621,7.01617876
0.00748011141,0.186958058,2.4139683,8.98236427,0,4.67361258,6.50056943,6.91469084
0.0074825053,0.164551809,2.19766158,8.98236427,0,4.65120229,6.25387619,6.69842593
0.00748604393,0.131364328,1.85714625,8.98236427,0,4.61800982,5.88858914,6.35796496
0.00749000947,0.0940966753,1.45972499,8.98236427,0,4.58073798,5.47849187,5.96059352
0.00749500947,0.0470269026,0.948404517,8.98236427,0,4.53366503,4.9606344,5.44931865
0.00750000947,-8.92799801e-05,0.432388942,8.98236427,0,4.48654803,4.44234992,4.93332923
0.00750500947,-0.0472053745,-0.085160956,8.98236427,0,4.43943348,3.92414735,4.41578591
0.00751000947,-0.0942748829,-0.602947144,8.98236427,0,4.39236786,3.40653002,3.89798669
0.00751500947,-0.141251353,-1.12020135,8.98236427,0,4.34539763,2.89001115,3.38069984
0.00752000947,-0.188088426,-1.63635273,8.98236426,0,4.29856914,2.37509801,2.86449625
0.00752500947,-0.234739878,-2.15085001,8.98236426,0,4.25192861,1.86231798,2.34992724
0.00752693122,-0.252611209,-2.34476962,8.98236426,0,4.2340621,1.68626454,2.15597491
0.00752788685,-0.261484569,-2.43433489,8.98236426,0,4.22519126,1.65114624,2.06639234
0.00752877058,-0.269681902,-2.50714643,8.98236426,0,4.21699634,1.63213716,1.99356427
0.00752990119,-0.280157187,-2.58623706,8.98236426,0,4.20652424,1.61651681,1.91445182
0.007530947,-0.28983413,-2.64678686,8.98236426,0,4.19685035,1.60638453,1.85388129
0.00753218757,-0.301296942,-2.70536013,8.98236426,0,4.18539129,1.59742782,1.79528287
0.0075335628,-0.313982648,-2.75645615,8.98236426,0,4.17270991,1.58988039,1.7441584
0.00753433928,-0.321134854,-2.7797054,8.98236426,0,4.16556022,1.5863573,1.72089286
0.00753531075,-0.330072449,-2.80415974,8.98236426,0,4.15662586,1.58250157,1.69641798
0.00753633629,-0.339494146,-2.8248341,8.98236426,0,4.14720767,1.57894858,1.67572175
0.00753729699,-0.348307306,-2.84027099,8.98236426,0,4.13839787,1.57600121,1.66026425
0.00753911507,-0.364950865,-2.86141251,8.98236426,0,4.12176093,1.57119228,1.63908346
0.0075407714,-0.380072286,-2.87426956,8.98236426,0,4.10664579,1.56747444,1.62619042
0.00754246438,-0.395485727,-2.88328516,8.98236426,0,4.09123903,1.56416363,1.61713791
0.00754529073,-0.421117213,-2.8929002,8.98236426,0,4.06561928,1.55946008,1.60746103
0.00754869563,-0.451818366,-2.89953903,8.98236426,0,4.03493322,1.55478479,1.60074748
0.00755347373,-0.49454941,-2.90457146,8.98236426,0,3.9922251,1.54948191,1.59561001
0.00755697367,-0.525569038,-2.90676987,8.98236426,0,3.96122356,1.54625441,1.59333456
0.00756040613,-0.555743949,-2.9082608,8.98236426,0,3.93106744,1.5435136,1.59176802
0.00756418957,-0.588704258,-2.90955252,8.98236426,0,3.89812903,1.54086497,1.59039292
0.00756840243,-0.625013275,-2.91066989,8.98236426,0,3.86184586,1.53829319,1.58918268
0.00757238187,-0.658908772,-2.91152145,8.98236426,0,3.82797617,1.53616706,1.58824336
0.00757630017,-0.691881149,-2.91221766,8.98236426,0,3.79503051,1.53431518,1.58746071
0.00758130017,-0.733344393,-2.9129524,8.98236426,0,3.75360321,1.53224767,1.58661565
0.00758630017,-0.774083915,-2.91354934,8.98236426,0,3.7129017,1.53046697,1.58590835
0.00759130017,-0.81405951,-2.91403633,8.98236426,0,3.67296612,1.5289347,1.58531099
0.00759630017,-0.853231727,-2.91443181,8.98236426,0,3.6338359,1.52762176,1.58480512
0.00760130017,-0.891561906,-2.91474965,8.98236426,0,3.59554964,1.52650606,1.58437689
0.00760630017,-0.929012222,-2.91499951,8.98236426,0,3.55814515,1.52557075,1.58401661
0.00761130017,-0.965545715,-2.91518922,8.98236425,0,3.52165932,1.52480264,1.58371648
0.00761630017,-1.00112633,-2.91532419,8.98236425,0,3.48612817,1.52419187,1.58347108
0.00762130017,-1.03571896,-2.91540902,8.98236425,0,3.45158676,1.52373091,1.58327583
0.00762630017,-1.06928945,-2.9154466,8.98236425,0,3.41806917,1.52341465,1.58312781
0.00763130017,-1.10180469,-2.91543949,8.98236425,0,3.3856085,1.52323973,1.58302449
0.00763630017,-1.13323257,-2.91538995,8.98236425,0,3.35423677,1.52319013,1.5829636
0.00764130017,-1.1635421,-2.91530656,8.98236425,0,3.32398494,1.52319021,1.58293655
0.00764630017,-1.19270335,-2.91520492,8.98236425,0,3.29488287,1.52318561,1.58292777
0.00765130017,-1.22068754,-2.91509793,8.98236425,0,3.26695928,1.52318223,1.58292434
0.00765630017,-1.24746706,-2.91498931,8.98236425,0,3.24024172,1.52317875,1.58292254
0.00766130017,-1.27301549,-2.91488019,8.98236425,0,3.21475657,1.52317546,1.58292125
0.00766630017,-1.2973076,-2.9147708,8.98236425,0,3.19052897,1.52317236,1.58292023
0.00767130017,-1.32031942,-2.91466141,8.98236425,0,3.16758283,1.52316937,1.5829192
0.00767630017,-1.34202825,-2.91455186,8.98236425,0,3.14594081,1.5231666,1.58291835
0.00768130017,-1.36241266,-2.91444238,8.98236425,0,3.12562425,1.52316395,1.58291744
0.00768630017,-1.38145253,-2.91433273,8.98236425,0,3.10665321,1.52316151,1.58291669
0.00769130017,-1.39912908,-2.91422314,8.98236425,0,3.0890464,1.5231592,1.58291589
0.00769630017,-1.41542485,-2.91411341,8.98236424,0,3.07282122,1.52315711,1.58291524
0.00770130017,-1.43032377,-2.91400372,8.98236424,0,3.05799366,1.52315515,1.58291455
0.00770630017,-1.44381114,-2.91389389,8.98236424,0,3.04457836,1.52315342,1.582914
0.00771130017,-1.45587363,-2.9137841,8.98236424,0,3.03258857,1.52315182,1.58291342
0.00771630017,-1.46649936,-2.91367417,8.98236424,0,3.02203611,1.52315045,1.58291298
0.00772130017,-1.47567782,-2.91356428,8.98236424,0,3.01293139,1.52314922,1.5829125
0.00772630017,-1.48339998,-2.91345425,8.98236424,0,3.00528341,1.52314821,1.58291218
0.00773130017,-1.48965819,-2.91334426,8.98236424,0,2.99909971,1.52314735,1.58291181
0.00773630017,-1.49444629,-2.91323412,8.98236424,0,2.9943864,1.52314671,1.5829116
0.00774130017,-1.49775956,-2.91312403,8.98236424,0,2.99114812,1.52314623,1.58291135
0.00774630017,-1.49959471,-2.91301379,8.98236424,0,2.98938807,1.52314597,1.58291124
0.00775130017,-1.49994995,-2.91290359,8.98236424,0,2.98910799,1.52314586,1.5829111
0.00775630017,-1.49882492,-2.91279325,8.98236424,0,2.99030815,1.52314597,1.58291111
0.00776130017,-1.49622072,-2.91268294,8.98236424,0,2.99298738,1.52314623,1.58291109
0.00776630017,-1.49213994,-2.91257249,8.98236424,0,2.99714302,1.52314672,1.5829112
0.00777130017,-1.4865866,-2.91246208,8.98236424,0,3.00277098,1.52314736,1.5829113
0.00777630017,-1.47956618,-2.91235153,8.98236424,0,3.0098657,1.52314822,1.58291152
0.00778130017,-1.4710856,-2.91224101,8.98236423,0,3.01842018,1.52314923,1.58291173
0.00778630017,-1.46115324,-2.91213036,8.98236423,0,3.02842598,1.52315046,1.58291207
0.00779130017,-1.44977889,-2.91201973,8.98236423,0,3.03987323,1.52315184,1.58291239
0.00779630017,-1.43697379,-2.91190898,8.98236423,0,3.05275062,1.52315343,1.58291284
0.00780130017,-1.42275057,-2.91179825,8.98236423,0,3.06704545,1.52315518,1.58291327
0.00780630017,-1.40712327,-2.9116874,8.98236423,0,3.08274361,1.52315713,1.58291383
0.00781130017,-1.39010731,-2.91157657,8.98236423,0,3.09982961,1.52315923,1.58291437
0.00781630017,-1.37171947,-2.91146562,8.98236423,0,3.11828659,1.52316153,1.58291503
0.00782130017,-1.35197792,-2.91135469,8.98236423,0,3.13809633,1.52316398,1.58291568
0.00782630017,-1.33090213,-2.91124365,8.98236423,0,3.15923929,1.52316662,1.58291645
0.00783130017,-1.3085129,-2.91113262,8.98236423,0,3.18169459,1.52316941,1.58291721
0.00783630017,-1.28483232,-2.91102149,8.98236423,0,3.20544008,1.52317238,1.58291807
0.00784130017,-1.25988377,-2.91091037,8.98236423,0,3.23045233,1.5231755,1.58291893
0.00784630017,-1.23369187,-2.91079914,8.98236423,0,3.25670664,1.52317879,1.5829199
0.00785130017,-1.20628246,-2.91068793,8.98236423,0,3.28417712,1.52318222,1.58292085
0.00785630017,-1.17768259,-2.91057662,8.98236423,0,3.31283665,1.52318583,1.58292191
0.00786130017,-1.1479205,-2.91046532,8.98236423,0,3.34265694,1.52318956,1.58292296
0.00786630017,-1.11702555,-2.91035389,8.98236423,0,3.37360858,1.52319403,1.58292415
0.00787130017,-1.08502822,-2.91023852,8.98236422,0,3.405661,1.52325159,1.58292928
0.00787630017,-1.05196011,-2.91010632,8.98236422,0,3.43878259,1.52343629,1.58295125
0.00788130017,-1.01785384,-2.90994198,8.98236422,0,3.47294065,1.52376624,1.58300535
0.00788630017,-0.982743066,-2.90973704,8.98236422,0,3.50810147,1.5242408,1.58310008
0.00789130017,-0.946662446,-2.90948843,8.98236422,0,3.54423036,1.52486628,1.58323847
0.00789630017,-0.909647585,-2.90919338,8.98236422,0,3.58129166,1.52565016,1.58342333
0.00790130017,-0.871735011,-2.90884874,8.98236422,0,3.6192488,1.52660277,1.58365777
0.00790630017,-0.83296214,-2.9084503,8.98236422,0,3.65806431,1.5277376,1.58394603
0.00791130017,-0.793367236,-2.9079927,8.98236422,0,3.69769989,1.52907211,1.58429348
0.00791630017,-0.752989375,-2.90746869,8.98236422,0,3.73811643,1.53062903,1.58470735
0.00792130017,-0.711868404,-2.90686892,8.98236422,0,3.77927404,1.532438,1.585197
0.00792630017,-0.670044904,-2.9061807,8.98236422,0,3.82113209,1.53453838,1.58577512
0.00793130017,-0.627560152,-2.90538706,8.98236422,0,3.86364929,1.53698334,1.5864587
0.00793630017,-0.584456073,-2.90446413,8.98236422,0,3.90678368,1.53984686,1.58727159
0.00794130017,-0.540775206,-2.90337788,8.98236422,0,3.95049268,1.54323543,1.58824784
0.00794630017,-0.49656066,-2.90207705,8.98236422,0,3.99473316,1.54730994,1.58943872
0.00795130017,-0.451856068,-2.9004804,8.98236422,0,4.03946145,1.5523291,1.59092548
0.00795630017,-0.406705549,-2.89844785,8.98236421,0,4.08463343,1.55874766,1.59284819
0.00796130017,-0.361153661,-2.89570894,8.98236421,0,4.13020451,1.5674748,1.59547737
0.00796630017,-0.315245357,-2.89155959,8.98236421,0,4.17612971,1.58118449,1.5995171
0.00797130017,-0.269025945,-2.88331191,8.98236421,0,4.22236371,1.61084119,1.60765542
0.00797291481,-0.254041491,-2.87813017,8.98236421,0,4.23735239,1.63772494,1.61280192
0.00797369743,-0.246769007,-2.87402645,8.98236421,0,4.24462683,1.67194799,1.61688859
0.0079740489,-0.243501041,-2.87131348,8.98236421,0,4.24789565,1.70797127,1.61959391
0.00797438539,-0.240371179,-2.86755229,8.98236421,0,4.25102633,1.76108519,1.62334778
0.00797459478,-0.238423039,-2.8642564,8.98236421,0,4.25297497,1.79399064,1.62663913
0.00797477586,-0.236737929,-2.86049124,8.98236421,0,4.25466051,1.81986934,1.63040036
0.00797496801,-0.234949494,-2.85536707,8.98236421,0,4.2564494,1.84513663,1.63552037
0.00797519692,-0.232818421,-2.84737204,8.98236421,0,4.258581,1.8730678,1.64351046
0.00797540884,-0.230845097,-2.83751252,8.98236421,0,4.26055482,1.89748156,1.65336541
0.0079756301,-0.228784416,-2.8248205,8.98236421,0,4.26261601,1.9220067,1.66605269
0.00797576598,-0.22751871,-2.81610229,8.98236421,0,4.26388202,1.93672872,1.67476799
0.00797588893,-0.226373254,-2.80804187,8.98236421,0,4.26502776,1.94989318,1.68282579
0.00797601522,-0.22519655,-2.79991829,8.98236421,0,4.26620475,1.96329679,1.69094669
0.00797615575,-0.223886988,-2.7910879,8.98236421,0,4.26751462,1.97810246,1.6997741
0.00797630118,-0.222531618,-2.78205113,8.98236421,0,4.26887032,1.99333156,1.70880781
0.00797645993,-0.221051884,-2.77213765,8.98236421,0,4.2703504,2.00987593,1.71871795
0.00797664685,-0.219309327,-2.76031131,8.98236421,0,4.27209337,2.02927912,1.73054037
0.00797688206,-0.217116099,-2.74514392,8.98236421,0,4.27428711,2.05361607,1.74570286
0.0079772509,-0.213675918,-2.72062543,8.98236421,0,4.27772809,2.09167501,1.77021371
0.00797758595,-0.210549866,-2.69758125,8.98236421,0,4.28085485,2.12618719,1.79325101
0.00797801213,-0.20657219,-2.66714596,8.98236421,0,4.28483341,2.17005489,1.82367764
0.00797848555,-0.202151933,-2.63203206,8.98236421,0,4.28925463,2.21877277,1.85878204
0.00797943239,-0.193306092,-2.55804891,8.98236421,0,4.29810234,2.31622732,1.93274657
0.00798040888,-0.184176037,-2.47727841,8.98236421,0,4.30723424,2.41678443,2.01349844
0.00798236186,-0.165895472,-2.3054671,8.98236421,0,4.32551822,2.61807572,2.18527438
0.00798626783,-0.129262158,-1.93569667,8.98236421,0,4.36215728,3.02132024,2.55498205
0.00799011669,-0.0930881196,-1.55179194,8.98236421,0,4.39833558,3.41939886,2.93883595
0.00799511669,-0.046016864,-1.04149965,8.98236421,0,4.44541029,3.9372843,3.44907912
0.00800011669,0.0010998046,-0.525784,8.98236421,0,4.49252806,4.45558542,3.96476508
0.00800511669,0.0482153879,-0.00832947797,8.98236421,0,4.53964239,4.97379113,4.48220949
0.00801011669,0.0952833884,0.509424373,8.98236421,0,4.58670679,5.49140149,4.99997283
0.00801511669,0.142257356,1.0266497,8.98236421,0,4.6336748,6.00790173,5.51722725
0.00802011669,0.189090932,1.54277338,8.98236421,0,4.68050007,6.52278589,6.0333996
0.00802511669,0.235737899,2.05723459,8.98236421,0,4.7271364,7.03554309,6.54792899
0.00802704816,0.25369753,2.25516545,8.98236426,0,4.7450913,7.23128338,6.7458914
0.00802790738,0.261675141,2.34128468,8.9823647,0,4.75306669,7.29632932,6.83202558
0.00802862027,0.268288255,2.40848033,8.98236584,0,4.75967791,7.32508142,6.89923407
0.00802932616,0.274831198,2.4690229,8.98236771,0,4.76621894,7.34288906,6.95978967
0.00803008218,0.281832789,2.52688951,8.98237031,0,4.77321842,7.35604215,7.01767059
0.00803126942,0.292815037,2.60421473,8.98237523,0,4.78419726,7.37035829,7.09501888
0.00803296559,0.308476575,2.69025209,8.9823833,0,4.79985369,7.38388271,7.18109026
0.00803446526,0.322294615,2.74681695,8.98239102,0,4.813667,7.39228038,7.23768601
0.00803532917,0.330241827,2.77254832,8.98239565,0,4.82161139,7.39619936,7.26343544
0.00803639368,0.340020915,2.79866333,8.98240158,0,4.83138691,7.40037124,7.28957291
0.00803754949,0.35062157,2.82078015,8.98240839,0,4.84198357,7.40427556,7.31171434
0.00803865997,0.360789006,2.83711974,8.98241536,0,4.85214705,7.40755578,7.32807773
0.00804040749,0.376753421,2.85551018,8.98242706,0,4.86810502,7.41200941,7.34650585
0.008042242,0.393463679,2.86832868,8.98243992,0,4.88480821,7.41598411,7.35936412
0.00804403377,0.409734049,2.8767399,8.98245253,0,4.90107138,7.41934659,7.36781433
0.00804709176,0.437381587,2.88574519,8.98247336,0,4.92870596,7.42420942,7.37688637
0.00805209176,0.48223443,2.89338744,8.98250493,0,4.97353581,7.43051606,7.38463807
0.00805709176,0.526611365,2.89713313,8.98253375,0,5.01788752,7.43546806,7.38849344
0.00806209176,0.570468599,2.89940829,8.98256063,0,5.06171733,7.43951568,7.39087837
0.00806709176,0.613762849,2.90094902,8.982586,0,5.10498197,7.44286958,7.39252896
0.00807209176,0.656451389,2.90213161,8.98260993,0,5.14763876,7.44571013,7.39382146
0.00807709176,0.698492091,2.90306234,8.98263239,0,5.1896456,7.44814043,7.39486214
0.00808209176,0.739843465,2.90381702,8.98265335,0,5.23096103,7.45023075,7.3957268
0.00808709176,0.780464704,2.90443278,8.98267273,0,5.27154428,7.45203237,7.39645256
0.00809209176,0.820315718,2.90493767,8.98269047,0,5.31135529,7.45358346,7.39706748
0.00809709176,0.859357179,2.90534934,8.98270651,0,5.35035478,7.45491286,7.39758919
0.00810209176,0.897550558,2.90568161,8.98272077,0,5.38850426,7.45604267,7.39803152
0.00810709176,0.934858164,2.90594408,8.98273321,0,5.42576609,7.45698992,7.39840405
0.00811209176,0.971243177,2.9061445,8.98274377,0,5.46210348,7.45776777,7.39871455
0.00811709176,1.00666969,2.90628831,8.98275241,0,5.49748059,7.45838625,7.39896845
0.00812209176,1.04110274,2.90638004,8.98275909,0,5.53186249,7.45885286,7.39917027
0.00812709176,1.07450835,2.90642267,8.98276378,0,5.56521525,7.45917289,7.39932298
0.00813209176,1.10685355,2.90641866,8.98276646,0,5.59750596,7.4593497,7.39942906
0.00813709176,1.13810642,2.90637042,8.9827673,0,5.62870276,7.45939838,7.39949092
0.00814209176,1.16823612,2.90628712,8.98276729,0,5.65877486,7.45939478,7.3995177
0.00814709176,1.1972129,2.90618507,8.98276731,0,5.68769257,7.45939556,7.39952574
0.00815209176,1.22500818,2.90607737,8.98276731,0,5.71542736,7.45939536,7.39952812
0.00815709176,1.25159453,2.90596805,8.98276731,0,5.74195187,7.4593954,7.39952887
0.00816209176,1.27694571,2.90585822,8.98276732,0,5.7672399,7.45939539,7.39952912
0.00816709176,1.30103669,2.90574819,8.98276731,0,5.79126652,7.45939538,7.39952916
0.00817209176,1.32384371,2.90563818,8.98276732,0,5.814008,7.45939538,7.39952922
0.00817709176,1.34534425,2.90552809,8.98276732,0,5.8354419,7.45939536,7.39952918
0.00818209176,1.3655171,2.90541807,8.98276732,0,5.85554707,7.45939537,7.39952922
0.00818709176,1.38434235,2.90530798,8.98276732,0,5.87430368,7.45939535,7.39952918
0.00819209176,1.40180142,2.90519797,8.98276732,0,5.8916932,7.45939535,7.39952922
0.00819709176,1.41787709,2.90508789,8.98276732,0,5.90769848,7.45939534,7.39952918
0.00820209176,1.43255347,2.90497788,8.98276732,0,5.92230372,7.45939534,7.39952921
0.00820709176,1.44581611,2.90486781,8.98276732,0,5.93549452,7.45939533,7.39952917
0.00821209176,1.45765189,2.90475781,8.98276732,0,5.94725784,7.45939533,7.39952921
0.00821709176,1.46804915,2.90464775,8.98276732,0,5.95758209,7.45939531,7.39952917
0.00822209176,1.47699762,2.90453776,8.98276732,0,5.96645707,7.45939531,7.39952921
0.00822709176,1.48448848,2.90442771,8.98276732,0,5.97387402,7.4593953,7.39952917
0.00823209176,1.49051432,2.90431772,8.98276732,0,5.97982564,7.4593953,7.3995292
0.00823709176,1.49506921,2.90420768,8.98276732,0,5.98430603,7.45939529,7.39952917
0.00824209176,1.49814864,2.90409771,8.98276732,0,5.98731079,7.45939529,7.3995292
0.00824709176,1.49974958,2.90398767,8.98276732,0,5.98883694,7.45939528,7.39952916
0.00825209176,1.49987045,2.9038777,8.98276732,0,5.98888299,7.45939528,7.39952919
0.00825709176,1.49851113,2.90376768,8.98276732,0,5.98744887,7.45939526,7.39952916
0.00826209176,1.49567296,2.90365772,8.98276732,0,5.98453602,7.45939526,7.39952919
0.00826709176,1.49135874,2.9035477,8.98276732,0,5.98014731,7.45939525,7.39952916
0.00827209176,1.48557272,2.90343775,8.98276733,0,5.97428706,7.45939525,7.39952919
0.00827709176,1.47832063,2.90332774,8.98276733,0,5.96696106,7.45939524,7.39952916
0.00828209176,1.46960962,2.90321779,8.98276733,0,5.95817654,7.45939524,7.39952918
0.00828709176,1.45944827,2.9031078,8.98276733,0,5.94794218,7.45939523,7.39952915
0.00829209176,1.44784663,2.90299786,8.98276733,0,5.93626806,7.45939522,7.39952918
0.00829709176,1.43481614,2.90288787,8.98276733,0,5.92316571,7.45939521,7.39952915
0.00830209176,1.42036965,2.90277794,8.98276733,0,5.90864806,7.45939521,7.39952918
0.00830709176,1.40452144,2.90266796,8.98276733,0,5.89272945,7.4593952,7.39952915
0.00831209176,1.38728713,2.90255804,8.98276733,0,5.87542557,7.4593952,7.39952917
0.00831709176,1.36868373,2.90244807,8.98276733,0,5.85675351,7.45939519,7.39952915
0.00832209176,1.34872961,2.90233815,8.98276733,0,5.83673169,7.45939519,7.39952917
0.00832709176,1.32744446,2.90222819,8.98276733,0,5.81537987,7.45939518,7.39952914
0.00833209176,1.30484928,2.90211828,8.98276733,0,5.79271913,7.45939517,7.39952916
0.00833709176,1.28096637,2.90200833,8.98276733,0,5.76877183,7.45939516,7.39952914
0.00834209176,1.2558193,2.90189843,8.98276733,0,5.74356159,7.45939516,7.39952916
0.00834709176,1.22943289,2.90178849,8.98276733,0,5.71711331,7.45939515,7.39952914
0.00835209176,1.20183318,2.90167859,8.98276733,0,5.68945308,7.45939515,7.39952916
0.00835709176,1.1730474,2.90156866,8.98276733,0,5.6606082,7.45939514,7.39952914
0.00836209176,1.14310397,2.90145877,8.98276733,0,5.63060714,7.45939514,7.39952915
0.00836709176,1.11203243,2.90134809,8.98276722,0,5.5994795,7.45938601,7.39952837
0.00837209176,1.07986345,2.90122941,8.98276602,0,5.567256,7.45929543,7.39951959
0.00837709176,1.04662878,2.90108671,8.9827628,0,5.53396845,7.45906093,7.39948679
0.00838209176,1.01236121,2.90090619,8.98275759,0,5.4996497,7.45868196,7.39941615
0.00838709176,0.977094558,2.90068195,8.98275041,0,5.4643336,7.45815414,7.39930179
0.00839209176,0.940863635,2.90041142,8.98274128,0,5.42805503,7.45747138,7.39914113
0.00839709176,0.903704192,2.90009165,8.98273025,0,5.39084977,7.45662513,7.39893122
0.00840209176,0.865652902,2.89971932,8.98271736,0,5.35275456,7.45560411,7.39866873
0.00840709176,0.826747318,2.89928986,8.98270268,0,5.31380697,7.45439359,7.3983491
0.00841209176,0.787025834,2.89879743,8.98268626,0,5.27404545,7.4529745,7.39796649
0.00841709176,0.74652765,2.89823421,8.98266817,0,5.23350925,7.45132205,7.39751305
0.00842209176,0.705292734,2.89758995,8.98264849,0,5.19223835,7.44940365,7.39697857
0.00842709176,0.663361779,2.89685078,8.9826273,0,5.1502735,7.44717587,7.39634914
0.00843209176,0.620776166,2.89599784,8.98260469,0,5.10765611,7.44457939,7.39560591
0.00843709176,0.577577921,2.89500446,8.98258073,0,5.06442824,7.44153085,7.3947222
0.00844209176,0.533809677,2.89383192,8.98255553,0,5.02063254,7.43790828,7.39365931
0.00844709176,0.489514628,2.89242091,8.98252917,0,4.97631224,7.43352388,7.39235788
0.00845209176,0.444736486,2.89067493,8.98250172,0,4.93151108,7.42806714,7.39072143
0.00845709176,0.399519444,2.88842179,8.98247324,0,4.88627327,7.42097095,7.38857775
0.00846209176,0.353908124,2.88531049,8.98244373,0,4.84064345,7.41103133,7.38557579
0.00846709176,0.307947539,2.88030539,8.98241307,0,4.79466667,7.39414596,7.38067989
0.00847006863,0.280436597,2.87516849,8.98239412,0,4.76714717,7.37454947,7.37560789
0.00847152142,0.266974301,2.87113579,8.98238466,0,4.753681,7.35509665,7.37160681
0.00847223013,0.260398878,2.86831991,8.98238005,0,4.74710376,7.33696573,7.36880634
0.00847256599,0.257280936,2.86661449,8.9823779,0,4.74398497,7.32254486,7.36710822
0.00847286639,0.254491218,2.86473691,8.98237607,0,4.7411945,7.30194853,7.36523716
0.00847314743,0.251880486,2.86247891,8.9823745,0,4.73858308,7.26972365,7.36298526
0.00847349168,0.248681468,2.85851256,8.98237286,0,4.73538322,7.21496015,7.35902637
0.00847369071,0.246831459,2.85527975,8.98237197,0,4.73353274,7.18434801,7.35579786
0.00847387542,0.245114206,2.85134005,8.98237109,0,4.73181504,7.15846436,7.35186216
0.00847407032,0.243301816,2.84599379,8.98237008,0,4.73000219,7.13327473,7.3465201
0.0084743069,0.241101367,2.83745969,8.98236878,0,4.72780118,7.10481919,7.3379911
0.00847451889,0.239129163,2.82723199,8.98236762,0,4.72582848,7.08066514,7.32776795
0.00847474103,0.237062068,2.81412052,8.98236654,0,4.72376088,7.05623332,7.31466122
0.00847486844,0.235876302,2.80581069,8.98236601,0,4.72257482,7.04250372,7.30635411
0.00847499198,0.234726322,2.79764867,8.9823656,0,4.72142456,7.02932981,7.29819471
0.00847512315,0.23350524,2.78918051,8.98236525,0,4.72020318,7.0154579,7.28972932
0.00847526474,0.232186999,2.78026809,8.98236497,0,4.71888462,7.00058713,7.28081989
0.00847540207,0.230908232,2.77170966,8.98236477,0,4.71760554,6.98624137,7.27226435
0.00847555999,0.229437453,2.76180622,8.98236461,0,4.71613441,6.9698142,7.26236421
0.00847574066,0.227754594,2.75033716,8.98236449,0,4.71445115,6.95108851,7.25089893
0.00847600455,0.225295978,2.73323918,8.98236438,0,4.71199195,6.92382167,7.23380643
0.00847634292,0.222142557,2.71066955,8.98236431,0,4.7088378,6.8889478,7.21124378
0.00847673394,0.218497259,2.68362302,8.98236428,0,4.70519167,6.84870988,7.18420524
0.0084771913,0.214231854,2.6507108,8.98236427,0,4.7009253,6.80167715,7.15130225
0.00847781197,0.208440571,2.60401225,8.98236427,0,4.69513275,6.73785735,7.10461606
0.00847892531,0.198044366,2.51518516,8.98236426,0,4.68473436,6.62333571,7.01581056
0.00848029138,0.18527503,2.39891937,8.98236426,0,4.6719625,6.48271115,6.89957019
0.00848302352,0.159696352,2.14983865,8.98236426,0,4.6463793,6.20110057,6.65053656
0.00848682427,0.124036513,1.78071878,8.98236427,0,4.61071434,5.80862002,6.28147328
0.00849105665,0.084244773,1.35408818,8.98236427,0,4.57091849,5.37076742,5.85489293
0.00849605665,0.0371614327,0.84132157,8.98236427,0,4.52383247,4.85277984,5.3421679
0.00850105665,-0.00995858149,0.324816056,8.98236427,0,4.47671212,4.33447035,4.82568447
0.00850605665,-0.0570687678,-0.192865686,8.98236427,0,4.42960397,3.8163481,4.30800523
0.00851105665,-0.104122634,-0.710593609,8.98236427,0,4.38255448,3.29891838,3.79026019
0.00851605665,-0.151073744,-1.22766388,8.98236426,0,4.3356101,2.78269354,3.27315321
0.00852105665,-0.197875762,-1.74351253,8.98236426,0,4.28881716,2.26818123,2.75724829
0.00852605665,-0.244482501,-2.25725026,8.98236426,0,4.24222182,1.75694295,2.24343479
0.00852748692,-0.257772207,-2.39727852,8.98236426,0,4.22893581,1.66309735,2.10338132
0.00852869752,-0.269004571,-2.50080351,8.98236426,0,4.21770672,1.63364444,1.99983386
0.00852969391,-0.278237696,-2.57222879,8.98236426,0,4.20847639,1.61900331,1.92838943
0.00853073295,-0.287854468,-2.63474603,8.98236426,0,4.19886263,1.60827954,1.8658517
0.00853251844,-0.304351105,-2.71878115,8.98236426,0,4.1823714,1.5954753,1.78178037
0.00853356399,-0.313993614,-2.75627557,8.98236426,0,4.1727322,1.58991005,1.74426427
0.00853461155,-0.323640999,-2.78695777,8.98236426,0,4.16308822,1.58525023,1.71356007
0.00853553854,-0.332166367,-2.80900946,8.98236426,0,4.15456596,1.58169554,1.69148873
0.00853648436,-0.340853236,-2.82733005,8.98236426,0,4.14588234,1.57849415,1.67314796
0.00853837599,-0.358190555,-2.85385324,8.98236426,0,4.12855176,1.5730595,1.64658406
0.00853985203,-0.371683896,-2.86769018,8.98236426,0,4.11506391,1.56948636,1.63271512
0.00854147143,-0.386450872,-2.87830673,8.98236426,0,4.10030318,1.56606568,1.62206333
0.00854383306,-0.407914033,-2.88851594,8.98236426,0,4.07884956,1.56178539,1.61180253
0.00854682525,-0.434978274,-2.89628714,8.98236426,0,4.05179813,1.55724917,1.60396577
0.0085505556,-0.468502815,-2.9018028,8.98236426,0,4.01829069,1.55258091,1.59836817
0.00855455834,-0.504188439,-2.90522828,8.98236426,0,3.9826248,1.54843921,1.59485465
0.00855810976,-0.535584234,-2.90721628,8.98236426,0,3.95124771,1.54531331,1.59278846
0.00856213141,-0.570814149,-2.90881414,8.98236426,0,3.91604031,1.54226489,1.59110201
0.00856587869,-0.603313072,-2.90995463,8.98236426,0,3.88356363,1.53979468,1.58987892
0.00857041462,-0.642202525,-2.91104564,8.98236426,0,3.84470272,1.53718801,1.5886879
0.00857465458,-0.678083442,-2.91186464,8.98236426,0,3.80885006,1.53506889,1.58777538
0.00857924211,-0.716362911,-2.91259304,8.98236426,0,3.77060287,1.5330643,1.58694577
0.00858424211,-0.757405237,-2.91324265,8.98236426,0,3.72959771,1.53117057,1.58618582
0.00858924211,-0.797700095,-2.91377239,8.98236426,0,3.68934204,1.5295397,1.58554571
0.00859424211,-0.83720772,-2.91420369,8.98236426,0,3.6498756,1.52813918,1.58500404
0.00859924211,-0.875889121,-2.91455228,8.98236426,0,3.61123733,1.52694434,1.58454505
0.00860424211,-0.913706126,-2.91482911,8.98236426,0,3.57346537,1.5259363,1.58415782
0.00860924211,-0.950621413,-2.91504296,8.98236425,0,3.53659699,1.52510051,1.58383356
0.00861424211,-0.986598552,-2.91519988,8.98236425,0,3.50066858,1.52442577,1.58356621
0.00861924211,-1.02160204,-2.91530505,8.98236425,0,3.46571559,1.52390367,1.58335062
0.00862424211,-1.05559732,-2.91536176,8.98236425,0,3.43177252,1.52352811,1.58318348
0.00862924211,-1.08855086,-2.91537297,8.98236425,0,3.39887287,1.52329504,1.58306184
0.00863424211,-1.12043014,-2.91534024,8.98236425,0,3.3670491,1.52320104,1.58298414
0.00863924211,-1.15120368,-2.91526918,8.98236425,0,3.33633263,1.5231894,1.58294477
0.00864424211,-1.18084112,-2.91517319,8.98236425,0,3.30675376,1.5231877,1.58293033
0.00864924211,-1.20931322,-2.91506766,8.98236425,0,3.27834168,1.52318356,1.58292544
0.00865424211,-1.23659187,-2.91495948,8.98236425,0,3.25112444,1.52318018,1.58292321
0.00865924211,-1.26265015,-2.91485055,8.98236425,0,3.2251289,1.5231768,1.58292172
0.00866424211,-1.28746235,-2.91474121,8.98236425,0,3.2003807,1.52317362,1.58292066
0.00866924211,-1.31100398,-2.91463187,8.98236425,0,3.17690428,1.52317059,1.58291959
0.00867424211,-1.33325181,-2.91452234,8.98236425,0,3.1547228,1.52316772,1.58291872
0.00867924211,-1.35418387,-2.91441288,8.98236425,0,3.13385816,1.52316502,1.58291779
0.00868424211,-1.37377953,-2.91430325,8.98236425,0,3.11433094,1.5231625,1.58291702
0.00868924211,-1.39201942,-2.91419369,8.98236425,0,3.09616042,1.52316014,1.58291619
0.00869424211,-1.40888557,-2.91408397,8.98236424,0,3.07936452,1.52315795,1.58291553
0.00869924211,-1.42436131,-2.91397431,8.98236424,0,3.06395983,1.52315594,1.58291481
0.00870424211,-1.43843138,-2.9138645,8.98236424,0,3.04996154,1.52315412,1.58291425
0.00870924211,-1.45108189,-2.91375474,8.98236424,0,3.03738348,1.52315246,1.58291363
0.00871424211,-1.46230036,-2.91364483,8.98236424,0,3.02623805,1.523151,1.58291318
0.00871924211,-1.47207572,-2.91353497,8.98236424,0,3.01653625,1.52314971,1.58291267
0.00872424211,-1.48039831,-2.91342496,8.98236424,0,3.00828766,1.52314861,1.58291233
0.00872924211,-1.48725993,-2.91331499,8.98236424,0,3.00150042,1.52314769,1.58291194
0.00873424211,-1.4926538,-2.91320488,8.98236424,0,2.99618123,1.52314696,1.5829117
0.00873924211,-1.49657461,-2.91309481,8.98236424,0,2.99233533,1.52314641,1.58291142
0.00874424211,-1.49901848,-2.91298459,8.98236424,0,2.98996653,1.52314606,1.5829113
0.00874924211,-1.49998299,-2.91287442,8.98236424,0,2.98907715,1.52314588,1.58291113
0.00875424211,-1.49946721,-2.9127641,8.98236424,0,2.98966809,1.5231459,1.58291112
0.00875924211,-1.49747163,-2.91265381,8.98236424,0,2.99173875,1.52314611,1.58291107
0.00876424211,-1.49399823,-2.91254339,8.98236424,0,2.99528709,1.5231465,1.58291117
0.00876924211,-1.48905043,-2.912433,8.98236424,0,3.00030961,1.52314708,1.58291123
0.00877424211,-1.48263312,-2.91232248,8.98236424,0,3.00680136,1.52314785,1.58291144
0.00877924211,-1.47475262,-2.91221198,8.98236423,0,3.01475592,1.5231488,1.58291162
0.00878424211,-1.46541673,-2.91210136,8.98236423,0,3.02416545,1.52314994,1.58291194
0.00878924211,-1.45463465,-2.91199076,8.98236423,0,3.03502066,1.52315125,1.58291224
0.00879424211,-1.44241701,-2.91188003,8.98236423,0,3.04731084,1.52315276,1.58291267
0.00879924211,-1.42877589,-2.91176932,8.98236423,0,3.06102386,1.52315444,1.58291307
0.00880424211,-1.41372474,-2.9116585,8.98236423,0,3.07614619,1.52315631,1.58291361
0.00880924211,-1.39727841,-2.91154769,8.98236423,0,3.0926629,1.52315835,1.58291413
0.00881424211,-1.37945313,-2.91143676,8.98236423,0,3.11055769,1.52316056,1.58291477
0.00881924211,-1.36026651,-2.91132586,8.98236423,0,3.12981291,1.52316295,1.5829154
0.00882424211,-1.33973746,-2.91121483,8.98236423,0,3.15040954,1.52316552,1.58291614
0.00882924211,-1.31788625,-2.91110383,8.98236423,0,3.17232728,1.52316824,1.58291688
0.00883424211,-1.29473445,-2.91099271,8.98236423,0,3.19554448,1.52317114,1.58291773
0.00883924211,-1.27030491,-2.91088162,8.98236423,0,3.22003823,1.5231742,1.58291856
0.00884424211,-1.24462172,-2.91077041,8.98236423,0,3.24578436,1.52317742,1.58291951
0.00884924211,-1.21771025,-2.91065922,8.98236423,0,3.27275746,1.5231808,1.58292044
0.00885424211,-1.18959704,-2.91054793,8.98236423,0,3.30093091,1.52318433,1.58292148
0.00885924211,-1.16030984,-2.91043666,8.98236423,0,3.33027692,1.52318801,1.58292251
0.00886424211,-1.12987756,-2.91032528,8.98236423,0,3.36076651,1.52319184,1.58292365
0.00886924211,-1.09833022,-2.91021235,8.98236422,0,3.3923696,1.52321732,1.58292634
0.00887424211,-1.06569897,-2.91008907,8.98236422,0,3.425055,1.52334205,1.58293938
0.00887924211,-1.032016,-2.90993966,8.98236422,0,3.45879046,1.52361402,1.58297857
0.00888424211,-0.99731455,-2.90975189,8.98236422,0,3.49354268,1.52402833,1.58305612
0.00888924211,-0.961628874,-2.9095215,8.98236422,0,3.52927736,1.52459123,1.5831763
0.00889424211,-0.924994187,-2.90924584,8.98236422,0,3.56595924,1.52530904,1.58334175
0.00889924211,-0.887446642,-2.90892199,8.98236422,0,3.60355213,1.526191,1.58355541
0.00890424211,-0.849023295,-2.90854618,8.98236422,0,3.64201891,1.52724922,1.58382103
0.00890924211,-0.809762064,-2.90811363,8.98236422,0,3.68132163,1.52849939,1.58414342
0.00891424211,-0.769701695,-2.90761784,8.98236422,0,3.7214215,1.52996192,1.58452907
0.00891924211,-0.728881724,-2.90705049,8.98236422,0,3.76227895,1.53166333,1.58498629
0.00892424211,-0.687342435,-2.90640032,8.98236422,0,3.80385365,1.53363862,1.58552636
0.00892924211,-0.645124822,-2.90565239,8.98236422,0,3.84610458,1.53593462,1.58616421
0.00893424211,-0.602270548,-2.90478592,8.98236422,0,3.88899004,1.53861572,1.58692064
0.00893924211,-0.558821906,-2.90377172,8.98236422,0,3.93246771,1.54177314,1.58782482
0.00894424211,-0.514821775,-2.90256663,8.98236422,0,3.97649468,1.54554184,1.58891994
0.00894924211,-0.470313576,-2.90110404,8.98236422,0,4.02102751,1.5501328,1.59027262
0.00895424211,-0.425341235,-2.89927311,8.98236421,0,4.06602223,1.55590226,1.5919937
0.00895924211,-0.379949133,-2.89687104,8.98236421,0,4.11143445,1.56352122,1.59428599
0.00896424211,-0.334182068,-2.89346536,8.98236421,0,4.15721936,1.57448594,1.597582
0.00896924211,-0.288085205,-2.88762384,8.98236421,0,4.20333177,1.59463087,1.60331403
0.00897152049,-0.266982897,-2.88301551,8.98236421,0,4.22444039,1.61342515,1.60787256
0.00897272939,-0.25576366,-2.87922262,8.98236421,0,4.23566278,1.63327245,1.61163907
0.00897328817,-0.250572827,-2.87678282,8.98236421,0,4.24085503,1.65044142,1.61406668
0.00897359499,-0.247721215,-2.87510156,8.98236421,0,4.2437074,1.66592209,1.61574125
0.00897387006,-0.245164,-2.87324601,8.98236421,0,4.24626529,1.68812214,1.61759081
0.00897416025,-0.242465372,-2.87068247,8.98236421,0,4.24896463,1.72621539,1.62014804
0.00897449187,-0.239380551,-2.866411,8.98236421,0,4.25205025,1.7799114,1.6244123
0.0089746834,-0.23759842,-2.86292886,8.98236421,0,4.25383283,1.80836891,1.62789029
0.00897487684,-0.235798058,-2.85834873,8.98236421,0,4.25563365,1.83459102,1.63246623
0.00897508114,-0.233896371,-2.85206928,8.98236421,0,4.25753582,1.86020761,1.63874126
0.00897529762,-0.231880843,-2.84326418,8.98236421,0,4.25955185,1.8857014,1.64754169
0.00897552345,-0.229777815,-2.83148554,8.98236421,0,4.2616554,1.91110061,1.65931547
0.00897581188,-0.227091132,-2.81319937,8.98236421,0,4.26434274,1.94243458,1.67759547
0.00897592819,-0.226007432,-2.80553978,8.98236421,0,4.2654267,1.95482745,1.68525259
0.00897604192,-0.22494778,-2.79823661,8.98236421,0,4.26648661,1.9668555,1.69255335
0.0089761741,-0.223716021,-2.78991422,8.98236421,0,4.26771867,1.98075095,1.70087294
0.00897636887,-0.221900748,-2.77774158,8.98236421,0,4.26953437,2.00110204,1.71304147
0.00897657032,-0.220022764,-2.76507084,8.98236421,0,4.2714128,2.02204054,1.72570798
0.00897676168,-0.218238619,-2.75282278,8.98236421,0,4.27319736,2.04185824,1.73795204
0.00897701135,-0.215910351,-2.73648912,8.98236421,0,4.27552617,2.06764909,1.75428051
0.00897734018,-0.212843009,-2.714358,8.98236421,0,4.27859422,2.1015508,1.77640484
0.00897771876,-0.209310416,-2.68797051,8.98236421,0,4.28212761,2.1405342,1.80278458
0.0089781909,-0.204903299,-2.65375343,8.98236421,0,4.2865357,2.18912356,1.83699211
0.0089789031,-0.198251807,-2.59962426,8.98236421,0,4.29318863,2.2624166,1.89110711
0.00897994773,-0.188488596,-2.51550651,8.98236421,0,4.30295385,2.36995989,1.97520462
0.00898172628,-0.171847555,-2.36218832,8.98236421,0,4.31959809,2.55321269,2.12848995
0.00898528339,-0.138503174,-2.03073494,8.98236421,0,4.35294798,2.92028218,2.45988413
0.00898898824,-0.103700576,-1.66475152,8.98236421,0,4.38775505,3.30329211,2.8258157
0.00899398824,-0.056645997,-1.15664454,8.98236421,0,4.43481361,3.82101809,3.33386924
0.00899898824,-0.00953551561,-0.641675811,8.98236421,0,4.48192572,4.33926972,3.84880391
0.00900398824,0.0375843762,-0.12443333,8.98236421,0,4.52904489,4.85754,4.36603188
0.00900898824,0.0846671767,0.393334504,8.98236421,0,4.57612461,5.37532971,4.88380481
0.00901398824,0.131666421,0.910738818,8.98236421,0,4.62311843,5.89212444,5.40123382
0.00901898824,0.178535726,1.42715633,8.98236421,0,4.66997996,6.4074179,5.91769562
0.00902398824,0.225228839,1.94204101,8.98236421,0,4.71666295,6.9206996,6.4326441
0.00902595505,0.24353771,2.14405207,8.98236421,0,4.73496721,7.12192372,6.63468561
0.00902721724,0.255267979,2.27312921,8.98236429,0,4.74669433,7.24741712,6.76378386
0.00902784367,0.261083832,2.33595016,8.98236462,0,4.75250856,7.29289728,6.82661575
0.00902850302,0.267200922,2.39865755,8.9823656,0,4.7586239,7.32144973,6.88933496
0.009029209,0.273745567,2.4601591,8.98236737,0,4.76516664,7.34053266,6.95084951
0.00902989564,0.280105767,2.51393956,8.98236964,0,4.77152493,7.3532733,7.00464291
0.00903109915,0.291240909,2.59464831,8.9823745,0,4.78265663,7.3686944,7.08537495
0.00903265208,0.305584366,2.67666441,8.98238178,0,4.79699545,7.38182827,7.16742205
0.00903367285,0.3149968,2.71909628,8.98238693,0,4.80640472,7.38818354,7.20987478
0.00903463674,0.323872844,2.75236187,8.98239197,0,4.81527768,7.39313914,7.24316035
0.0090354813,0.331640301,2.77674152,8.98239652,0,4.82304236,7.3968659,7.26755769
0.00903648392,0.340849247,2.80067409,8.98240213,0,4.83224794,7.40072228,7.29151144
0.0090377025,0.352023548,2.82339334,8.98240936,0,4.84341801,7.40477317,7.31425665
0.00903929115,0.36656032,2.84476566,8.98241953,0,4.85794907,7.40927038,7.33566308
0.00904090964,0.381332527,2.85967123,8.98243059,0,4.87271522,7.41317485,7.35060362
0.00904257279,0.396471229,2.87020685,8.98244229,0,4.88784745,7.41665256,7.36117534
0.00904484,0.417038361,2.87971332,8.98245816,0,4.90840536,7.42073529,7.37073119
0.00904810633,0.44651917,2.88788735,8.98248006,0,4.93787206,7.42564009,7.37897658
0.00905310633,0.49127901,2.89440294,8.98251099,0,4.98260845,7.4316196,7.38560168
0.00905810633,0.535554016,2.89774199,8.98253938,0,5.02685778,7.43635645,7.38905043
0.00906310633,0.579300496,2.89983394,8.98256593,0,5.07057638,7.44024868,7.39125218
0.00906810633,0.622475276,2.90128888,8.982591,0,5.11372112,7.44348775,7.39281699
0.00907310633,0.665035748,2.90241303,8.98261464,0,5.15624941,7.4462375,7.39405106
0.00907810633,0.70693991,2.90330366,8.9826368,0,5.19811928,7.44859336,7.39505165
0.00908310633,0.748146407,2.90402729,8.98265744,0,5.23928941,7.45062105,7.39588527
0.00908810633,0.788614575,2.90461861,8.98267649,0,5.27971917,7.45236876,7.3965866
0.00909310633,0.828304475,2.90510315,8.98269389,0,5.31936867,7.45387249,7.39718117
0.00909810633,0.867176939,2.90549767,8.98270957,0,5.35819876,7.4551595,7.39768574
0.00910310633,0.905193603,2.90581494,8.98272346,0,5.39617114,7.45625077,7.39811307
0.00910810633,0.942316951,2.9060642,8.98273552,0,5.43324833,7.45716245,7.39847241
0.00911310633,0.978510346,2.90625262,8.98274569,0,5.46939374,7.457907,7.39877091
0.00911810633,1.01373807,2.9063855,8.98275393,0,5.50457169,7.4584939,7.39901388
0.00912310633,1.04796536,2.90646695,8.98276021,0,5.53874747,7.45893017,7.39920541
0.00912810633,1.08115843,2.90649989,8.9827645,0,5.57188736,7.45922068,7.39934845
0.00913310633,1.11328452,2.90648648,8.98276676,0,5.60395864,7.45936841,7.39944514
0.00913810633,1.14431194,2.90643011,8.98276733,0,5.63492968,7.4593999,7.39949886
0.00914310633,1.17421007,2.9063416,8.98276728,0,5.66476989,7.45939437,7.39952044
0.00914810633,1.20294939,2.9062376,8.98276731,0,5.69344984,7.45939567,7.39952652
0.00915310633,1.23050154,2.90612934,8.98276731,0,5.72094123,7.45939534,7.39952835
0.00915810633,1.25683934,2.90601988,8.98276731,0,5.74721691,7.45939541,7.39952897
0.00916310633,1.28193679,2.90590997,8.98276732,0,5.77225096,7.45939539,7.39952913
0.00916810633,1.30576912,2.90579995,8.98276731,0,5.79601868,7.45939538,7.39952918
0.00917310633,1.32831281,2.9056899,8.98276732,0,5.81849661,7.45939538,7.3995292
0.00917810633,1.34954562,2.90557984,8.98276732,0,5.83966256,7.45939537,7.39952919
0.00918310633,1.36944659,2.90546979,8.98276732,0,5.85949565,7.45939537,7.39952921
0.00918810633,1.38799609,2.90535972,8.98276732,0,5.8779763,7.45939535,7.39952919
0.00919310633,1.4051758,2.90524968,8.98276732,0,5.89508629,7.45939535,7.3995292
0.00919810633,1.42096877,2.90513963,8.98276732,0,5.91080871,7.45939534,7.39952919
0.00920310633,1.43535941,2.90502959,8.98276732,0,5.92512806,7.45939534,7.3995292
0.00920810633,1.44833353,2.90491954,8.98276732,0,5.93803021,7.45939533,7.39952919
0.00921310633,1.45987832,2.90480952,8.98276732,0,5.94950241,7.45939533,7.3995292
0.00921810633,1.46998239,2.90469948,8.98276732,0,5.95953336,7.45939532,7.39952919
0.00922310633,1.47863576,2.90458946,8.98276732,0,5.96811315,7.45939532,7.39952919
0.00922810633,1.48582989,2.90447943,8.98276732,0,5.97523331,7.4593953,7.39952918
0.00923310633,1.49155769,2.90436942,8.98276732,0,5.98088682,7.4593953,7.39952919
0.00923810633,1.4958135,2.9042594,8.98276732,0,5.98506809,7.45939529,7.39952918
0.00924310633,1.49859313,2.9041494,8.98276732,0,5.98777301,7.45939529,7.39952919
0.00924810633,1.49989382,2.90403939,8.98276732,0,5.98899891,7.45939528,7.39952918
0.00925310633,1.49971431,2.90392939,8.98276732,0,5.98874456,7.45939528,7.39952918
0.00925810633,1.49805475,2.90381939,8.98276732,0,5.98701023,7.45939527,7.39952917
0.00926310633,1.49491679,2.90370941,8.98276732,0,5.98379762,7.45939526,7.39952918
0.00926810633,1.49030354,2.90359941,8.98276732,0,5.97910992,7.45939525,7.39952917
0.00927310633,1.48421953,2.90348943,8.98276733,0,5.97295173,7.45939525,7.39952918
0.00927810633,1.47667078,2.90337944,8.98276733,0,5.96532915,7.45939524,7.39952917
0.00928310633,1.46766473,2.90326948,8.98276733,0,5.95624968,7.45939524,7.39952917
0.00928810633,1.45721027,2.9031595,8.98276733,0,5.94572231,7.45939523,7.39952916
0.00929310633,1.44531772,2.90304954,8.98276733,0,5.9337574,7.45939523,7.39952917
0.00929810633,1.43199882,2.90293957,8.98276733,0,5.92036678,7.45939522,7.39952916
0.00930310633,1.41726671,2.90282961,8.98276733,0,5.90556365,7.45939521,7.39952917
0.00930810633,1.40113593,2.90271965,8.98276733,0,5.88936263,7.4593952,7.39952916
0.00931310633,1.3836224,2.90260971,8.98276733,0,5.8717797,7.4593952,7.39952916
0.00931810633,1.36474339,2.90249975,8.98276733,0,5.85283222,7.45939519,7.39952916
0.00932310633,1.34451755,2.90238982,8.98276733,0,5.83253888,7.45939519,7.39952916
0.00932810633,1.32296484,2.90227987,8.98276733,0,5.81091972,7.45939518,7.39952915
0.00933310633,1.30010652,2.90216994,8.98276733,0,5.78799606,7.45939518,7.39952916
0.00933810633,1.27596515,2.90206001,8.98276733,0,5.76379054,7.45939517,7.39952915
0.00934310633,1.25056455,2.90195009,8.98276733,0,5.73832704,7.45939516,7.39952915
0.00934810633,1.2239298,2.90184016,8.98276733,0,5.71163068,7.45939515,7.39952915
0.00935310633,1.19608718,2.90173025,8.98276733,0,5.68372782,7.45939515,7.39952915
0.00935810633,1.16706416,2.90162033,8.98276733,0,5.654646,7.45939514,7.39952914
0.00936310633,1.1368894,2.90151043,8.98276733,0,5.6244139,7.45939514,7.39952915
0.00936810633,1.10559266,2.90139894,8.98276709,0,5.59306138,7.45937622,7.39952757
0.00937310633,1.07320483,2.90127678,8.98276554,0,5.56061936,7.45926049,7.39951531
0.00937810633,1.03975788,2.90112744,8.98276191,0,5.52711987,7.45899627,7.39947586
0.00938310633,1.00528482,2.90093844,8.9827563,0,5.49259597,7.45858794,7.39939674
0.00938810633,0.96981966,2.90070509,8.98274873,0,5.45708173,7.45802944,7.39927328
0.00939310633,0.933397406,2.90042489,8.98273921,0,5.42061219,7.45731452,7.39910294
0.00939810633,0.896054001,2.90009484,8.9827278,0,5.38322335,7.45643407,7.39888275
0.00940310633,0.857826299,2.89971139,8.98271455,0,5.3449521,7.45537616,7.39860915
0.00940810633,0.818752026,2.89926977,8.98269951,0,5.30583622,7.4541253,7.39827735
0.00941310633,0.778869744,2.89876376,8.98268275,0,5.26591431,7.45266138,7.39788116
0.00941810633,0.738218811,2.89818513,8.98266434,0,5.22522576,7.45095823,7.39741232
0.00942310633,0.696839346,2.89752298,8.98264434,0,5.18381074,7.44898137,7.39685993
0.00942810633,0.654772184,2.8967626,8.98262286,0,5.1417101,7.44668466,7.39620929
0.00943310633,0.612058841,2.89588378,8.98259996,0,5.09896541,7.44400472,7.39544019
0.00943810633,0.56874147,2.89485791,8.98257575,0,5.05561885,7.44085186,7.39452399
0.00944310633,0.52486282,2.89364293,8.98255031,0,5.01171319,7.43709365,7.39341864
0.00944810633,0.480466193,2.89217383,8.98252372,0,4.96729176,7.43252359,7.39205912
0.00945310633,0.435595404,2.89034302,8.98249606,0,4.9223984,7.42679429,7.39033783
0.00945810633,0.390294736,2.8879543,8.98246737,0,4.87707742,7.41925509,7.38805854
0.00946310633,0.344608893,2.88459296,8.98243766,0,4.83137355,7.40846837,7.38480653
0.00946810633,0.298582963,2.87891626,8.98240671,0,4.78533188,7.38897454,7.37923899
0.00947043313,0.27706108,2.87440687,8.9823918,0,4.76380346,7.37084291,7.37478031
0.00947169006,0.265410122,2.87065666,8.98238361,0,4.75214918,7.3517952,7.37105745
0.00947229275,0.2598176,2.86815285,8.98237969,0,4.74655512,7.33493686,7.36856675
0.00947261115,0.256861625,2.86649143,8.98237767,0,4.74359834,7.32041618,7.36691224
0.00947290159,0.254164311,2.86462989,8.98237591,0,4.7409003,7.29933267,7.365057
0.00947318834,0.251500454,2.86224971,8.98237433,0,4.73823574,7.26470783,7.36268304
0.00947352176,0.24840198,2.85827043,8.98237276,0,4.73513646,7.21115986,7.35871099
0.00947371371,0.246617608,2.85505214,8.9823719,0,4.73335162,7.18191924,7.35549685
0.00947390288,0.244858808,2.85093282,8.98237099,0,4.73159237,7.15564221,7.35138163
0.00947410307,0.242997205,2.84526727,8.98236994,0,4.72973029,7.13000437,7.34572039
0.00947433477,0.240842077,2.83665076,8.98236867,0,4.72757462,7.10232997,7.33710886
0.00947455176,0.238823302,2.82590539,8.98236749,0,4.72555534,7.07771934,7.32636815
0.00947477717,0.236725728,2.81232097,8.98236641,0,4.72345725,7.05301827,7.31278855
0.0094748962,0.235617934,2.80450559,8.98236594,0,4.72234918,7.04022321,7.3049757
0.00947501973,0.23446807,2.79636079,8.98236554,0,4.72119903,7.02707186,7.29683352
0.00947516236,0.233140233,2.78719302,8.98236518,0,4.71987087,7.0120106,7.28766877
0.0094753098,0.231767379,2.77795203,8.98236491,0,4.71849769,6.99654828,7.27843089
0.00947543988,0.230556064,2.76984817,8.98236474,0,4.71728608,6.98297577,7.27032976
0.00947560037,0.229061368,2.75975814,8.98236459,0,4.71579103,6.96629557,7.26024309
0.00947577787,0.227407923,2.74846066,8.98236447,0,4.71413719,6.94790847,7.24894931
0.0094760697,0.224688871,2.72946444,8.98236436,0,4.7114175,6.91776869,7.22995915
0.0094763922,0.221683242,2.7078541,8.98236431,0,4.70841117,6.88454163,7.20835545
0.00947679334,0.217943371,2.67996577,8.98236428,0,4.70467044,6.84326647,7.18047531
0.009477216,0.214001399,2.64946019,8.98236427,0,4.70072759,6.79980304,7.14997826
0.00947804292,0.206284769,2.5866875,8.98236426,0,4.69300928,6.71477109,7.08722197
0.00947893035,0.197997224,2.51536185,8.98236426,0,4.68472,6.6234822,7.01591347
0.00948070522,0.181403924,2.36314713,8.98236426,0,4.66812346,6.44075078,6.86373155
0.00948425494,0.148151712,2.03346265,8.98236426,0,4.63486564,6.07468949,6.53410619
0.00948797255,0.113248229,1.66684141,8.98236426,0,4.59995756,5.69056436,6.16753705
0.00949291656,0.0667378,1.16490453,8.98236427,0,4.55344303,5.17881943,5.66565321
0.00949791656,0.0196353872,0.65020042,8.98236427,0,4.5063388,4.66065092,5.15098347
0.00950291656,-0.0274864033,0.133057912,8.98236427,0,4.45921756,4.1423538,4.6338558
0.00950791656,-0.0745810681,-0.384751432,8.98236426,0,4.4121258,3.62442811,4.11604169
0.00951291656,-0.12160213,-0.902302078,8.98236426,0,4.36510999,3.10738778,3.59846666
0.00951791656,-0.168503186,-1.4189875,8.98236426,0,4.31821653,2.5917398,3.08173728
0.00952291656,-0.215237949,-1.93423973,8.98236426,0,4.27149171,2.0779948,2.56642154
0.00952489381,-0.233663171,-2.13750636,8.98236426,0,4.25307106,1.87547909,2.36312442
0.00952616257,-0.245467365,-2.26752279,8.98236426,0,4.24127,1.74782311,2.23308681
0.00952682624,-0.251635866,-2.33447352,8.98236426,0,4.23510319,1.69542906,2.16612452
0.00952742342,-0.257182583,-2.39213167,8.98236426,0,4.22955803,1.66668764,2.10845568
0.00952802459,-0.262762789,-2.44616143,8.98236426,0,4.22397943,1.64813618,2.05441489
0.00952876123,-0.26959525,-2.50616368,8.98236426,0,4.21714898,1.632691,1.99439883
0.0095296895,-0.278196885,-2.57223887,8.98236426,0,4.20854995,1.61917224,1.92830578
0.00953111376,-0.291376014,-2.65525781,8.98236426,0,4.19537498,1.60513239,1.84525863
0.00953275219,-0.306508002,-2.72791775,8.98236426,0,4.180248,1.59417056,1.77256529
0.00953376507,-0.315846528,-2.76271744,8.98236426,0,4.17091269,1.58898354,1.73774454
0.00953476891,-0.325088979,-2.79103221,8.98236426,0,4.16167353,1.58463934,1.70940864
0.00953578349,-0.334417271,-2.81414024,8.98236426,0,4.15234865,1.58085202,1.68627907
0.00953680614,-0.343805987,-2.83268178,8.98236426,0,4.14296347,1.57750717,1.66771566
0.00953885145,-0.362540449,-2.85879078,8.98236426,0,4.12423637,1.57187035,1.64156257
0.00954045698,-0.37720491,-2.87208761,8.98236426,0,4.10957796,1.56816849,1.62823088
0.00954210752,-0.392240463,-2.88151053,8.98236426,0,4.09454887,1.56485141,1.618772
0.00954485062,-0.417134503,-2.89157995,8.98236426,0,4.06966611,1.56015693,1.60864258
0.00954820654,-0.44742075,-2.89865516,8.98236426,0,4.0393946,1.55542002,1.60149377
0.00955248806,-0.485769618,-2.90361454,8.98236426,0,4.00106599,1.55049369,1.59644029
0.00955603786,-0.517299371,-2.90610418,8.98236426,0,3.96955428,1.54708129,1.59387253
0.00955949156,-0.547728615,-2.90773663,8.98236426,0,3.93914365,1.54422052,1.59216403
0.00956330922,-0.581063856,-2.90912749,8.98236426,0,3.90583021,1.54145923,1.59068905
0.0095674667,-0.616985497,-2.9102911,8.98236426,0,3.86993374,1.53884192,1.58943379
0.00957124646,-0.649278795,-2.91114304,8.98236426,0,3.83766462,1.53675453,1.58849851
0.00957503994,-0.68132116,-2.91185527,8.98236426,0,3.80564774,1.53489374,1.58770261
0.00958003994,-0.722960387,-2.91263101,8.98236426,0,3.76404393,1.53274567,1.58681655
0.00958503994,-0.763886138,-2.91325993,8.98236426,0,3.72315567,1.53089607,1.58607729
0.00959003994,-0.804058026,-2.91377289,8.98236426,0,3.68302329,1.52930373,1.58545398
0.00959503994,-0.843436407,-2.91419018,8.98236426,0,3.6436864,1.52793722,1.58492631
0.00960003994,-0.881982417,-2.91452676,8.98236426,0,3.60518383,1.52677307,1.58447933
0.00960503994,-0.919658017,-2.91479312,8.98236425,0,3.56755357,1.52579315,1.58410257
0.00961003994,-0.956426025,-2.91499759,8.98236425,0,3.53083276,1.52498349,1.58378769
0.00961503994,-0.992250157,-2.91514604,8.98236425,0,3.49505764,1.52433338,1.58352882
0.00962003994,-1.02709506,-2.91524334,8.98236425,0,3.46026351,1.52383478,1.5833211
0.00962503994,-1.06092634,-2.91529271,8.98236425,0,3.42648472,1.52348195,1.5831613
0.00963003994,-1.09371061,-2.91529687,8.98236425,0,3.39375459,1.52327112,1.58304671
0.00963503994,-1.12541553,-2.91525759,8.98236425,0,3.36210543,1.52319578,1.58297556
0.00964003994,-1.1560098,-2.91518147,8.98236425,0,3.33156847,1.52318998,1.58294126
0.00964503994,-1.18546322,-2.91508305,8.98236425,0,3.30217385,1.52318683,1.58292925
0.00965003994,-1.21374673,-2.91497689,8.98236425,0,3.27395058,1.52318306,1.582925
0.00965503994,-1.24083243,-2.91486854,8.98236425,0,3.24692651,1.52317962,1.58292293
0.00966003994,-1.26669357,-2.91475952,8.98236425,0,3.22112831,1.52317629,1.58292154
0.00966503994,-1.29130464,-2.91465017,8.98236425,0,3.19658144,1.52317313,1.58292049
0.00967003994,-1.31464134,-2.91454081,8.98236425,0,3.17331013,1.52317012,1.58291945
0.00967503994,-1.33668066,-2.91443129,8.98236425,0,3.15133734,1.52316729,1.58291857
0.00968003994,-1.35740083,-2.91432181,8.98236425,0,3.13068476,1.52316461,1.58291766
0.00968503994,-1.37678141,-2.91421219,8.98236425,0,3.11137276,1.52316211,1.58291689
0.00969003994,-1.39480327,-2.91410261,8.98236424,0,3.09342041,1.52315978,1.58291608
0.00969503994,-1.41144863,-2.9139929,8.98236424,0,3.07684543,1.52315763,1.58291541
0.00970003994,-1.42670106,-2.91388323,8.98236424,0,3.06166417,1.52315564,1.58291471
0.00970503994,-1.44054551,-2.91377342,8.98236424,0,3.04789161,1.52315384,1.58291415
0.00971003994,-1.45296832,-2.91366364,8.98236424,0,3.03554135,1.52315222,1.58291355
0.00971503994,-1.46395722,-2.91355373,8.98236424,0,3.02462557,1.52315078,1.5829131
0.00972003994,-1.47350137,-2.91344386,8.98236424,0,3.01515505,1.52314952,1.58291261
0.00972503994,-1.48159136,-2.91333385,8.98236424,0,3.00713913,1.52314845,1.58291227
0.00973003994,-1.48821919,-2.91322387,8.98236424,0,3.00058573,1.52314756,1.58291189
0.00973503994,-1.49337833,-2.91311376,8.98236424,0,2.99550131,1.52314686,1.58291166
0.00974003994,-1.49706368,-2.91300368,8.98236424,0,2.99189089,1.52314634,1.5829114
0.00974503994,-1.49927162,-2.91289347,8.98236424,0,2.98975803,1.52314602,1.58291127
0.00975003994,-1.49999995,-2.91278327,8.98236424,0,2.98910485,1.52314588,1.58291113
0.00975503994,-1.49924797,-2.91267296,8.98236424,0,2.98993197,1.52314593,1.58291111
0.00976003994,-1.49701641,-2.91256266,8.98236424,0,2.99223859,1.52314616,1.58291108
0.00976503994,-1.49330747,-2.91245224,8.98236424,0,2.99602244,1.52314659,1.58291118
0.00977003994,-1.48812482,-2.91234184,8.98236424,0,3.00127977,1.52314719,1.58291126
0.00977503994,-1.48147357,-2.91223132,8.98236424,0,3.00800539,1.52314799,1.58291147
0.00978003994,-1.47336029,-2.91212081,8.98236423,0,3.01619268,1.52314897,1.58291167
0.00978503994,-1.46379297,-2.91201019,8.98236423,0,3.02583355,1.52315014,1.58291199
0.00979003994,-1.45278107,-2.91189957,8.98236423,0,3.03691849,1.52315149,1.5829123
0.00979503994,-1.44033545,-2.91178885,8.98236423,0,3.04943656,1.52315302,1.58291273
0.00980003994,-1.4264684,-2.91167813,8.98236423,0,3.0633754,1.52315473,1.58291315
0.00980503994,-1.41119359,-2.9115673,8.98236423,0,3.07872126,1.52315663,1.58291369
0.00981003994,-1.3945261,-2.91145648,8.98236423,0,3.09545899,1.52315869,1.58291423
0.00981503994,-1.37648238,-2.91134556,8.98236423,0,3.11357208,1.52316094,1.58291487
0.00982003994,-1.35708025,-2.91123464,8.98236423,0,3.13304265,1.52316335,1.58291551
0.00982503994,-1.33633883,-2.91112362,8.98236423,0,3.15385149,1.52316595,1.58291626
0.00983003994,-1.31427862,-2.91101261,8.98236423,0,3.17597805,1.5231687,1.58291701
0.00983503994,-1.29092136,-2.91090149,8.98236423,0,3.19940051,1.52317162,1.58291786
0.00984003994,-1.26629013,-2.91079038,8.98236423,0,3.22409575,1.52317471,1.58291871
0.00984503994,-1.24040922,-2.91067918,8.98236423,0,3.2500394,1.52317795,1.58291966
0.00985003994,-1.21330417,-2.91056798,8.98236423,0,3.27720585,1.52318135,1.5829206
0.00985503994,-1.18500174,-2.91045669,8.98236423,0,3.3055683,1.52318491,1.58292165
0.00986003994,-1.15552986,-2.91034541,8.98236423,0,3.33509875,1.52318861,1.58292269
0.00986503994,-1.12491761,-2.91023403,8.98236422,0,3.36576807,1.52319247,1.58292382
0.00987003994,-1.0931952,-2.9101203,8.98236422,0,3.39754598,1.52322889,1.58292733
0.00987503994,-1.06039394,-2.90999385,8.98236422,0,3.43040112,1.52337609,1.58294354
0.00988003994,-1.0265462,-2.90983883,8.98236422,0,3.46430108,1.52367109,1.58298834
0.00988503994,-0.991685377,-2.9096444,8.98236422,0,3.49921239,1.52410892,1.58307256
0.00989003994,-0.955845884,-2.9094069,8.98236422,0,3.5351006,1.52469628,1.58319985
0.00989503994,-0.919063086,-2.90912369,8.98236422,0,3.5719303,1.52543982,1.58337285
0.00990003994,-0.881373285,-2.90879176,8.98236422,0,3.60966513,1.52634926,1.5835946
0.00990503994,-0.842813674,-2.90840718,8.98236422,0,3.64826787,1.52743719,1.583869
0.00991003994,-0.803422308,-2.90796493,8.98236422,0,3.68770041,1.52872001,1.58420109
0.00991503994,-0.763238061,-2.90745826,8.98236422,0,3.72792383,1.530219,1.58459762
0.00992003994,-0.72230059,-2.90687843,8.98236422,0,3.76889845,1.53196184,1.58506733
0.00992503994,-0.680650296,-2.90621367,8.98236422,0,3.81058383,1.53398518,1.585622
0.00993003994,-0.638328282,-2.90544825,8.98236422,0,3.85293882,1.53633821,1.58627735
0.00993503994,-0.595376315,-2.90456027,8.98236422,0,3.89592163,1.53908889,1.58705529
0.00994003994,-0.551836784,-2.90351875,8.98236422,0,3.93948984,1.54233404,1.58798681
0.00994503994,-0.507752656,-2.90227756,8.98236422,0,3.98360045,1.54621808,1.58911804
0.00995003994,-0.463167438,-2.9007648,8.98236421,0,4.02820993,1.55096921,1.5905209
0.00995503994,-0.41812513,-2.89885925,8.98236421,0,4.07327426,1.5569785,1.59231661
0.00996003994,-0.372670182,-2.89633458,8.98236421,0,4.11874897,1.56499913,1.59473152
0.00996503994,-0.326847454,-2.89269253,8.98236421,0,4.16458917,1.57677179,1.59826393
0.00997003994,-0.280702167,-2.88612085,8.98236421,0,4.21074962,1.59985548,1.60472616
0.00997222679,-0.260429843,-2.88078979,8.98236421,0,4.23102786,1.62332141,1.61000945
0.00997325531,-0.2508781,-2.8766863,8.98236421,0,4.24058222,1.64930389,1.61409051
0.00997366825,-0.247040227,-2.87435679,8.98236421,0,4.24442112,1.67107372,1.61641102
0.00997395301,-0.244392677,-2.87228426,8.98236421,0,4.24706937,1.69785429,1.61847735
0.00997423647,-0.241756493,-2.86952822,8.98236421,0,4.24970624,1.73925382,1.62122723
0.00997447152,-0.239569885,-2.86638143,8.98236421,0,4.25189342,1.77746535,1.62436891
0.00997466925,-0.23773008,-2.86283314,8.98236421,0,4.25373369,1.8070726,1.62791291
0.00997487986,-0.235769978,-2.85783434,8.98236421,0,4.25569429,1.83570474,1.63290715
0.00997508054,-0.233901936,-2.85159644,8.98236421,0,4.25756281,1.86083174,1.6391407
0.00997529701,-0.231886529,-2.84271764,8.98236421,0,4.25957872,1.88631874,1.64801483
0.00997552239,-0.229787683,-2.83089332,8.98236421,0,4.26167808,1.91165989,1.65983431
0.00997581845,-0.227029844,-2.81208311,8.98236421,0,4.26443659,1.9438115,1.67863819
0.00997593804,-0.225915688,-2.80424745,8.98236421,0,4.26555102,1.9565422,1.68647131
0.00997605461,-0.224829533,-2.79681004,8.98236421,0,4.26663744,1.96886174,1.69390624
0.00997618643,-0.223601154,-2.78854248,8.98236421,0,4.26786611,1.98270949,1.70217102
0.00997635407,-0.222038681,-2.77808554,8.98236421,0,4.26942896,2.00022436,1.71262442
0.00997652609,-0.220435129,-2.76728163,8.98236421,0,4.27103289,2.01811353,1.72342471
0.00997672435,-0.218586697,-2.75463078,8.98236421,0,4.27288176,2.0386586,1.73607142
0.00997697918,-0.216210319,-2.7380175,8.98236421,0,4.27525869,2.06499176,1.7526794
0.00997733564,-0.212885353,-2.71405947,8.98236421,0,4.27858442,2.10174528,1.77663007
0.00997776449,-0.208883694,-2.68410664,8.98236421,0,4.28258698,2.14590245,1.80657413
0.00997825376,-0.204316376,-2.64846852,8.98236421,0,4.28715531,2.1962536,1.84220236
0.00997893327,-0.197969944,-2.59662618,8.98236421,0,4.2935031,2.26618255,1.8940312
0.00998003415,-0.187680529,-2.50766912,8.98236421,0,4.30379463,2.37952044,1.98296698
0.0099822359,-0.167075251,-2.31582816,8.98236421,0,4.32440381,2.60641775,2.17476772
0.00998568027,-0.134778283,-1.99144743,8.98236421,0,4.35670596,2.9619403,2.49909224
0.00998949212,-0.0989625024,-1.61331907,8.98236421,0,4.39252617,3.35608865,2.87716856
0.00999449212,-0.0519001848,-1.10418723,8.98236421,0,4.43959224,3.87388958,3.38624893
0.00999724606,-0.0259539778,-0.820662763,8.98236421,0,4.4655395,4.15932809,3.66975332
0.01,-3.6739404e-15,-0.536262406,8.98236421,0,4.49149382,4.44481768,3.95413952
