tiempo_s,entrada_v,entrada_pcm1808_v,riel_positivo_v,riel_negativo_v,entrada_no_inversora_v,salida_etapa_a_v,salida_etapa_b_v
0,0,0,6.86790768,-6.8678999,-3.69154807e-05,-0.000284996912,-0.000274190568
5e-08,0.00047123889,1.35624282e-06,6.86790768,-6.8678999,0.000434323174,2.22226015e-05,-0.000272834324
5.03757687e-08,0.000474780427,1.38010796e-06,6.86790768,-6.8678999,0.000437864709,2.45489513e-05,-0.000272810459
5.11273061e-08,0.000481863499,1.40991027e-06,6.86790768,-6.8678999,0.000444947778,2.92368637e-05,-0.000272780657
5.26303808e-08,0.000496029644,1.432262e-06,6.86790768,-6.8678999,0.000459113915,3.88268956e-05,-0.000272758305
5.56365304e-08,0.000524361935,1.51794364e-06,6.86790768,-6.8678999,0.00048744619,5.88912319e-05,-0.000272672623
6.16488295e-08,0.000581026515,1.71165867e-06,6.86790768,-6.8678999,0.000544110737,0.000102746633,-0.000272478908
7.36734276e-08,0.000694355672,2.18197639e-06,6.86790768,-6.8678999,0.000657439818,0.000206499099,-0.00027200859
9.77226239e-08,0.000921013974,3.55241703e-06,6.86790768,-6.8678999,0.000884097926,0.000483206348,-0.000270638149
1.4578047e-07,0.00137394837,9.33243542e-06,6.86790768,-6.8678999,0.00133703177,0.00132166323,-0.000264858129
2.06613311e-07,0.00194728404,2.6752583e-05,6.86790768,-6.8678999,0.00191036643,0.00290903983,-0.000247437973
2.8002743e-07,0.00263919499,7.25946972e-05,6.86790768,-6.8678999,0.0026022757,0.00553087495,-0.000201595831
3.54194407e-07,0.00333820088,0.000157754187,6.86790768,-6.8678999,0.00330127937,0.00886693213,-0.000116436277
4.32629526e-07,0.0040774322,0.00030199729,6.86790768,-6.86789991,0.00404050778,0.0130420132,2.78069638e-05
5.25339816e-07,0.00495120213,0.000558108717,6.86790768,-6.86789991,0.00491427353,0.0187052709,0.000283918693
6.58940699e-07,0.00621035204,0.00111652912,6.86790768,-6.86789991,0.00617341598,0.0279975472,0.000842339941
8.22117708e-07,0.0077482424,0.00213949828,6.86790768,-6.86789992,0.00771129495,0.040764479,0.00186531112
1.08430938e-06,0.0102192961,0.0046525107,6.86790767,-6.86789994,0.0101823251,0.0635291486,0.00437833028
1.44334742e-06,0.0136030425,0.00993397864,6.86790767,-6.86789998,0.0135660287,0.0974887657,0.00965981805
1.85236775e-06,0.0174577606,0.0185745893,6.86790767,-6.86790004,0.0174206833,0.138244074,0.0183004729
2.36175012e-06,0.0222581536,0.0330966365,6.86790767,-6.86790016,0.0222209751,0.190314697,0.0328226198
3.00255232e-06,0.0282967103,0.0568161243,6.86790767,-6.86790036,0.0282593699,0.25656205,0.0565423258
3.91711333e-06,0.0369141964,0.099847812,6.86790767,-6.86790074,0.0368765578,0.351454846,0.0995745562
5.26976627e-06,0.0496573023,0.179668749,6.86790767,-6.86790148,0.0496190782,0.491848707,0.179396925
7.25186642e-06,0.0683235834,0.32260715,6.86790765,-6.86790288,0.0682841901,0.697412753,0.322339098
9.73476002e-06,0.0916907546,0.531071929,6.86790764,-6.867905,0.0916493749,0.954637349,0.530811906
1.27807607e-05,0.120326409,0.813269034,6.86790761,-6.86790791,0.1202818,1.26976452,0.813024521
1.63087598e-05,0.153437587,1.15931039,6.86790758,-6.86791152,0.153388149,1.63408105,1.15909224
2.07522794e-05,0.195031883,1.60797132,6.86790753,-6.86791623,0.194974704,2.09170162,1.60779974
2.57522794e-05,0.241651826,2.11867608,6.86790748,-6.8679216,0.241583731,2.60461316,2.11857508
3.07522794e-05,0.288033288,2.62994113,6.86790743,-6.86792698,0.287951953,3.11491852,2.62993007
3.57522794e-05,0.334130495,3.13938467,6.86790739,-6.86793234,0.334033609,3.62212012,3.13948288
4.07522794e-05,0.379897957,3.6459335,6.86790734,-6.86793767,0.379783223,4.12572042,3.64616022
4.57522794e-05,0.425290505,4.14891453,6.86790729,-6.86794297,0.425155646,4.62522258,4.14928888
5.07522794e-05,0.470263342,4.647294,6.86790745,-6.86794822,0.4701061,5.11871164,4.64783494
5.21832315e-05,0.483050655,4.78235677,6.86791095,-6.86794966,0.482886593,5.20577179,4.78294883
5.3539053e-05,0.495130573,4.89247558,6.8679227,-6.86795086,0.494959882,5.2365532,4.89311732
5.45954228e-05,0.504517617,4.96310128,6.86793845,-6.86795161,0.504341648,5.25077634,4.96378246
5.57116863e-05,0.514412723,5.02497241,6.86795961,-6.86795221,0.514231068,5.26133842,5.02569582
5.72961078e-05,0.528414246,5.09420934,6.86799445,-6.86795281,0.528224332,5.27210151,5.09499348
5.8268515e-05,0.536981557,5.12747955,6.86801765,-6.86795304,0.536786465,5.27719741,5.12830134
5.93351237e-05,0.546355759,5.15744103,6.86804419,-6.86795321,0.546154891,5.28190506,5.15830437
6.03215654e-05,0.555003557,5.1797336,6.86806978,-6.8679533,0.554797259,5.28564697,5.18063557
6.13179746e-05,0.563717092,5.19781904,6.86809688,-6.86795332,0.563505222,5.28896914,5.19876018
6.33107932e-05,0.581077537,5.22356826,6.86815547,-6.86795323,0.580854263,5.29458903,5.22458806
6.48656481e-05,0.594559529,5.23679928,6.86820489,-6.86795304,0.594327119,5.29827435,5.23788069
6.65102265e-05,0.608757726,5.24652498,6.86825916,-6.86795275,0.608515424,5.30167887,5.2476717
6.91968191e-05,0.631811473,5.25680279,6.86834799,-6.86795219,0.631552512,5.30642228,5.25805639
7.2573498e-05,0.660530751,5.26424981,6.86845513,-6.86795143,0.660249979,5.31134069,5.26563798
7.7573498e-05,0.702506833,5.27006757,6.868601,-6.86795032,0.702191998,5.31717106,5.27165525
8.2573498e-05,0.743789627,5.27317071,6.86873434,-6.86794929,0.743438649,5.32182474,5.27495808
8.7573498e-05,0.78433839,5.27515642,6.86885871,-6.86794831,0.783949225,5.32567075,5.27714356
9.2573498e-05,0.824113105,5.27656109,6.86897581,-6.86794738,0.823683748,5.32889084,5.27874808
9.7573498e-05,0.863074521,5.27764669,6.86908614,-6.86794651,0.862603005,5.33163955,5.28003357
0.000102573498,0.901184186,5.2785061,6.86918967,-6.86794568,0.900668586,5.33400834,5.2810929
0.000107573498,0.938404491,5.2792,6.86928635,-6.8679449,0.937842926,5.3360612,5.28198677
0.000112573498,0.974698704,5.27976249,6.86937606,-6.86794417,0.974089339,5.33784559,5.28274923
0.000117573498,1.01003101,5.28021758,6.86945867,-6.8679435,1.00937205,5.33939765,5.28340432
0.000122573498,1.04436653,5.28058237,6.86953408,-6.86794288,1.04365625,5.34074548,5.28396913
0.000127573498,1.07767139,5.28086923,6.86960225,-6.86794232,1.0769081,5.34191147,5.28445602
0.000132573498,1.10991272,5.28108822,6.86966314,-6.86794182,1.10909477,5.34291376,5.28487504
0.000137573498,1.1410587,5.28124664,6.86971678,-6.86794138,1.14018452,5.34376742,5.28523351
0.000142573498,1.17107859,5.28135104,6.86976325,-6.86794099,1.17014665,5.34448514,5.28553796
0.000147573498,1.19994277,5.28140618,6.86980266,-6.86794066,1.1989516,5.3450779,5.28579315
0.000152573498,1.22762275,5.28141671,6.86983519,-6.86794038,1.22657094,5.34555535,5.28600373
0.000157573498,1.25409122,5.28138603,6.86986107,-6.86794016,1.25297741,5.34592621,5.28617311
0.000162573498,1.27932205,5.28131778,6.86988058,-6.86793999,1.27814496,5.34619853,5.28630491
0.000167573498,1.30329034,5.28121465,6.86989404,-6.86793987,1.30204875,5.34637996,5.28640182
0.000172573498,1.32597244,5.28107973,6.86990184,-6.86793979,1.32466518,5.34647783,5.28646695
0.000177573498,1.34734597,5.28091612,6.86990469,-6.86793976,1.34597194,5.34650558,5.28650338
0.000182573498,1.36738983,5.28073136,6.86990488,-6.86793975,1.365948,5.34650431,5.28651865
0.000187573498,1.38608424,5.28053595,6.86990484,-6.86793976,1.38457364,5.34650461,5.28652327
0.000192573498,1.40341075,5.2803374,6.8699049,-6.86793976,1.4018305,5.34650458,5.28652473
0.000197573498,1.41935227,5.28013777,6.86990488,-6.86793976,1.41770152,5.34650459,5.28652511
0.000202573498,1.43389305,5.27993797,6.8699049,-6.86793976,1.43217106,5.34650459,5.28652531
0.000207573498,1.44701876,5.27973795,6.86990489,-6.86793976,1.44522483,5.34650459,5.28652528
0.000212573498,1.45871643,5.27953804,6.86990489,-6.86793976,1.45684995,5.34650459,5.28652536
0.000217573498,1.46897453,5.279338,6.86990489,-6.86793976,1.46703495,5.34650459,5.2865253
0.000222573498,1.47778293,5.2791381,6.86990489,-6.86793976,1.47576977,5.34650459,5.28652537
0.000227573498,1.48513293,5.27893807,6.86990489,-6.86793976,1.4830458,5.34650459,5.28652531
0.000232573498,1.49101729,5.27873818,6.86990489,-6.86793976,1.48885586,5.34650459,5.28652536
0.000237573498,1.49543019,5.27853817,6.86990489,-6.86793976,1.49319421,5.34650459,5.28652531
0.000242573498,1.49836728,5.27833828,6.86990489,-6.86793976,1.49605657,5.34650459,5.28652536
0.000247573498,1.49982567,5.2781383,6.86990489,-6.86793976,1.49744012,5.34650459,5.28652531
0.000252573498,1.49980391,5.27793842,6.86990489,-6.86793976,1.49734348,5.34650459,5.28652536
0.000257573498,1.49830202,5.27773845,6.86990489,-6.86793976,1.49576677,5.34650459,5.28652531
0.000262573498,1.49532149,5.2775386,6.86990489,-6.86793976,1.49271152,5.34650459,5.28652536
0.000267573498,1.49086526,5.27733864,6.86990489,-6.86793976,1.48818077,5.34650459,5.28652531
0.000272573498,1.48493773,5.2771388,6.86990489,-6.86793976,1.48217897,5.34650459,5.28652536
0.000277573498,1.47754474,5.27693886,6.86990489,-6.86793976,1.47471206,5.34650459,5.28652531
0.000282573498,1.46869359,5.27673903,6.86990489,-6.86793976,1.4657874,5.34650459,5.28652536
0.000287573498,1.45839302,5.27653911,6.86990489,-6.86793976,1.45541379,5.34650459,5.28652531
0.000292573498,1.44665319,5.27633929,6.86990489,-6.86793976,1.44360149,5.34650459,5.28652536
0.000297573498,1.43348569,5.27613939,6.86990489,-6.86793976,1.43036213,5.34650459,5.28652531
0.000302573498,1.41890351,5.27593958,6.86990489,-6.86793976,1.4157088,5.34650459,5.28652536
0.000307573498,1.40292104,5.27573969,6.86990489,-6.86793976,1.39965595,5.34650459,5.28652531
0.000312573498,1.38555407,5.2755399,6.86990489,-6.86793976,1.38221942,5.34650459,5.28652536
0.000317573498,1.36681971,5.27534003,6.86990489,-6.86793976,1.36341643,5.34650459,5.28652531
0.000322573498,1.34673647,5.27514025,6.86990489,-6.86793976,1.34326552,5.34650459,5.28652536
0.000327573498,1.32532417,5.27493951,6.86990451,-6.86793976,1.32178659,5.34649656,5.28652443
0.000332573498,1.30260393,5.27473227,6.86990157,-6.86793977,1.29900082,5.34644022,5.28651698
0.000337573498,1.27859817,5.27450795,6.86989353,-6.86793983,1.27493072,5.34630207,5.28649246
0.000342573498,1.2533306,5.27425848,6.86987971,-6.86793992,1.24960003,5.34607718,5.28644278
0.000347573498,1.22682614,5.27397939,6.86985992,-6.86794007,1.22303375,5.34575756,5.28636347
0.000352573498,1.19911095,5.27366769,6.86983372,-6.86794027,1.1952581,5.34533539,5.28625154
0.000357573498,1.17021238,5.27332032,6.86980089,-6.86794052,1.16630049,5.3448023,5.28610392
0.000362573498,1.14015895,5.27293436,6.86976118,-6.86794082,1.1361895,5.34414907,5.2859177
0.000367573498,1.10898033,5.27250636,6.86971446,-6.86794118,1.10495485,5.34336542,5.28568942
0.000372573498,1.07670727,5.27203268,6.86966059,-6.8679416,1.07262735,5.34243949,5.28541545
0.000377573498,1.04337164,5.27150878,6.86959954,-6.86794207,1.03923891,5.34135741,5.28509124
0.000382573498,1.00900632,5.27092956,6.86953128,-6.8679426,1.00482249,5.3401026,5.28471168
0.000387573498,0.973645233,5.27028846,6.86945586,-6.86794319,0.969412051,5.33865482,5.28427023
0.000392573498,0.937323278,5.26957763,6.86937337,-6.86794383,0.933042532,5.33698887,5.28375901
0.000397573498,0.900076298,5.26878673,6.86928393,-6.86794452,0.89574983,5.33507271,5.28316771
0.000402573498,0.861941052,5.26790258,6.86918773,-6.86794527,0.857570749,5.33286463,5.28248312
0.000407573498,0.822955173,5.26690718,6.86908498,-6.86794606,0.818542966,5.33030879,5.28168724
0.000412573498,0.783157137,5.26577594,6.8689759,-6.86794691,0.778704997,5.32732802,5.28075548
0.000417573498,0.74258622,5.26447322,6.86886077,-6.86794779,0.738096158,5.32381131,5.2796522
0.000422573498,0.70128246,5.26294577,6.86873985,-6.86794872,0.696756524,5.31959075,5.27832413
0.000427573498,0.659286618,5.2611081,6.86861341,-6.86794968,0.654726894,5.31439492,5.27668578
0.000432573498,0.616640141,5.25881215,6.86848163,-6.86795068,0.612048745,5.30774291,5.27458907
0.000437573498,0.573385113,5.25576742,6.86834454,-6.8679517,0.568764195,5.29865987,5.27174348
0.000442573498,0.529564225,5.25119652,6.86820174,-6.86795274,0.524915962,5.28418445,5.26737158
0.000446810732,0.492017511,5.24419131,6.86807502,-6.86795362,0.487347802,5.25947995,5.26053482
0.000448439011,0.477494895,5.23943718,6.86802478,-6.86795395,0.472817367,5.23686244,5.25584535
0.000449221271,0.470500053,5.23597959,6.86800056,-6.8679541,0.465818854,5.21330075,5.2524188
0.000449557655,0.467488654,5.23398852,6.86799029,-6.86795416,0.462805893,5.19411576,5.25044107
0.000449843148,0.464931205,5.2318446,6.86798182,-6.8679542,0.460247127,5.1670366,5.24830847
0.000450145981,0.462216797,5.22876531,6.86797334,-6.86795424,0.457531329,5.12392062,5.24524118
0.000450375916,0.460154683,5.22553503,6.86796728,-6.86795425,0.455468165,5.08869837,5.24202
0.000450567616,0.458434732,5.22197736,6.86796238,-6.86795426,0.453747343,5.06168093,5.23846992
0.000450768213,0.456634243,5.21714904,6.8679573,-6.86795427,0.451945945,5.03578789,5.23364954
0.000450975169,0.45477592,5.21070404,6.86795202,-6.86795426,0.450086688,5.01104824,5.2272127
0.000451196441,0.452788199,5.20166168,6.86794634,-6.86795425,0.448097974,4.98612944,5.21817908
0.000451425791,0.450726991,5.18981087,6.86794054,-6.86795422,0.44603574,4.96141531,5.20633729
0.00045166432,0.448582296,5.1752839,6.86793484,-6.86795418,0.443889984,4.93647787,5.19181969
0.000451786608,0.447482371,5.16756908,6.86793213,-6.86795415,0.442789516,4.92390327,5.18410966
0.000451911117,0.446362196,5.1598461,6.86792956,-6.86795412,0.441668791,4.91119899,5.17639155
0.000452053008,0.445085308,5.15120493,6.86792688,-6.86795408,0.440391277,4.89681482,5.16775592
0.000452226277,0.443525569,5.14073343,6.86792397,-6.86795403,0.438830776,4.87934993,5.15729118
0.000452392689,0.442027061,5.13061955,6.86792154,-6.86795398,0.437331539,4.86265184,5.14718377
0.000452597637,0.440180878,5.11796193,6.86791898,-6.8679539,0.435484461,4.84215533,5.13453411
0.00045283487,0.438042959,5.10301846,6.86791655,-6.8679538,0.433345512,4.81849124,5.11959982
0.000453191243,0.434829534,5.07989217,6.86791375,-6.86795364,0.430130548,4.78300871,5.09648728
0.000453577348,0.431345558,5.0539311,6.86791164,-6.86795343,0.426644918,4.74460505,5.07054103
0.000454121487,0.426431275,5.01573508,6.86790973,-6.86795311,0.421728326,4.69048781,5.03236576
0.000454679718,0.421384542,4.97478127,6.86790861,-6.86795274,0.416679253,4.63494115,4.99143307
0.00045579618,0.411275586,4.88819023,6.86790759,-6.86795191,0.406565702,4.52370908,4.90488374
0.000457122027,0.399244509,4.77867549,6.86790728,-6.86795081,0.394529313,4.39135532,4.79541755
0.000459773722,0.375100071,4.54434276,6.86790721,-6.8679484,0.370374733,4.12579284,4.56117847
0.000463894508,0.337374978,4.15518283,6.86790726,-6.86794435,0.332635154,3.71093012,4.17215433
0.000468218962,0.297542594,3.72929945,6.86790729,-6.86793989,0.292789245,3.27292629,3.74640011
0.000473218962,0.251215886,3.22673177,6.86790735,-6.86793462,0.246449054,2.76351359,3.24396417
0.000478218962,0.204641259,2.71840075,6.86790739,-6.86792927,0.199863267,2.25135323,2.73574574
0.000483218962,0.157864676,2.20660278,6.86790744,-6.8679239,0.153077858,1.73695052,2.22404105
0.000488218962,0.110932299,1.69235676,6.86790749,-6.86791849,0.106138999,1.22080666,1.70986887
0.000493218962,0.063890445,1.17635664,6.86790754,-6.86791306,0.059093013,0.703433317,1.19392308
0.000498218962,0.0167855392,0.65913915,6.86790759,-6.86790762,0.0119863283,0.185338993,0.676740357
0.000503218962,-0.030335932,0.141251091,6.86790764,-6.86790218,-0.035134566,-0.332963796,0.158867458
0.000508218962,-0.0774274652,-0.376812159,6.86790769,-6.86789673,-0.0822231671,-0.850964369,-0.359200254
0.000513218962,-0.124442587,-0.894518491,6.86790774,-6.86789128,-0.129233004,-1.36815097,-0.876930665
0.000518218962,-0.171334899,-1.41137503,6.8679078,-6.86788584,-0.176117684,-1.88401353,-1.39383088
0.000523218962,-0.218058124,-1.92685393,6.86790785,-6.86788042,-0.222830937,-2.39804271,-1.909373
0.000528218962,-0.264566152,-2.44046313,6.8679079,-6.86787501,-0.269326663,-2.90973135,-2.42306491
0.000533218962,-0.310813085,-2.95167984,6.86790795,-6.86786963,-0.315558976,-3.41857437,-2.93438374
0.000538218962,-0.356753283,-3.46001453,6.86790799,-6.86786428,-0.36148225,-3.92406963,-3.44283987
0.000543218962,-0.402341409,-3.96495129,6.86790804,-6.86785896,-0.407051164,-4.42571823,-3.94791726
0.000548218962,-0.447532472,-4.46600495,6.86790809,-6.86785368,-0.452220747,-4.92302437,-4.44913059
0.000550152541,-0.464892581,-4.65839936,6.86790811,-6.86785177,-0.469571945,-5.11266023,-4.64159183
0.00055103477,-0.472790783,-4.74428401,6.86790812,-6.8678518,-0.47746597,-5.17917005,-4.72750791
0.00055172611,-0.478969908,-4.80780957,6.86790811,-6.86785372,-0.483641773,-5.20767622,-4.79105848
0.000552415805,-0.485125322,-4.86578445,6.8679081,-6.86785828,-0.48979383,-5.22567617,-4.84905863
0.000553199493,-0.492108546,-4.9246452,6.86790805,-6.86786673,-0.496773189,-5.23969637,-4.90794844
0.000554297617,-0.501873508,-4.99527948,6.86790795,-6.86788344,-0.506532643,-5.25336461,-4.97862399
0.000556045499,-0.517366912,-5.08341707,6.86790769,-6.86791794,-0.522017058,-5.2677542,-5.06682831
0.000557071736,-0.526434622,-5.12329857,6.86790749,-6.8679412,-0.531079365,-5.27387952,-5.10674948
0.000558108789,-0.535575676,-5.15649404,6.86790728,-6.86796599,-0.540214864,-5.27899537,-5.13998533
0.000558974324,-0.543187487,-5.17936237,6.86790709,-6.86798755,-0.547821967,-5.28265363,-5.16288755
0.000559897286,-0.551286634,-5.19958568,6.86790688,-6.86801147,-0.55591602,-5.28608589,-5.18314714
0.000561743209,-0.567429035,-5.22941959,6.86790642,-6.86806295,-0.572048012,-5.29187219,-5.21305398
0.000563340086,-0.581332049,-5.24655853,6.86790599,-6.86811163,-0.58594178,-5.29603514,-5.23025629
0.000565029655,-0.59597833,-5.25899055,6.86790551,-6.86816641,-0.600578039,-5.29982485,-5.24275554
0.000566966689,-0.612687061,-5.26862556,6.86790492,-6.86823096,-0.617274975,-5.3035834,-5.25246779
0.000569766178,-0.636674263,-5.27740194,6.86790406,-6.86832304,-0.641244562,-5.30819223,-5.261356
0.000574213652,-0.674374075,-5.28501735,6.86790277,-6.86846037,-0.678915019,-5.31410952,-5.26914935
0.000579213652,-0.71612727,-5.28935807,6.86790144,-6.86860105,-0.720633227,-5.31937475,-5.27369034
0.000584213652,-0.757173735,-5.29190724,6.86790023,-6.86873071,-0.761642637,-5.32366175,-5.27643992
0.000589213652,-0.79747296,-5.29356852,6.86789909,-6.86885246,-0.801902775,-5.32720741,-5.27830168
0.000594213652,-0.836985176,-5.29483219,6.86789801,-6.86896728,-0.841373911,-5.33021368,-5.27976589
0.000599213652,-0.875671389,-5.2958136,6.867897,-6.86907525,-0.880017091,-5.33279363,-5.28094788
0.000604213652,-0.913493419,-5.29660293,6.86789605,-6.86917642,-0.917794178,-5.33502399,-5.28193782
0.000609213652,-0.950413942,-5.29724097,6.86789517,-6.8692707,-0.954667891,-5.33696089,-5.2827765
0.000614213652,-0.986396522,-5.29775922,6.86789435,-6.86935793,-0.99060184,-5.33864638,-5.28349541
0.000619213652,-1.02140565,-5.29817751,6.8678936,-6.86943802,-1.02556056,-5.34011275,-5.28411438
0.000624213652,-1.05540677,-5.29851093,6.86789291,-6.86951087,-1.05950956,-5.34138539,-5.2846485
0.000629213652,-1.08836633,-5.29877086,6.86789229,-6.86957645,-1.09241532,-5.34248467,-5.28510913
0.000634213652,-1.1202518,-5.29896592,6.86789174,-6.86963474,-1.12424538,-5.34342729,-5.28550491
0.000639213652,-1.15103173,-5.2991033,6.86789125,-6.8696858,-1.15496833,-5.34422718,-5.28584301
0.000644213652,-1.18067572,-5.29918851,6.86789083,-6.86972971,-1.18455384,-5.34489622,-5.28612894
0.000649213652,-1.20915453,-5.2992265,6.86789048,-6.86976661,-1.21297271,-5.34544474,-5.28636767
0.000654213652,-1.23644005,-5.29922115,6.86789019,-6.86979669,-1.2401969,-5.34588194,-5.28656304
0.000659213652,-1.26250535,-5.29917616,6.86788996,-6.86982021,-1.26619954,-5.34621618,-5.28671878
0.000664213652,-1.28732471,-5.29909455,6.86788979,-6.86983745,-1.29095498,-5.34645528,-5.28683789
0.000669213652,-1.31087364,-5.29897939,6.86788967,-6.86984878,-1.31443877,-5.34660675,-5.28692346
0.000674213652,-1.33312889,-5.29883327,6.86788961,-6.8698546,-1.33662775,-5.34667782,-5.28697805
0.000679213652,-1.35406851,-5.29866087,6.86788959,-6.86985615,-1.35750001,-5.3466925,-5.28700636
0.000684213652,-1.37367182,-5.29847104,6.86788959,-6.86985606,-1.37703497,-5.34669255,-5.28701723
0.000689213652,-1.39191949,-5.29827402,6.86788959,-6.86985607,-1.39521333,-5.3466955,-5.28702091
0.000694213652,-1.4087935,-5.2980749,6.86788959,-6.86985611,-1.41201716,-5.34669757,-5.28702248
0.000699213652,-1.4242772,-5.29787521,6.86788959,-6.86985609,-1.42742988,-5.3466996,-5.28702347
0.000704213652,-1.43835531,-5.2976752,6.86788959,-6.8698561,-1.44143627,-5.34670143,-5.28702413
0.000709213652,-1.45101394,-5.29747516,6.86788959,-6.8698561,-1.45402251,-5.34670308,-5.28702476
0.000714213652,-1.46224059,-5.29727498,6.86788959,-6.8698561,-1.46517618,-5.34670455,-5.28702524
0.000719213652,-1.47202419,-5.29707482,6.86788959,-6.8698561,-1.47488628,-5.34670584,-5.28702573
0.000724213652,-1.48035507,-5.29687454,6.86788959,-6.8698561,-1.48314322,-5.34670695,-5.28702609
0.000729213652,-1.48722503,-5.29667429,6.86788959,-6.8698561,-1.48993885,-5.34670786,-5.28702647
0.000734213652,-1.49262727,-5.29647391,6.86788959,-6.8698561,-1.49526646,-5.3467086,-5.28702673
0.000739213652,-1.49655647,-5.29627356,6.86788959,-6.86985611,-1.49912081,-5.34670915,-5.28702699
0.000744213652,-1.49900875,-5.29607309,6.86788959,-6.86985611,-1.50149807,-5.34670951,-5.28702714
0.000749213652,-1.49998169,-5.29587264,6.86788959,-6.86985611,-1.50239592,-5.34670969,-5.28702729
0.000754213652,-1.49947433,-5.29567208,6.86788959,-6.86985612,-1.50181345,-5.34670968,-5.28702733
0.000759213652,-1.49748717,-5.29547153,6.86788959,-6.86985612,-1.49975125,-5.34670948,-5.28702737
0.000764213652,-1.49402217,-5.29527087,6.86788959,-6.86985613,-1.49621135,-5.34670909,-5.28702729
0.000769213652,-1.48908275,-5.29507022,6.86788959,-6.86985614,-1.49119725,-5.34670852,-5.28702721
0.000774213652,-1.48267378,-5.29486946,6.86788959,-6.86985614,-1.48471389,-5.34670776,-5.28702703
0.000779213652,-1.4748016,-5.29466872,6.86788959,-6.86985615,-1.47676767,-5.34670682,-5.28702684
0.000784213652,-1.46547396,-5.29446787,6.86788959,-6.86985616,-1.46736643,-5.34670569,-5.28702654
0.000789213652,-1.45470008,-5.29426702,6.86788959,-6.86985617,-1.45651946,-5.34670438,-5.28702624
0.000794213652,-1.44249059,-5.29406608,6.86788959,-6.86985618,-1.44423744,-5.34670289,-5.28702583
0.000799213652,-1.42885753,-5.29386514,6.86788959,-6.86985619,-1.43053252,-5.34670121,-5.28702542
0.000804213652,-1.41381436,-5.2936641,6.86788959,-6.8698562,-1.4154182,-5.34669936,-5.28702491
0.000809213652,-1.39737592,-5.29346307,6.86788959,-6.86985621,-1.39890941,-5.34669733,-5.28702439
0.000814213652,-1.37955845,-5.29326194,6.86788959,-6.86985622,-1.38102244,-5.34669512,-5.28702376
0.000819213652,-1.36037952,-5.29306081,6.86788959,-6.86985623,-1.36177494,-5.34669274,-5.28702314
0.000824213652,-1.33985805,-5.2928596,6.86788959,-6.86985624,-1.3411859,-5.3466902,-5.28702241
0.000829213652,-1.31801431,-5.29265645,6.86788959,-6.86985541,-1.31927565,-5.34667018,-5.28701975
0.000834213652,-1.29486985,-5.29244389,6.86788962,-6.86985121,-1.29606581,-5.34659036,-5.28700766
0.000839213652,-1.27044751,-5.29221167,6.8678897,-6.86984155,-1.27157928,-5.34642618,-5.28697591
0.000844213652,-1.24477139,-5.29195266,6.86788983,-6.86982605,-1.24584023,-5.34617382,-5.28691736
0.000849213652,-1.21786683,-5.29166322,6.86789002,-6.86980444,-1.21887405,-5.345825,-5.28682837
0.000854213652,-1.18976038,-5.29134026,6.86789027,-6.86977633,-1.19070737,-5.34537192,-5.28670584
0.000859213652,-1.16047979,-5.29098092,6.86789058,-6.86974151,-1.16136797,-5.34480604,-5.28654692
0.000864213652,-1.13005394,-5.29058202,6.86789095,-6.86969975,-1.13088481,-5.34411798,-5.28634844
0.000869213652,-1.09851286,-5.29014024,6.86789139,-6.86965093,-1.09928798,-5.34329713,-5.28610705
0.000874213652,-1.06588768,-5.28965158,6.8678919,-6.86959493,-1.06660866,-5.34233127,-5.28581876
0.000879213652,-1.03221061,-5.28911152,6.86789247,-6.86953172,-1.0328791,-5.341206,-5.28547905
0.000884213652,-0.997514859,-5.28851448,6.8678931,-6.8694613,-0.998132578,-5.33990402,-5.28508235
0.000889213652,-0.961834686,-5.28785378,6.86789381,-6.86938373,-0.962403394,-5.33840412,-5.28462196
0.000894213652,-0.925205299,-5.28712089,6.86789458,-6.86929911,-0.925726805,-5.33667979,-5.28408935
0.000899213652,-0.887662845,-5.286305,6.86789541,-6.86920758,-0.888139006,-5.33469714,-5.28347372
0.000904213652,-0.849244376,-5.28539178,6.86789631,-6.86910932,-0.849677093,-5.33241179,-5.28276072
0.000909213652,-0.809987804,-5.28436204,6.86789727,-6.86900456,-0.810379022,-5.32976394,-5.28193116
0.000914213652,-0.769931873,-5.28318884,6.86789828,-6.86889354,-0.770283576,-5.32667029,-5.28095811
0.000919213652,-0.729116112,-5.28183333,6.86789935,-6.86877653,-0.729430324,-5.32300977,-5.27980269
0.000924213652,-0.687580801,-5.28023618,6.86790048,-6.8686538,-0.687859582,-5.31859689,-5.27840558
0.000929213652,-0.645366931,-5.27830118,6.86790165,-6.86852559,-0.645612377,-5.31312645,-5.27667055
0.000934213652,-0.602516162,-5.27585727,6.86790288,-6.86839207,-0.602730401,-5.30604397,-5.27442654
0.000939213652,-0.559070782,-5.27255768,6.86790415,-6.8682532,-0.559255973,-5.29618102,-5.27132672
0.000944213652,-0.515073666,-5.26739391,6.86790548,-6.86810836,-0.515231998,-5.27963078,-5.26636258
0.000947375606,-0.486985157,-5.26178644,6.86790635,-6.86801297,-0.487127643,-5.25915688,-5.26088121
0.000948851185,-0.473810727,-5.25754247,6.86790677,-6.86796731,-0.473946122,-5.23930047,-5.25669604
0.000949572034,-0.467359886,-5.25456252,6.86790698,-6.86794486,-0.467491888,-5.2205451,-5.25374479
0.000949904913,-0.464377719,-5.25279819,6.86790707,-6.86793456,-0.46450817,-5.20591657,-5.25199371
0.000950204684,-0.461690427,-5.25084079,6.86790716,-6.86792544,-0.46181949,-5.18500867,-5.25004823
0.00095049936,-0.459047207,-5.24834387,6.86790724,-6.86791683,-0.459174913,-5.15109486,-5.24756304
0.000950842878,-0.455963894,-5.24414991,6.86790733,-6.86790745,-0.456090029,-5.09858292,-5.24338272
0.000951036461,-0.45422541,-5.24083171,6.86790739,-6.86790244,-0.454350663,-5.07041892,-5.24007222
0.000951224849,-0.452532942,-5.23666271,6.86790744,-6.86789764,-0.452657341,-5.0453457,-5.23591069
0.000951425994,-0.450725167,-5.23092011,6.86790749,-6.86789249,-0.450848657,-5.02060196,-5.23017607
0.000951658012,-0.448639026,-5.22229514,6.86790755,-6.86788651,-0.448761473,-4.99393939,-5.22156029
0.000951905947,-0.446408712,-5.21005978,6.86790761,-6.86788018,-0.446530049,-4.96690902,-5.20933473
0.000952130796,-0.444385141,-5.19670458,6.86790767,-6.86787469,-0.444505476,-4.94323788,-5.19598838
0.000952243478,-0.443370699,-5.18961244,6.86790769,-6.86787211,-0.443490534,-4.9315778,-5.18890068
0.000952372193,-0.442211653,-5.18154422,6.86790772,-6.86786935,-0.442330917,-4.91837498,-5.18083752
0.000952529366,-0.44079595,-5.17190329,6.86790776,-6.86786629,-0.440914521,-4.90237972,-5.17120275
0.000952721673,-0.439063204,-5.16028536,6.8679078,-6.86786299,-0.439180929,-4.88294768,-5.15959235
0.000952865507,-0.437766789,-5.15158634,6.86790783,-6.86786086,-0.437883883,-4.86848629,-5.15089895
0.000953045882,-0.436140522,-5.14050153,6.86790787,-6.86785853,-0.436256828,-4.85041026,-5.13982117
0.000953240826,-0.434382272,-5.12833363,6.8679079,-6.86785642,-0.434497729,-4.83092581,-5.12766085
0.000953630714,-0.43086382,-5.10326798,6.86790797,-6.86785322,-0.43097759,-4.79204496,-5.10261031
0.000953992901,-0.427593022,-5.07915624,6.86790801,-6.86785123,-0.427705237,-4.75598009,-5.07851254
0.000954399407,-0.423919368,-5.05103352,6.86790805,-6.86784979,-0.424029852,-4.71551511,-5.05040542
0.00095485329,-0.419814292,-5.01849119,6.86790809,-6.86784886,-0.41992286,-4.67032348,-5.0178804
0.000955761055,-0.411593929,-4.9500343,6.86790813,-6.86784821,-0.411698724,-4.57986088,-4.94945778
0.000956901234,-0.40124999,-4.85868438,6.86790814,-6.86784856,-0.40135015,-4.46605799,-4.85815023
0.000958949006,-0.38262082,-4.68325887,6.86790814,-6.86785014,-0.382712953,-4.26114129,-4.68279874
0.000962113454,-0.353709461,-4.39292973,6.86790812,-6.86785316,-0.353789942,-3.94318269,-4.39257839
0.000966168198,-0.316461297,-4.00121277,6.86790808,-6.86785725,-0.31652819,-3.53358836,-4.00099035
0.000970533597,-0.276130446,-3.56688597,6.86790804,-6.8678618,-0.276184403,-3.09011222,-3.56678869
0.000975533597,-0.229683271,-3.06158223,6.86790799,-6.86786711,-0.229724582,-2.5793752,-3.06161049
0.000980533597,-0.183009425,-2.55160412,6.86790794,-6.86787247,-0.183040419,-2.0661224,-2.55173869
0.000985533597,-0.136154972,-2.03861984,6.86790789,-6.86787786,-0.136177987,-1.55086051,-2.03884135
0.000990533597,-0.0891661499,-1.52352337,6.86790784,-6.86788327,-0.0891835328,-1.03409347,-1.52381234
0.000995533597,-0.0420893316,-1.00690919,6.86790779,-6.86788871,-0.0421034342,-0.516332892,-1.00724609
0.0010005336,0.00502902372,-0.489342789,6.86790774,-6.86789415,0.00501584646,0.00191176489,-0.489708026
0.0010055336,0.052142416,0.0286756657,6.86790769,-6.8678996,0.0521278083,0.520128211,0.0283017041
0.0010105336,0.09920435,0.546612653,6.86790764,-6.86790505,0.0991859576,1.03780566,0.546249587
0.0010155336,0.146168381,1.06397396,6.86790759,-6.86791049,0.146143854,1.55443286,1.0636414
0.0010205336,0.192988162,1.58023233,6.86790754,-6.86791592,0.192955155,2.06950023,1.57994985
0.0010255336,0.239617487,2.09489333,6.86790749,-6.86792134,0.239573665,2.58249932,2.09468045
0.0010305336,0.286010338,2.60743526,6.86790744,-6.86792674,0.285953376,3.09292399,2.60731144
0.0010355336,0.332120932,3.11736487,6.86790739,-6.8679321,0.332048518,3.60027046,3.11734948
0.0010405336,0.377903762,3.62416767,6.86790734,-6.86793744,0.3778136,4.10403811,3.62427996
0.0010455336,0.423313647,4.12735364,6.86790729,-6.86794274,0.423203457,4.60372976,4.12761273
0.0010505336,0.468305772,4.62619787,6.86790734,-6.86794799,0.468173296,5.09820844,4.62662276
0.00105196726,0.481123139,4.76328916,6.86790998,-6.86794945,0.480983859,5.19830839,4.76376503
0.00105302998,0.490599055,4.85417642,6.86791712,-6.86795044,0.490454613,5.22734912,4.85469101
0.00105396855,0.498949817,4.92306114,6.86792859,-6.86795119,0.498800732,5.24308001,4.92361049
0.00105493384,0.507520144,4.98344241,6.86794458,-6.86795181,0.507366202,5.25436513,4.98402798
0.00105680849,0.524110647,5.07551222,6.8679832,-6.86795266,0.523947037,5.26918369,5.07616921
0.00105802917,0.534874644,5.12027099,6.86801185,-6.867953,0.534704573,5.27603263,5.12097513
0.00105897967,0.543234482,5.14849899,6.86803526,-6.86795317,0.543059288,5.28043172,5.1492401
0.00106015115,0.553511065,5.17654622,6.86806535,-6.86795329,0.553329449,5.28504472,5.17733315
0.00106124918,0.563116154,5.19695641,6.86809506,-6.86795333,0.562928409,5.2887604,5.19778649
0.00106275867,0.576276755,5.21778418,6.86813876,-6.86795327,0.576080413,5.29315419,5.2186738
0.00106454001,0.591740585,5.23451643,6.86819441,-6.86795308,0.591533842,5.29755027,5.23547658
0.00106628173,0.606788862,5.24551046,6.86825164,-6.8679528,0.606571685,5.30123714,5.24653975
0.00106834229,0.624497938,5.25421266,6.86832009,-6.86795238,0.62426808,5.30501204,5.2553239
0.00107196231,0.655354115,5.26331565,6.86843631,-6.86795157,0.655101098,5.31052372,5.26457111
0.00107696231,0.697412116,5.2696951,6.86858411,-6.86795045,0.697125292,5.31653407,5.27115005
0.00108196231,0.738781856,5.27298099,6.86871869,-6.86794941,0.73845914,5.32130782,5.27463561
0.00108696231,0.779422507,5.27506757,6.86884397,-6.86794843,0.779061851,5.32524125,5.27692196
0.00109196231,0.819293962,5.27651794,6.86896194,-6.8679475,0.818893356,5.32852657,5.27857217
0.00109696231,0.858356873,5.2776374,6.86907308,-6.86794661,0.857914345,5.33132699,5.27989153
0.00110196231,0.89657269,5.27851953,6.86917744,-6.86794578,0.89608631,5.33373825,5.28097358
0.00110696231,0.933903697,5.27923179,6.86927496,-6.86794499,0.933371579,5.33582672,5.2818858
0.00111196231,0.970313055,5.27980858,6.86936553,-6.86794426,0.969733356,5.33764168,5.28266258
0.00111696231,1.00576483,5.28027585,6.86944901,-6.86794358,1.00513576,5.33922037,5.28332984
0.00112196231,1.04022404,5.28065079,6.8695253,-6.86794296,1.03954385,5.34059178,5.2839048
0.00112696231,1.07365667,5.28094664,6.86959435,-6.86794239,1.07292366,5.34177883,5.28440068
0.00113196231,1.10602973,5.28117337,6.86965613,-6.86794188,1.10524227,5.3428002,5.28482745
0.00113696231,1.13731127,5.28133886,6.86971065,-6.86794143,1.13646777,5.3436712,5.28519299
0.00114196231,1.16747043,5.28144948,6.86975798,-6.86794103,1.16656935,5.34440485,5.28550366
0.00114696231,1.19647743,5.28151041,6.86979824,-6.86794069,1.1955173,5.34501226,5.28576465
0.00115196231,1.22430366,5.2815261,6.8698316,-6.86794041,1.22328305,5.34550325,5.2859804
0.00115696231,1.25092164,5.2815003,6.86985828,-6.86794018,1.2498392,5.34588661,5.28615465
0.00116196231,1.27630512,5.28143639,6.86987854,-6.86794001,1.27515955,5.34617049,5.2862908
0.00116696231,1.30042903,5.28133739,6.86989271,-6.86793988,1.29921911,5.34636255,5.28639185
0.00117196231,1.32326958,5.28120613,6.86990118,-6.8679398,1.32199412,5.34647015,5.28646064
0.00117696231,1.34480423,5.28104572,6.86990453,-6.86793976,1.34346213,5.34650441,5.28650027
0.00118196231,1.36501171,5.2808629,6.86990489,-6.86793975,1.36360193,5.34650459,5.28651749
0.00118696231,1.38387209,5.28066836,6.86990484,-6.86793976,1.38239366,5.34650454,5.28652298
0.00119196231,1.40136676,5.28046996,6.8699049,-6.86793976,1.39981877,5.3465046,5.2865246
0.00119696231,1.41747844,5.28027045,6.86990488,-6.86793976,1.41586007,5.34650458,5.28652511
0.00120196231,1.43219125,5.28007061,6.86990489,-6.86793976,1.43050171,5.3465046,5.28652527
0.00120696231,1.44549066,5.27987065,6.86990489,-6.86793976,1.44372926,5.34650458,5.28652531
0.00121196231,1.45736354,5.27967068,6.86990489,-6.86793976,1.45552966,5.34650459,5.28652533
0.00121696231,1.46779818,5.2794707,6.86990489,-6.86793976,1.46589126,5.34650459,5.28652533
0.00122196231,1.47678428,5.27927073,6.86990489,-6.86793976,1.47480384,5.34650459,5.28652534
0.00122696231,1.48431298,5.27907075,6.86990489,-6.86793976,1.48225861,5.34650459,5.28652533
0.00123196231,1.49037683,5.2788708,6.86990489,-6.86793976,1.4882482,5.34650459,5.28652534
0.00123696231,1.49496986,5.27867084,6.86990489,-6.86793976,1.49276671,5.34650459,5.28652533
0.00124196231,1.49808754,5.2784709,6.86990489,-6.86793976,1.49580967,5.34650459,5.28652534
0.00124696231,1.49972679,5.27827096,6.86990489,-6.86793976,1.49737408,5.34650459,5.28652533
0.00125196231,1.49988599,5.27807103,6.86990489,-6.86793976,1.49745841,5.34650459,5.28652534
0.00125696231,1.49856498,5.2778711,6.86990489,-6.86793976,1.49606256,5.34650459,5.28652533
0.00126196231,1.49576507,5.27767119,6.86990489,-6.86793976,1.49318792,5.34650459,5.28652534
0.00126696231,1.49148902,5.27747128,6.86990489,-6.86793976,1.48883731,5.34650459,5.28652533
0.00127196231,1.48574105,5.27727138,6.86990489,-6.86793976,1.48301504,5.34650459,5.28652534
0.00127696231,1.47852683,5.27707149,6.86990489,-6.86793976,1.47572686,5.34650459,5.28652533
0.00128196231,1.46985349,5.27687161,6.86990489,-6.86793976,1.46697994,5.34650459,5.28652534
0.00128696231,1.45972957,5.27667172,6.86990489,-6.86793976,1.45678293,5.34650459,5.28652533
0.00129196231,1.44816508,5.27647186,6.86990489,-6.86793976,1.44514589,5.34650459,5.28652534
0.00129696231,1.43517143,5.27627199,6.86990489,-6.86793976,1.43208031,5.34650459,5.28652533
0.00130196231,1.42076143,5.27607214,6.86990489,-6.86793976,1.41759907,5.34650459,5.28652534
0.00130696231,1.40494932,5.27587229,6.86990489,-6.86793976,1.40171647,5.34650459,5.28652533
0.00131196231,1.38775069,5.27567245,6.86990489,-6.86793976,1.38444818,5.34650459,5.28652534
0.00131696231,1.36918252,5.27547262,6.86990489,-6.86793976,1.36581125,5.34650459,5.28652533
0.00132196231,1.34926313,5.2752728,6.86990489,-6.86793976,1.34582407,5.34650459,5.28652534
0.00132696231,1.32801218,5.27507241,6.86990465,-6.86793976,1.32450636,5.34649951,5.28652477
0.00133196231,1.30545064,5.27486648,6.86990219,-6.86793977,1.30187916,5.34645132,5.28651865
0.00133696231,1.28160078,5.27464479,6.86989482,-6.86793982,1.2779648,5.34632366,5.28649676
0.00134196231,1.25648613,5.27439866,6.86988173,-6.86793991,1.25278688,5.34610984,5.28645042
0.00134696231,1.23013149,5.27412341,6.8698627,-6.86794005,1.22637026,5.34580229,5.28637495
0.00135196231,1.20256285,5.27381585,6.8698373,-6.86794024,1.19874099,5.34539317,5.28626717
0.00135696231,1.17380743,5.27347304,6.8698053,-6.86794048,1.16992635,5.34487418,5.28612412
0.00136196231,1.1438936,5.27309197,6.86976644,-6.86794078,1.13995477,5.34423625,5.2859428
0.00136696231,1.11285089,5.27266935,6.86972059,-6.86794113,1.10885584,5.34346922,5.2857199
0.00137196231,1.08070993,5.27220148,6.8696676,-6.86794154,1.07666024,5.34256147,5.28545175
0.00137696231,1.04750244,5.27168403,6.86960743,-6.86794201,1.04339974,5.3414994,5.28513399
0.00138196231,1.01326119,5.27111189,6.86954006,-6.86794253,1.00910718,5.34026681,5.28476153
0.00138696231,0.978019971,5.2704788,6.86946551,-6.86794311,0.973816388,5.33884395,5.28432809
0.00139196231,0.941813567,5.26977701,6.86938388,-6.86794375,0.937562197,5.33720635,5.28382592
0.00139696231,0.904677706,5.2689966,6.86929529,-6.86794443,0.900380386,5.33532293,5.28324511
0.00140196231,0.866649038,5.26812473,6.86919991,-6.86794517,0.862307649,5.33315336,5.28257281
0.00140696231,0.827765092,5.26714417,6.86909794,-6.86794596,0.823381558,5.33064384,5.28179178
0.00141196231,0.788064242,5.26603122,6.86898963,-6.8679468,0.783640531,5.32772037,5.28087832
0.00141696231,0.747585667,5.26475199,6.86887523,-6.86794768,0.743123785,5.32427704,5.27979854
0.00142196231,0.706369315,5.26325586,6.86875501,-6.8679486,0.701871307,5.32015477,5.2785018
0.00142696231,0.664455863,5.26146256,6.86862923,-6.86794956,0.659923807,5.31509876,5.27690783
0.00143196231,0.621886672,5.25923437,6.86849809,-6.86795055,0.617322684,5.30866348,5.27487889
0.00143696231,0.578703755,5.25630617,6.86836167,-6.86795157,0.574109979,5.29996347,5.27214986
0.00144196231,0.534949727,5.2519957,6.86821961,-6.86795261,0.530328338,5.28643169,5.26803841
0.00144696231,0.490667768,5.24377979,6.86807018,-6.86795365,0.486020968,5.25793378,5.26002128
0.00144865821,0.475536027,5.23848125,6.86801769,-6.86795399,0.470881112,5.23185974,5.25479008
0.00144945566,0.468401941,5.23448796,6.86799309,-6.86795414,0.4637433,5.20137565,5.25082842
0.00144981574,0.465176808,5.23190442,6.86798231,-6.86795419,0.460516503,5.17097048,5.24825916
0.00145015872,0.462102571,5.22843149,6.86797266,-6.86795424,0.457440691,5.12281776,5.24479981
0.00145039941,0.459943899,5.2249754,6.86796632,-6.86795426,0.45528092,5.08595667,5.24135326
0.00145058862,0.458246198,5.22136655,6.8679615,-6.86795426,0.45358236,5.05943953,5.23775189
0.00145079151,0.456425072,5.21634927,6.86795637,-6.86795427,0.451760316,5.0333896,5.23274264
0.00145100209,0.454534151,5.20959447,6.86795102,-6.86795426,0.449868445,5.00834535,5.22599615
0.0014512476,0.452328531,5.19913453,6.86794476,-6.86795424,0.447661723,4.98087429,5.21554589
0.00145146983,0.450331078,5.18717458,6.86793922,-6.86795421,0.445663278,4.95707538,5.20359468
0.00145164932,0.448717167,5.17619897,6.86793497,-6.86795418,0.444048568,4.938333,5.19262612
0.00145177282,0.447606429,5.16841083,6.86793223,-6.86795416,0.442937282,4.92561164,5.18484282
0.00145190142,0.44644943,5.16044771,6.86792958,-6.86795413,0.441779714,4.91247289,5.17688473
0.0014520462,0.445146555,5.15165072,6.86792685,-6.86795409,0.4404762,4.89778375,5.1680934
0.00145219658,0.443792929,5.14258713,6.86792432,-6.86795404,0.439121912,4.88261313,5.15903567
0.00145237411,0.442194367,5.13181493,6.86792169,-6.86795398,0.437522573,4.86478464,5.14827038
0.00145257349,0.44039839,5.11954445,6.86791917,-6.86795391,0.435725725,4.8448349,5.13600764
0.00145282823,0.438102842,5.10353358,6.86791654,-6.86795381,0.43342907,4.81941827,5.12000663
0.00145318333,0.434900868,5.08053206,6.86791376,-6.86795364,0.430225563,4.78405849,5.09701881
0.00145355706,0.431528645,5.05545438,6.8679117,-6.86795344,0.426851738,4.74688411,5.07195548
0.00145412443,0.426404651,5.01568597,6.8679097,-6.86795311,0.421725336,4.69045565,5.03220872
0.00145463882,0.421754483,4.97802468,6.86790867,-6.86795277,0.417073011,4.63927326,4.9945669
0.00145566759,0.412440979,4.89866014,6.86790766,-6.86795201,0.407755263,4.53679162,4.91524085
0.00145669433,0.403128592,4.81490437,6.86790734,-6.86795117,0.398438737,4.4343424,4.83152286
0.00145874783,0.384453873,4.63720594,6.86790721,-6.86794936,0.379756028,4.22892873,4.65389795
0.00146200307,0.35472034,4.33671991,6.86790724,-6.86794624,0.350010615,3.90193051,4.35352257
0.0014655211,0.322420173,3.99641457,6.86790727,-6.86794269,0.317698702,3.54674276,4.01332828
0.0014705211,0.276246244,3.49919128,6.86790732,-6.86793748,0.27151004,3.03901314,3.51624695
0.0014755211,0.229799692,2.99356165,6.86790737,-6.86793217,0.225051073,2.52827086,3.01074029
0.0014805211,0.183126356,2.48347792,6.86790742,-6.8679268,0.17836765,2.01501759,2.50076029
0.0014855211,0.136272297,1.97045026,6.86790747,-6.86792141,0.131505842,1.49974876,1.98781699
0.0014905211,0.0892837527,1.45533217,6.86790752,-6.867916,0.0845118955,0.982976387,1.47276378
0.0014955211,0.0422070966,0.938697334,6.86790757,-6.86791056,0.0374321889,0.465207005,0.956174282
0.0015005211,-0.00491121287,0.42111444,6.86790762,-6.86790512,-0.00968681608,-0.0530464575,0.438617142
0.0015055211,-0.0520246756,-0.0969255288,6.86790767,-6.86789967,-0.0567986185,-0.5712739,-0.0794166864
0.0015105211,-0.0990867962,-0.614880878,6.86790772,-6.86789422,-0.103856725,-1.08896301,-0.597385517
0.0015155211,-0.14605113,-1.13226634,6.86790777,-6.86788878,-0.150814694,-1.60560344,-1.11480407
0.0015205211,-0.192871329,-1.64854525,6.86790782,-6.86788334,-0.197626183,-2.12068496,-1.63113565
0.0015255211,-0.239501188,-2.16323281,6.86790787,-6.86787793,-0.244244997,-2.63369943,-2.1458954
0.0015305211,-0.285894687,-2.67579716,6.86790792,-6.86787253,-0.290625126,-3.14414043,-2.6585514
0.0015355211,-0.332006043,-3.18575535,6.86790797,-6.86786716,-0.336720801,-3.65150427,-3.1686206
0.0015405211,-0.377789749,-3.69258204,6.86790802,-6.86786183,-0.382486529,-4.15529018,-3.67557756
0.0015455211,-0.423200623,-4.19579816,6.86790807,-6.86785653,-0.427877145,-4.65500099,-4.17894308
0.0015505211,-0.468193848,-4.69349103,6.86790811,-6.86785189,-0.472847854,-5.14604922,-4.67680431
0.00155195206,-0.480987438,-4.82585121,6.8679081,-6.86785533,-0.485634587,-5.21461406,-4.80921609
0.00155330576,-0.493054509,-4.93094377,6.86790804,-6.86786813,-0.497695002,-5.24116772,-4.91435868
0.00155426541,-0.501587444,-4.99240527,6.86790795,-6.86788286,-0.506223121,-5.25300244,-4.97585625
0.0015554793,-0.512354803,-5.05684257,6.86790778,-6.86790602,-0.51698427,-5.26374315,-5.04033975
0.0015565747,-0.522045563,-5.10401694,6.86790759,-6.86792982,-0.526669314,-5.27106238,-5.08755629
0.00155790503,-0.533781452,-5.14987917,6.86790732,-6.86796101,-0.538398119,-5.27804949,-5.13347019
0.00155869722,-0.540752256,-5.17190632,6.86790715,-6.86798051,-0.54536463,-5.28152433,-5.15552831
0.00155958837,-0.548577863,-5.19281643,6.86790695,-6.86800327,-0.553185343,-5.28497487,-5.1764734
0.00156070126,-0.558326571,-5.21371562,6.86790668,-6.86803314,-0.562927841,-5.28875175,-5.19741647
0.00156175331,-0.567517189,-5.22911837,6.86790642,-6.86806308,-0.572112489,-5.29189399,-5.21286083
0.00156346772,-0.582440745,-5.24733627,6.86790596,-6.86811544,-0.587026109,-5.29633496,-5.23114676
0.0015653025,-0.598337263,-5.26037408,6.86790543,-6.86817519,-0.602911711,-5.30038266,-5.2442576
0.00156709902,-0.613825255,-5.26897136,6.86790488,-6.86823517,-0.618388733,-5.30381629,-5.25292654
0.00157006163,-0.639194443,-5.27794426,6.86790398,-6.86833233,-0.643739226,-5.30862849,-5.2620178
0.00157506163,-0.681503224,-5.28588388,6.86790254,-6.86848513,-0.686014766,-5.31508683,-5.27015749
0.00158006163,-0.723139445,-5.28977141,6.86790123,-6.86862371,-0.727615647,-5.32015674,-5.27424531
0.00158506163,-0.764062014,-5.29211842,6.86790003,-6.86875183,-0.768500815,-5.32430481,-5.27679274
0.00159006163,-0.804230546,-5.29369925,6.8678989,-6.86887236,-0.808629921,-5.32774968,-5.27857406
0.00159506163,-0.843605399,-5.29490674,6.86789784,-6.868986,-0.847963361,-5.33067723,-5.27998209
0.00160006163,-0.882147716,-5.29585152,6.86789684,-6.86909283,-0.886462319,-5.33319329,-5.28112745
0.00160506163,-0.91981946,-5.29661259,6.8678959,-6.86919284,-0.924088801,-5.33537057,-5.28208913
0.00161006163,-0.956583452,-5.29722855,6.86789503,-6.86928593,-0.960805673,-5.3372623,-5.28290573
0.00161506163,-0.992403413,-5.29772873,6.86789422,-6.86937197,-0.996576701,-5.33890872,-5.28360657
0.00162006163,-1.02724399,-5.29813165,6.86789347,-6.86945084,-1.03136658,-5.34034069,-5.28421018
0.00162506163,-1.0610708,-5.29845203,6.8678928,-6.86952246,-1.06514098,-5.34158273,-5.28473125
0.00163006163,-1.09385047,-5.29870034,6.86789219,-6.8695868,-1.09786657,-5.34265442,-5.28518027
0.00163506163,-1.12555063,-5.2988853,6.86789165,-6.86964387,-1.12951106,-5.34357202,-5.28556593
0.00164006163,-1.15614001,-5.2990134,6.86789118,-6.86969371,-1.1600432,-5.34434899,-5.28589476
0.00164506163,-1.18558843,-5.29909042,6.86789077,-6.86973642,-1.18943288,-5.344997,-5.28617249
0.00165006163,-1.21386681,-5.29912074,6.86789042,-6.86977215,-1.21765108,-5.34552608,-5.28640353
0.00165506163,-1.24094724,-5.29910854,6.86789014,-6.86980111,-1.24466996,-5.34594534,-5.28659206
0.00166006163,-1.26680302,-5.29905708,6.86788993,-6.86982355,-1.27046286,-5.34626296,-5.28674132
0.00166506163,-1.29140861,-5.29896968,6.86788976,-6.86983977,-1.29500432,-5.34648677,-5.28685465
0.00167006163,-1.31473974,-5.29884904,6.86788966,-6.86985014,-1.31827012,-5.34662416,-5.28693472
0.00167506163,-1.33677338,-5.29869809,6.8678896,-6.86985507,-1.3402373,-5.34668264,-5.28698449
0.00168006163,-1.35748778,-5.29852186,6.86788959,-6.86985614,-1.36088417,-5.3466922,-5.28700896
0.00168506163,-1.37686251,-5.29833033,6.86788959,-6.86985606,-1.38019038,-5.34669313,-5.28701812
0.00169006163,-1.39487844,-5.29813273,6.86788959,-6.86985609,-1.39813685,-5.34669584,-5.28702121
0.00169506163,-1.4115178,-5.29793354,6.86788959,-6.8698561,-1.41470589,-5.34669793,-5.28702271
0.00170006163,-1.42676415,-5.29773371,6.86788959,-6.86985609,-1.42988113,-5.34669991,-5.28702356
0.00170506163,-1.44060247,-5.29753376,6.86788959,-6.8698561,-1.44364761,-5.34670173,-5.28702428
0.00171006163,-1.45301908,-5.29733364,6.86788959,-6.8698561,-1.45599173,-5.34670333,-5.28702481
0.00171506163,-1.46400174,-5.29713353,6.86788959,-6.8698561,-1.46690132,-5.34670479,-5.28702536
0.00172006163,-1.4735396,-5.29693329,6.86788959,-6.8698561,-1.4763656,-5.34670603,-5.28702576
0.00172506163,-1.48162326,-5.29673308,6.86788959,-6.8698561,-1.48437525,-5.34670712,-5.28702619
0.00173006163,-1.48824474,-5.29653275,6.86788959,-6.8698561,-1.49092234,-5.34670799,-5.28702649
0.00173506163,-1.4933975,-5.29633244,6.86788959,-6.8698561,-1.49600043,-5.34670871,-5.28702681
0.00174006163,-1.49707645,-5.29613202,6.86788959,-6.86985611,-1.4996045,-5.34670921,-5.28702699
0.00174506163,-1.49927797,-5.29593161,6.86788959,-6.86985611,-1.50173098,-5.34670956,-5.2870272
0.00175006163,-1.49999989,-5.29573109,6.86788959,-6.86985612,-1.5023778,-5.34670969,-5.28702727
0.00175506163,-1.49924148,-5.29553059,6.86788959,-6.86985612,-1.5015443,-5.34670966,-5.28702736
0.00176006163,-1.49700351,-5.29532997,6.86788959,-6.86985613,-1.49923131,-5.34670942,-5.28702733
0.00176506163,-1.49328817,-5.29512937,6.86788959,-6.86985613,-1.49544111,-5.34670901,-5.28702731
0.00177006163,-1.48809914,-5.29492865,6.86788959,-6.86985614,-1.49017744,-5.34670839,-5.28702716
0.00177506163,-1.48144154,-5.29472796,6.86788959,-6.86985615,-1.48344549,-5.34670762,-5.28702702
0.00178006163,-1.47332193,-5.29452715,6.86788959,-6.86985615,-1.47525192,-5.34670663,-5.28702677
0.00178506163,-1.46374833,-5.29432635,6.86788959,-6.86985616,-1.4656048,-5.34670548,-5.28702652
0.00179006163,-1.45273019,-5.29412544,6.86788959,-6.86985617,-1.45451365,-5.34670413,-5.28702615
0.00179506163,-1.44027837,-5.29392455,6.86788959,-6.86985618,-1.44198943,-5.34670262,-5.28702579
0.00180006163,-1.42640518,-5.29372355,6.86788959,-6.86985619,-1.42804449,-5.3467009,-5.28702532
0.00180506163,-1.4111243,-5.29352257,6.86788959,-6.8698562,-1.41269259,-5.34669903,-5.28702484
0.00181006163,-1.39445081,-5.29332148,6.86788959,-6.86985621,-1.39594888,-5.34669696,-5.28702426
0.00181506163,-1.37640116,-5.29312039,6.86788959,-6.86985622,-1.37782989,-5.34669473,-5.28702368
0.00182006163,-1.35699317,-5.29291922,6.86788959,-6.86985623,-1.3583535,-5.34669232,-5.287023
0.00182506163,-1.33624599,-5.29271804,6.86788959,-6.86985624,-1.33753893,-5.34668966,-5.2870223
0.00183006163,-1.3141801,-5.29251401,6.86788959,-6.86985505,-1.31540672,-5.34666223,-5.28701875
0.00183506163,-1.29081728,-5.29229876,6.86788963,-6.86984996,-1.29197871,-5.34656827,-5.28700398
0.00184006163,-1.26618057,-5.29206225,6.86788972,-6.86983932,-1.26727802,-5.34638963,-5.28696793
0.00184506163,-1.24029429,-5.29179832,6.86788986,-6.86982281,-1.24132903,-5.34612138,-5.28690445
0.00185006163,-1.213184,-5.29150334,6.86789006,-6.86980011,-1.21415735,-5.34575536,-5.28680991
0.00185506163,-1.18487643,-5.29117443,6.86789032,-6.86977088,-1.18578979,-5.3452837,-5.28668143
0.00186006163,-1.15539954,-5.29080855,6.86789064,-6.86973489,-1.15625435,-5.34469771,-5.28651596
0.00186506163,-1.12478241,-5.29040265,6.86789102,-6.86969194,-1.12558017,-5.34398784,-5.28631046
0.00187006163,-1.09305525,-5.28995315,6.86789147,-6.8696419,-1.09379753,-5.34314322,-5.28606135
0.00187506163,-1.06024938,-5.28945612,6.86789199,-6.86958467,-1.06093779,-5.34215133,-5.28576469
0.00188006163,-1.02639717,-5.28890675,6.86789257,-6.86952024,-1.02703339,-5.3409973,-5.28541567
0.00188506163,-0.991532034,-5.28829944,6.86789322,-6.8694486,-0.992117773,-5.33966328,-5.28500868
0.00189006163,-0.955688374,-5.28762708,6.86789394,-6.86936982,-0.956225405,-5.33812723,-5.28453663
0.00189506163,-0.918901564,-5.28688095,6.86789472,-6.86928401,-0.919391707,-5.3363616,-5.28399077
0.00190006163,-0.881207909,-5.28604959,6.86789556,-6.86919132,-0.881653027,-5.33433093,-5.28335966
0.00190506163,-0.842644608,-5.28511812,6.86789647,-6.86909194,-0.843046611,-5.33198867,-5.28262839
0.00191006163,-0.803249719,-5.2840661,6.86789743,-6.8689861,-0.803610557,-5.32927166,-5.28177655
0.00191506163,-0.763062119,-5.2828651,6.86789846,-6.86887404,-0.763383784,-5.32609147,-5.28077568
0.00192006163,-0.722121469,-5.28147338,6.86789954,-6.86875604,-0.722405992,-5.32231842,-5.27958404
0.00192506163,-0.680468173,-5.27982698,6.86790067,-6.86863236,-0.680717619,-5.31775179,-5.27813767
0.00193006163,-0.638143336,-5.27782044,6.86790186,-6.86850324,-0.638359807,-5.31205638,-5.27633109
0.00193506163,-0.595188729,-5.2752631,6.86790309,-6.86836882,-0.595374359,-5.30461051,-5.27397361
0.00194006163,-0.551646743,-5.27175641,6.86790437,-6.86822901,-0.551803695,-5.29406025,-5.27066667
0.00194506163,-0.507560348,-5.26605219,6.86790571,-6.86808301,-0.507690814,-5.27546679,-5.26516204
0.00194752261,-0.485674475,-5.26136005,6.86790639,-6.86800842,-0.485792717,-5.2576423,-5.26056803
0.0019488713,-0.473630829,-5.25740561,6.86790677,-6.86796669,-0.473742601,-5.23882768,-5.25666733
0.00194952199,-0.467808041,-5.25473817,6.86790696,-6.86794643,-0.46791675,-5.22215792,-5.2540258
0.00194987217,-0.464671178,-5.25292196,6.86790706,-6.86793558,-0.464778254,-5.20749467,-5.25222352
0.0019501682,-0.462017591,-5.2510345,6.86790715,-6.86792656,-0.462123295,-5.18790341,-5.25034784
0.00195045676,-0.459429449,-5.24867785,6.86790723,-6.86791807,-0.459533823,-5.15655685,-5.24800267
0.00195080961,-0.456262564,-5.24454764,6.86790733,-6.86790836,-0.456365323,-5.10324997,-5.24388648
0.0019510112,-0.454452272,-5.2412276,6.86790738,-6.86790311,-0.454554113,-5.07357485,-5.24057445
0.00195119473,-0.45280361,-5.2372808,6.86790743,-6.86789842,-0.452904618,-5.04887772,-5.23663494
0.0019513899,-0.451049617,-5.2319254,6.86790748,-6.86789343,-0.451149743,-5.02459775,-5.23128727
0.00195162703,-0.44891765,-5.22344234,6.86790754,-6.86788731,-0.449016708,-4.99711133,-5.2228136
0.00195184353,-0.4469703,-5.21320326,6.86790759,-6.86788175,-0.447068389,-4.97332874,-5.21258309
0.00195206851,-0.4449458,-5.20034513,6.86790765,-6.86787616,-0.445042885,-4.94946778,-5.19973383
0.00195219358,-0.443819945,-5.19253863,6.86790768,-6.86787322,-0.443916475,-4.93646382,-5.19193226
0.00195232164,-0.442666898,-5.18446438,6.86790771,-6.86787039,-0.442762859,-4.92328455,-5.18386304
0.00195246559,-0.441370448,-5.17556325,6.86790775,-6.86786747,-0.441465773,-4.90859342,-5.17496756
0.00195261611,-0.440014468,-5.16644363,6.86790778,-6.86786472,-0.44010913,-4.89333835,-5.16585383
0.0019527558,-0.438755599,-5.15801566,6.86790781,-6.86786245,-0.438849647,-4.87925206,-5.15743133
0.0019529242,-0.437237714,-5.14775774,6.86790785,-6.86786004,-0.437331025,-4.86233916,-5.14717998
0.00195311213,-0.435543071,-5.13615385,6.86790788,-6.86785776,-0.435635561,-4.84352423,-5.13558342
0.00195344516,-0.432538669,-5.1150648,6.86790794,-6.86785457,-0.432629713,-4.81027832,-5.11450729
0.00195374997,-0.429787105,-5.09519076,6.86790798,-6.86785247,-0.429876835,-4.77990886,-5.09464504
0.00195408067,-0.426800066,-5.07289486,6.86790802,-6.86785086,-0.426888379,-4.74698465,-5.07236187
0.00195447933,-0.423196783,-5.04512984,6.86790806,-6.86784958,-0.423283402,-4.70730026,-5.04461214
0.00195527664,-0.415982274,-4.98681007,6.86790811,-6.86784839,-0.416065547,-4.62788969,-4.98632266
0.00195618107,-0.407785922,-4.91672288,6.86790814,-6.86784826,-0.40786547,-4.53770422,-4.9162694
0.00195753687,-0.395474343,-4.80526852,6.86790815,-6.86784899,-0.395548445,-4.40226369,-4.80486497
0.00196024849,-0.370765983,-4.56605104,6.86790813,-6.86785134,-0.370829695,-4.1304998,-4.56574375
0.00196382249,-0.338036277,-4.22944798,6.8679081,-6.86785486,-0.338087322,-3.77057156,-4.22925976
0.00196786584,-0.300803842,-3.83299252,6.86790806,-6.86785901,-0.300841972,-3.36116045,-3.83292779
0.00197286584,-0.254496376,-3.33160625,6.86790801,-6.86786427,-0.254520623,-2.85196645,-3.3316772
0.00197786584,-0.207937752,-2.823798,6.86790796,-6.8678696,-0.207950439,-2.33999226,-2.82398553
0.00198286584,-0.161173919,-2.31226716,6.86790792,-6.86787498,-0.161177379,-1.82574072,-2.31255197
0.00198786584,-0.114251026,-1.79821555,6.86790787,-6.86788038,-0.114247603,-1.30971267,-1.79857821
0.00199286584,-0.0672153816,-1.28233488,6.86790782,-6.86788581,-0.0672074242,-0.792419243,-1.28275588
0.00199786584,-0.0201134036,-0.765215834,6.86790777,-6.86789125,-0.0201032653,-0.274368914,-0.765675616
0.00200286584,0.0270084238,-0.247369582,6.86790771,-6.86789669,0.0270183874,0.243925985,-0.247848541
0.00200786584,0.0741035972,0.27067026,6.86790766,-6.86790214,0.0741110307,0.761954773,0.270191743
0.00201286584,0.121125639,0.788406444,6.86790761,-6.86790759,0.12112819,1.27920574,0.787947984
0.00201786584,0.168028145,1.30531295,6.86790756,-6.86791303,0.168023465,1.79516877,1.30489414
0.00202286584,0.214764827,1.82089303,6.86790751,-6.86791846,0.214750576,2.30933448,1.82053343
0.00202786584,0.261289562,2.33462541,6.86790746,-6.86792386,0.261263409,2.8211956,2.33434452
0.00203286584,0.307556436,2.84601457,6.86790741,-6.86792925,0.307516062,3.33024693,2.84583179
0.00203786584,0.353519789,3.3545454,6.86790736,-6.8679346,0.353462888,3.83598616,3.35448006
0.00204286584,0.399134261,3.85972557,6.86790731,-6.86793992,0.399058545,4.33791418,3.85979686
0.00204786584,0.444354835,4.36104802,6.86790727,-6.8679452,0.444258035,4.83553566,4.361275
0.00204982563,0.461962264,4.55639197,6.86790725,-6.86794726,0.461856583,5.02924981,4.55668516
0.00205108357,0.473227206,4.68075138,6.86790758,-6.86794857,0.473115644,5.14726474,4.68108858
0.00205172383,0.478949516,4.7423042,6.86790862,-6.86794923,0.478834906,5.18679802,4.74266425
0.00205235244,0.48456022,4.79920526,6.86791139,-6.86794984,0.484442583,5.21047499,4.79958803
0.0020530053,0.490379271,4.85342861,6.8679166,-6.86795044,0.490258452,5.22680121,4.85383525
0.00205372141,0.496752567,4.90696848,6.86792502,-6.86795102,0.496628214,5.23949306,4.9074016
0.00205486975,0.506951731,4.98061208,6.86794337,-6.86795178,0.506821616,5.25373102,4.98108821
0.00205606688,0.517556022,5.04320345,6.86796714,-6.86795238,0.517419776,5.26413958,5.04372503
0.00205725628,0.528062932,5.09334217,6.86799372,-6.8679528,0.527920469,5.27191038,5.09390942
0.00205840578,0.538189321,5.1323038,6.86802117,-6.86795307,0.53804073,5.27787648,5.13291557
0.00205927995,0.545871486,5.15651732,6.86804295,-6.86795321,0.545718158,5.28170343,5.15716316
0.0020602547,0.554418049,5.17882736,6.86806817,-6.86795329,0.55425936,5.28542866,5.17951137
0.00206183896,0.568264309,5.20617684,6.86811183,-6.86795332,0.568096729,5.29057168,5.20692316
0.00206350389,0.582754927,5.22579324,6.86816167,-6.86795321,0.582577767,5.29508952,5.22660536
0.0020652406,0.597802218,5.23959448,6.86821733,-6.86795298,0.597614809,5.29910235,5.24047544
0.00206700866,0.613048124,5.2491307,6.86827594,-6.86795266,0.612850014,5.30263832,5.2500819
0.0020696327,0.635535017,5.25825625,6.86836241,-6.86795209,0.635320529,5.30712337,5.25931189
0.00207377713,0.67069665,5.26629532,6.86849177,-6.86795116,0.670455102,5.31288665,5.26751618
0.00207877713,0.7125096,5.27120452,6.86863429,-6.86795007,0.712233484,5.31838766,5.27262496
0.00208377713,0.75361939,5.27399724,6.86876506,-6.86794905,0.753306633,5.32283855,5.2756174
0.00208877713,0.793985448,5.27574504,6.86888759,-6.86794808,0.793634015,5.32649995,5.277565
0.00209377713,0.833567938,5.27706862,6.86900315,-6.86794717,0.833175834,5.32959464,5.27908844
0.00209877713,0.872327797,5.27808674,6.86911181,-6.8679463,0.871893064,5.33224475,5.28030648
0.00210377713,0.910226775,5.27890382,6.86921369,-6.86794548,0.909747499,5.33453203,5.2813235
0.00210877713,0.947227468,5.27956241,6.86930871,-6.86794472,0.946701779,5.33651613,5.28218206
0.00211377713,0.983293362,5.2800973,6.8693967,-6.867944,0.982719435,5.33824138,5.28291695
0.00211877713,1.01838886,5.28052913,6.86947759,-6.86794335,1.01776492,5.33974174,5.28354879
0.00212377713,1.05247934,5.28087401,6.86955125,-6.86794274,1.05180366,5.34104372,5.28409369
0.00212877713,1.08553115,5.28114371,6.86961766,-6.8679422,1.08480205,5.34216859,5.28456343
0.00213377713,1.11751166,5.28134733,6.86967679,-6.86794171,1.11672752,5.34313365,5.2849671
0.00213877713,1.14838933,5.28149223,6.86972869,-6.86794128,1.14754858,5.34395334,5.28531205
0.00214377713,1.17813368,5.28158419,6.86977344,-6.8679409,1.17723481,5.34463987,5.28560407
0.00214877713,1.20671535,5.28162823,6.86981117,-6.86794058,1.2057569,5.34520387,5.28584817
0.00215377713,1.23410614,5.28162838,6.86984207,-6.86794032,1.23308672,5.34565474,5.28604839
0.00215877713,1.26027901,5.28158838,6.86986638,-6.86794011,1.25919728,5.34600101,5.28620845
0.00216377713,1.28520814,5.28151134,6.86988438,-6.86793995,1.28406283,5.34625061,5.28633146
0.00216877713,1.30886893,5.28140031,6.86989643,-6.86793984,1.30765882,5.34641114,5.28642049
0.00217377713,1.33123802,5.28125796,6.86990293,-6.86793978,1.32996197,5.34648988,5.28647819
0.00217877713,1.35229334,5.28108846,6.8699049,-6.86793976,1.35095026,5.34650668,5.28650873
0.00218377713,1.37201411,5.28090011,6.86990486,-6.86793976,1.37060299,5.34650406,5.28652042
0.00218877713,1.39038086,5.2807035,6.86990486,-6.86793976,1.38890076,5.34650468,5.28652384
0.00219377713,1.40737548,5.28050449,6.8699049,-6.86793976,1.40582551,5.34650457,5.28652485
0.00219877713,1.42298119,5.28030483,6.86990488,-6.86793976,1.42136054,5.34650459,5.28652521
0.00220377713,1.43718259,5.28010489,6.8699049,-6.86793976,1.43549051,5.34650459,5.28652528
0.00220877713,1.44996566,5.27990495,6.86990489,-6.86793976,1.44820149,5.34650459,5.28652533
0.00221377713,1.46131779,5.27970494,6.86990489,-6.86793976,1.45948093,5.34650459,5.28652532
0.00221877713,1.47122778,5.27950498,6.86990489,-6.86793976,1.46931769,5.34650459,5.28652535
0.00222377713,1.47968585,5.27930498,6.86990489,-6.86793976,1.47770208,5.34650459,5.28652532
0.00222877713,1.48668364,5.27910504,6.86990489,-6.86793976,1.48462581,5.34650459,5.28652535
0.00223377713,1.49221425,5.27890505,6.86990489,-6.86793976,1.49008206,5.34650459,5.28652532
0.00223877713,1.49627223,5.27870512,6.86990489,-6.86793976,1.49406543,5.34650459,5.28652535
0.00224377713,1.49885357,5.27850515,6.86990489,-6.86793976,1.496572,5.34650459,5.28652532
0.00224877713,1.49995572,5.27830523,6.86990489,-6.86793976,1.4975993,5.34650459,5.28652535
0.00225377713,1.4995776,5.27810528,6.86990489,-6.86793976,1.4971463,5.34650459,5.28652532
0.00225877713,1.49771957,5.27790537,6.86990489,-6.86793976,1.49521347,5.34650459,5.28652535
0.00226377713,1.49438348,5.27770544,6.86990489,-6.86793976,1.49180269,5.34650459,5.28652533
0.00226877713,1.48957261,5.27750555,6.86990489,-6.86793976,1.48691735,5.34650459,5.28652535
0.00227377713,1.48329171,5.27730563,6.86990489,-6.86793976,1.48056227,5.34650459,5.28652533
0.00227877713,1.47554698,5.27710575,6.86990489,-6.86793976,1.4727437,5.34650459,5.28652534
0.00228377713,1.46634607,5.27690585,6.86990489,-6.86793976,1.46346938,5.34650459,5.28652533
0.00228877713,1.45569805,5.27670599,6.86990489,-6.86793976,1.45274845,5.34650459,5.28652534
0.00229377713,1.44361343,5.2765061,6.86990489,-6.86793976,1.4405915,5.34650459,5.28652533
0.00229877713,1.43010414,5.27630625,6.86990489,-6.86793976,1.42701052,5.34650459,5.28652534
0.00230377713,1.4151835,5.27610638,6.86990489,-6.86793976,1.41201891,5.34650459,5.28652533
0.00230877713,1.39886626,5.27590654,6.86990489,-6.86793976,1.39563147,5.34650459,5.28652534
0.00231377713,1.3811685,5.27570669,6.86990489,-6.86793976,1.37786437,5.34650459,5.28652533
0.00231877713,1.36210769,5.27550687,6.86990489,-6.86793976,1.35873514,5.34650459,5.28652534
0.00232377713,1.34170265,5.27530703,6.86990489,-6.86793976,1.33826268,5.34650459,5.28652533
0.00232877713,1.31997351,5.27510549,6.86990414,-6.86793976,1.31646717,5.34648891,5.28652361
0.00233377713,1.29694172,5.27489505,6.86990016,-6.86793978,1.29337012,5.34641499,5.28651298
0.00233877713,1.27263,5.27466536,6.86989076,-6.86793985,1.26899434,5.34625651,5.28648309
0.00234377713,1.24706235,5.2744091,6.86987555,-6.86793996,1.24336388,5.34600973,5.28642663
0.00234877713,1.22026399,5.27412251,6.86985425,-6.86794011,1.21650403,5.34566629,5.28633982
0.00235377713,1.19226139,5.27380251,6.86982648,-6.86794032,1.1884413,5.34521837,5.28621959
0.00235877713,1.16308217,5.27344621,6.86979203,-6.86794059,1.15920338,5.34465739,5.28606305
0.00236377713,1.13275512,5.27305047,6.86975065,-6.8679409,1.12881914,5.34397392,5.28586705
0.00236877713,1.10131018,5.27261192,6.86970222,-6.86794128,1.09731854,5.34315733,5.28562823
0.00237377713,1.06877839,5.2721266,6.86964664,-6.86794171,1.06473269,5.34219534,5.28534262
0.00237877713,1.03519183,5.27158998,6.86958386,-6.86794219,1.03109374,5.34107351,5.2850057
0.00238377713,1.00058367,5.27099653,6.86951387,-6.86794274,0.99643489,5.33977446,5.28461191
0.00238877713,0.964988055,5.27033954,6.86943675,-6.86794334,0.96079034,5.33827691,5.28415457
0.00239377713,0.928440111,5.26961051,6.86935258,-6.86794399,0.92419527,5.33655422,5.28362516
0.00239877713,0.890975908,5.26879865,6.86926151,-6.8679447,0.886685794,5.33457234,5.28301289
0.00240377713,0.852632421,5.26788963,6.86916371,-6.86794545,0.848298929,5.33228664,5.28230343
0.00240877713,0.813447487,5.26686427,6.86905941,-6.86794626,0.80907256,5.329637,5.28147759
0.00241377713,0.77345978,5.26569565,6.86894886,-6.86794711,0.769045397,5.32653953,5.28050845
0.00241877713,0.732708761,5.26434485,6.86883232,-6.86794801,0.728256944,5.32287229,5.27935709
0.00242377713,0.691234647,5.26275245,6.86871005,-6.86794895,0.686747453,5.31844814,5.27796406
0.00242877713,0.649078367,5.26082191,6.86858231,-6.86794992,0.644557889,5.31295877,5.27623283
0.00243377713,0.606281526,5.25838131,6.86844927,-6.86795092,0.601729889,5.30584269,5.27399146
0.00243877713,0.562886358,5.25508099,6.86831088,-6.86795195,0.558305718,5.29591267,5.27089026
0.00244377713,0.518935689,5.24989666,6.86816653,-6.86795299,0.514328232,5.27916286,5.26590489
0.00244685232,0.49164718,5.24444534,6.86807413,-6.86795363,0.487024324,5.25904584,5.26057581
0.00244830725,0.47867193,5.24029982,6.86802933,-6.86795392,0.474042083,5.23951694,5.25648807
0.00244902621,0.472245323,5.23736967,6.86800704,-6.86795406,0.46761209,5.22104864,5.25358645
0.00244936244,0.469236556,5.23561594,6.86799668,-6.86795412,0.464601756,5.20653472,5.25184606
0.0024496663,0.466515553,5.233663,6.86798748,-6.86795417,0.461879345,5.18570898,5.24990517
0.0024499582,0.463900123,5.23123638,6.86797898,-6.86795421,0.45926257,5.15267519,5.24749012
0.00245030352,0.460804094,5.22711589,6.86796957,-6.86795425,0.456164961,5.10017496,5.24338332
0.0024505001,0.459040557,5.22383488,6.8679645,-6.86795426,0.454400529,5.07152736,5.24011009
0.00245068422,0.457388232,5.21983851,6.86795981,-6.86795427,0.452747369,5.04696638,5.236121
0.00245087992,0.455631262,5.21441847,6.86795483,-6.86795426,0.450989513,5.02280212,5.23070869
0.00245112113,0.453464824,5.20563791,6.86794863,-6.86795425,0.448821991,4.99501395,5.22193765
0.00245135847,0.451332139,5.19426956,6.86794255,-6.86795423,0.446688243,4.96910955,5.21057866
0.00245160683,0.449099269,5.17964995,6.86793646,-6.86795419,0.444454266,4.94295851,5.1959688
0.00245172026,0.448079157,5.17247718,6.86793385,-6.86795417,0.44343365,4.93123779,5.18880048
0.00245183922,0.447009095,5.16498417,6.86793126,-6.86795414,0.442363061,4.91904905,5.18131213
0.00245198902,0.445661214,5.15574227,6.86792827,-6.8679541,0.441014519,4.90381341,5.17207608
0.00245220714,0.443697848,5.14251282,6.86792445,-6.86795404,0.439050193,4.88179287,5.15885514
0.00245235353,0.442379763,5.13367138,6.86792224,-6.86795399,0.437731466,4.86709497,5.1500194
0.00245251258,0.440947194,5.12389717,6.86792012,-6.86795393,0.436298202,4.85117363,5.14025137
0.00245270221,0.439238562,5.11206543,6.86791796,-6.86795386,0.434588744,4.83223652,5.12842698
0.00245308149,0.435819429,5.08774247,6.86791459,-6.86795369,0.431167969,4.79444772,5.10411868
0.00245339974,0.4329485,5.06666381,6.86791257,-6.86795353,0.428295673,4.76278636,5.08305226
0.0024538038,0.42930104,5.03890453,6.86791076,-6.86795331,0.424646489,4.7226035,5.05530845
0.0024542363,0.425393749,5.00812517,6.86790949,-6.86795304,0.42073737,4.67958532,5.02454555
0.0024551013,0.417569771,4.94344381,6.86790809,-6.86795244,0.412909786,4.59347988,4.9598968
0.00245606794,0.408811888,4.86694589,6.8679075,-6.86795169,0.404147954,4.49712206,4.88343479
0.00245800122,0.391251204,4.70366857,6.86790721,-6.86795004,0.386579626,4.30394908,4.72022756
0.00246167301,0.357742154,4.36873949,6.86790723,-6.86794658,0.353056995,3.93541807,4.38542466
0.00246591917,0.318755067,3.95801669,6.86790727,-6.86794229,0.314055743,3.5066977,3.97483579
0.00247044143,0.276984179,3.50759383,6.86790732,-6.86793756,0.272271596,3.04738279,3.52454081
0.00247544143,0.230541612,3.00203312,6.86790737,-6.86793225,0.225816575,2.53668812,3.01910339
0.00248044143,0.183871529,2.4919975,6.86790742,-6.86792689,0.179136366,2.02346875,2.50917183
0.00248544143,0.137019987,1.97900769,6.86790747,-6.8679215,0.132277037,1.50822951,1.99626669
0.00249044143,0.0900332224,1.46391641,6.86790752,-6.86791609,0.0852848315,0.991476129,1.48124062
0.00249544143,0.0429576061,0.947302151,6.86790757,-6.86791065,0.0382061261,0.473719252,0.964672027
0.00250044143,-0.00416040423,0.429729066,6.86790762,-6.86790521,-0.00891261841,-0.044530937,0.447125022
0.00250544143,-0.0512743087,-0.0883064517,6.86790767,-6.86789976,-0.0560249013,-0.562762543,-0.0709040294
0.00251044143,-0.0983376116,-0.60626858,6.86790772,-6.86789431,-0.103084228,-1.08046443,-0.588879313
0.00251544143,-0.145303867,-1.12366566,6.86790777,-6.86788887,-0.150044158,-1.59712547,-1.10630915
0.00252044143,-0.192126725,-1.63996784,6.86790782,-6.86788343,-0.196858345,-2.1122359,-1.62266368
0.00252544143,-0.238759978,-2.15468305,6.86790787,-6.86787802,-0.243480591,-2.62528725,-2.13745076
0.00253044143,-0.285157603,-2.66728704,6.86790792,-6.86787262,-0.289864884,-3.13577324,-2.65014607
0.00253544143,-0.331273812,-3.17728882,6.86790797,-6.86786725,-0.335965449,-3.64319004,-3.16025855
0.00254044143,-0.377063093,-3.68417136,6.86790802,-6.86786191,-0.38173679,-4.14703689,-3.66727104
0.00254544143,-0.422480259,-4.18744686,6.86790807,-6.86785661,-0.427133736,-4.64681651,-4.17069562
0.00255044143,-0.467480488,-4.68554749,6.86790811,-6.86785183,-0.472111485,-5.13892682,-4.6689643
0.00255187259,-0.480278001,-4.81871848,6.86790811,-6.86785489,-0.484902151,-5.21239084,-4.80218681
0.0025532262,-0.49234629,-4.92513494,6.86790805,-6.86786708,-0.496963795,-5.23996748,-4.90865323
0.0025541796,-0.500825221,-4.98708414,6.86790796,-6.86788136,-0.505437948,-5.25206953,-4.97063823
0.00255533283,-0.511057163,-5.04956758,6.8679078,-6.86790298,-0.515664002,-5.26260112,-5.03316551
0.00255643321,-0.520795201,-5.09823793,6.86790761,-6.86792658,-0.525396313,-5.27019541,-5.08187816
0.00255770498,-0.532019011,-5.14351417,6.86790736,-6.86795613,-0.53661337,-5.27708851,-5.12720374
0.00255847864,-0.538830217,-5.16596933,6.8679072,-6.867975,-0.543420398,-5.28059725,-5.14968911
0.00255939593,-0.546889408,-5.1884666,6.86790699,-6.86799821,-0.551474568,-5.28425571,-5.17222235
0.00256043177,-0.555968405,-5.20895823,6.86790675,-6.86802567,-0.560547806,-5.28787563,-5.19275478
0.00256141184,-0.564536818,-5.22437542,6.86790651,-6.86805309,-0.569110684,-5.29090604,-5.2082107
0.00256319264,-0.580050785,-5.24475416,6.86790604,-6.86810668,-0.584614379,-5.2956639,-5.22866006
0.00256485995,-0.59451022,-5.2575892,6.86790556,-6.86816048,-0.599063946,-5.29945644,-5.24156144
0.00256656668,-0.609243964,-5.26662237,6.86790504,-6.8682173,-0.613787341,-5.30284075,-5.25066264
0.00256945937,-0.634054878,-5.27638304,6.86790416,-6.8683128,-0.638580143,-5.30771774,-5.26053883
0.00257374754,-0.67044716,-5.28421997,6.8679029,-6.86844637,-0.674944263,-5.31354616,-5.2685473
0.00257874754,-0.71226415,-5.28883334,6.86790156,-6.8685883,-0.716726463,-5.31892617,-5.27336092
0.00258374754,-0.753378221,-5.29150866,6.86790034,-6.86871882,-0.757803673,-5.32329415,-5.27623662
0.00258874754,-0.793748799,-5.29321605,6.86789919,-6.86884126,-0.798135354,-5.32689795,-5.27814448
0.00259374754,-0.833336043,-5.29451322,6.86789811,-6.86895674,-0.837681704,-5.32994946,-5.27964218
0.00259874754,-0.872100885,-5.29551551,6.86789709,-6.86906535,-0.876403696,-5.33256593,-5.28084504
0.00260374754,-0.910005068,-5.29632144,6.86789614,-6.86916716,-0.914263114,-5.3348266,-5.28185156
0.00260874754,-0.947011186,-5.29697191,6.86789525,-6.86926209,-0.951222597,-5.33678917,-5.28270266
0.00261374754,-0.983082719,-5.2975007,6.86789442,-6.86934999,-0.98724567,-5.33849687,-5.2834321
0.00261874754,-1.01818407,-5.29792756,6.86789366,-6.86943076,-1.02229678,-5.33998272,-5.28405964
0.00262374754,-1.05228059,-5.29826859,6.86789297,-6.86950429,-1.05634134,-5.34127271,-5.28460135
0.00262874754,-1.08533864,-5.29853494,6.86789234,-6.86957056,-1.08934575,-5.34238756,-5.2850684
0.00263374754,-1.11732559,-5.2987359,6.86789179,-6.86962953,-1.12127744,-5.34334435,-5.28547007
0.00263874754,-1.14820988,-5.29887838,6.86789129,-6.86968127,-1.15210489,-5.34415716,-5.28581326
0.00264374754,-1.17796102,-5.2989684,6.86789087,-6.86972585,-1.18179769,-5.34483812,-5.28610399
0.00264874754,-1.20654966,-5.29901059,6.86789051,-6.8697634,-1.21032652,-5.34539761,-5.28634691
0.00265374754,-1.23394758,-5.29900927,6.86789021,-6.86979412,-1.23766324,-5.34584498,-5.2865463
0.00265874754,-1.26012774,-5.29896782,6.86788998,-6.86981825,-1.26378087,-5.34618862,-5.28670557
0.00266374754,-1.2850643,-5.29888963,6.8678898,-6.86983607,-1.28865363,-5.34643643,-5.28682811
0.00266874754,-1.30873266,-5.29877747,6.86788968,-6.86984795,-1.31225697,-5.34659589,-5.28691666
0.00267374754,-1.33110947,-5.29863425,6.86788961,-6.86985427,-1.3345676,-5.34667429,-5.28697415
0.00267874754,-1.35217262,-5.29846398,6.86788959,-6.86985612,-1.35556351,-5.34669236,-5.28700458
0.00268374754,-1.37190135,-5.29827539,6.86788959,-6.86985607,-1.37522397,-5.34669229,-5.28701668
0.00268874754,-1.39027618,-5.29807867,6.86788959,-6.86985607,-1.39352957,-5.34669527,-5.28702065
0.00269374754,-1.40727897,-5.29787975,6.86788959,-6.86985611,-1.41046227,-5.34669738,-5.28702241
0.00269874754,-1.42289294,-5.29768002,6.86788959,-6.86985609,-1.42600533,-5.34669941,-5.28702336
0.00270374754,-1.4371027,-5.29748011,6.86788959,-6.8698561,-1.44014343,-5.34670127,-5.28702411
0.00270874754,-1.4498942,-5.29728001,6.86788959,-6.86985609,-1.45286262,-5.34670292,-5.28702467
0.00271374754,-1.46125484,-5.29707992,6.86788959,-6.8698561,-1.46415033,-5.34670442,-5.28702523
0.00271874754,-1.47117339,-5.2968797,6.86788959,-6.8698561,-1.47399543,-5.34670571,-5.28702565
0.00272374754,-1.47964007,-5.2966795,6.86788959,-6.8698561,-1.4823882,-5.34670685,-5.28702609
0.00272874754,-1.48664653,-5.29647919,6.86788959,-6.8698561,-1.48932037,-5.34670778,-5.28702641
0.00273374754,-1.49218585,-5.2962789,6.86788959,-6.8698561,-1.49478508,-5.34670854,-5.28702673
0.00273874754,-1.49625255,-5.29607849,6.86788959,-6.86985611,-1.49877696,-5.34670909,-5.28702694
0.00274374754,-1.49884264,-5.2958781,6.86788959,-6.86985611,-1.50129204,-5.34670949,-5.28702716
0.00274874754,-1.49995355,-5.2956776,6.86788959,-6.86985611,-1.50232787,-5.34670967,-5.28702725
0.00275374754,-1.49958419,-5.29547711,6.86788959,-6.86985612,-1.5018834,-5.34670968,-5.28702735
0.00275874754,-1.49773492,-5.29527651,6.86788959,-6.86985612,-1.49995909,-5.34670949,-5.28702734
0.00276374754,-1.49440757,-5.29507592,6.86788959,-6.86985613,-1.49655682,-5.34670913,-5.28702732
0.00276874754,-1.48960541,-5.29487523,6.86788959,-6.86985614,-1.49167996,-5.34670857,-5.2870272
0.00277374754,-1.4833332,-5.29467454,6.86788959,-6.86985614,-1.48533333,-5.34670784,-5.28702707
0.00277874754,-1.47559711,-5.29447375,6.86788959,-6.86985615,-1.47752317,-5.3467069,-5.28702683
0.00278374754,-1.46640479,-5.29427297,6.86788959,-6.86985616,-1.46825721,-5.3467058,-5.28702659
0.00278874754,-1.45576531,-5.29407208,6.86788959,-6.86985617,-1.45754458,-5.3467045,-5.28702625
0.00279374754,-1.44368916,-5.2938712,6.86788959,-6.86985618,-1.44539586,-5.34670303,-5.2870259
0.00279874754,-1.43018826,-5.29367023,6.86788959,-6.86985619,-1.43182303,-5.34670136,-5.28702544
0.00280374754,-1.41527594,-5.29346925,6.86788959,-6.86985619,-1.41683949,-5.34669954,-5.28702498
0.00280874754,-1.39896691,-5.29326818,6.86788959,-6.86985621,-1.40046004,-5.34669751,-5.28702441
0.00281374754,-1.38127727,-5.29306711,6.86788959,-6.86985622,-1.38270082,-5.34669533,-5.28702384
0.00281874754,-1.36222448,-5.29286595,6.86788959,-6.86985623,-1.36357937,-5.34669296,-5.28702317
0.00282374754,-1.34182734,-5.29266479,6.86788959,-6.86985624,-1.34311456,-5.34669044,-5.2870225
0.00282874754,-1.32010597,-5.292462,6.86788959,-6.86985557,-1.32132659,-5.34667383,-5.28702018
0.00283374754,-1.29708182,-5.29225081,6.86788962,-6.86985181,-1.29823695,-5.34660114,-5.28700946
0.00283874754,-1.27277761,-5.29202072,6.86788969,-6.86984267,-1.27386844,-5.3464447,-5.28697983
0.00284374754,-1.24721732,-5.29176439,6.86788982,-6.86982771,-1.2482451,-5.34620079,-5.28692395
0.00284874754,-1.22042617,-5.29147783,6.86789,-6.86980668,-1.22139221,-5.34586112,-5.28683783
0.00285374754,-1.19243062,-5.29115811,6.86789024,-6.86977918,-1.19333629,-5.34541796,-5.28671854
0.00285874754,-1.16325827,-5.2908022,6.86789055,-6.86974499,-1.16410501,-5.34486283,-5.28656305
0.00286374754,-1.13293794,-5.29040713,6.86789092,-6.86970387,-1.13372723,-5.34418643,-5.28636838
0.00286874754,-1.10149953,-5.28996942,6.86789135,-6.8696557,-1.10223292,-5.34337828,-5.28613105
0.00287374754,-1.06897407,-5.28948529,6.86789185,-6.86960037,-1.06965317,-5.34242634,-5.28584729
0.00287874754,-1.03539366,-5.28895015,6.86789241,-6.86953782,-1.03602012,-5.34131642,-5.2855125
0.00288374754,-1.00079145,-5.28835866,6.86789304,-6.86946807,-1.00136697,-5.34003155,-5.28512134
0.00288874754,-0.965201571,-5.28770413,6.86789374,-6.86939116,-0.965727924,-5.3385509,-5.28466711
0.00289374754,-0.928659159,-5.28697834,6.8678945,-6.86930718,-0.929138141,-5.33684855,-5.2841416
0.00289874754,-0.891200272,-5.28617061,6.86789533,-6.86921628,-0.891633737,-5.33489138,-5.28353412
0.00290374754,-0.852861878,-5.28526712,6.86789622,-6.86911864,-0.853251722,-5.33263616,-5.28283085
0.00290874754,-0.813681812,-5.28424908,6.86789717,-6.86901447,-0.814029976,-5.33002477,-5.28201298
0.00291374754,-0.77369874,-5.28309055,6.86789818,-6.86890401,-0.774007205,-5.32697657,-5.28105459
0.00291874754,-0.732952121,-5.2817539,6.86789925,-6.86878755,-0.733222908,-5.32337481,-5.27991804
0.00292374754,-0.691482167,-5.28018235,6.86790037,-6.86866533,-0.691717332,-5.31904164,-5.27854652
0.00292874754,-0.649329804,-5.27828405,6.86790154,-6.86853762,-0.649531439,-5.31368658,-5.27684819
0.00293374754,-0.60653663,-5.27589767,6.86790276,-6.86840459,-0.606706861,-5.30678761,-5.27466171
0.00293874754,-0.563144878,-5.27270054,6.86790403,-6.86826622,-0.563285861,-5.29726277,-5.27166436
0.00294374754,-0.51919737,-5.26778809,6.86790535,-6.868122,-0.51931129,-5.2816439,-5.26695154
0.00294735931,-0.487130434,-5.26155499,6.86790635,-6.86801324,-0.487226178,-5.25929319,-5.26086249
0.00294891007,-0.47328416,-5.25703966,6.86790679,-6.86796521,-0.473372456,-5.23806963,-5.25640894
0.00294965025,-0.466659318,-5.25387265,6.867907,-6.86794216,-0.466744135,-5.21747227,-5.25327141
0.00294996971,-0.463796989,-5.25210016,6.86790709,-6.8679323,-0.46388032,-5.20193581,-5.25151163
0.00295025748,-0.461216964,-5.25012686,6.86790717,-6.8679236,-0.461298964,-5.1795974,-5.24954978
0.00295055601,-0.45853885,-5.24743619,6.86790726,-6.86791498,-0.458619477,-5.14215764,-5.24687098
0.0029509037,-0.455417718,-5.24283787,6.86790735,-6.86790562,-0.455496756,-5.08865651,-5.24228648
0.00295110078,-0.453647677,-5.23913962,6.86790741,-6.86790056,-0.45372582,-5.06087456,-5.23859605
0.0029512956,-0.451897155,-5.23439289,6.86790746,-6.8678956,-0.451974415,-5.0357583,-5.23385705
0.00295150243,-0.450038051,-5.22789383,6.86790751,-6.8678903,-0.450114378,-5.0110114,-5.22736619
0.00295172086,-0.44807381,-5.21890275,6.86790757,-6.86788467,-0.448149157,-4.98639413,-5.21838375
0.00295194876,-0.446023464,-5.20708264,6.86790762,-6.8678789,-0.446097791,-4.96180237,-5.20657264
0.00295217304,-0.444004869,-5.19344545,6.86790768,-6.86787353,-0.444078198,-4.93831443,-5.19294428
0.00295229397,-0.442916041,-5.18582706,6.86790771,-6.86787084,-0.442988834,-4.92585039,-5.18533065
0.002952418,-0.441799115,-5.17813198,6.86790774,-6.86786827,-0.441871359,-4.91317042,-5.17764044
0.00295255988,-0.440521043,-5.16949162,6.86790777,-6.86786559,-0.440592662,-4.89876142,-5.16900564
0.00295273318,-0.438959513,-5.15902696,6.86790781,-6.8678627,-0.439030369,-4.88126661,-5.15854776
0.0029528957,-0.437494632,-5.14916418,6.86790784,-6.86786034,-0.437564776,-4.86493607,-5.14869132
0.00295309993,-0.435653128,-5.13656937,6.86790788,-6.86785782,-0.43572238,-4.84448456,-5.13610447
0.0029533261,-0.433612942,-5.12235577,6.86790792,-6.86785554,-0.433681211,-4.82189614,-5.12189966
0.00295365463,-0.430647896,-5.10112181,6.86790797,-6.86785302,-0.430714746,-4.7891475,-5.10067842
0.0029540343,-0.42721905,-5.07572914,6.86790802,-6.86785102,-0.42728427,-4.75134393,-5.07530038
0.00295454042,-0.422644358,-5.04044308,6.86790807,-6.86784941,-0.422707428,-4.70096087,-5.04003373
0.00295511576,-0.417438872,-4.99850851,6.8679081,-6.86784853,-0.417499525,-4.64366392,-4.99812103
0.00295609262,-0.408588067,-4.92339077,6.86790813,-6.86784823,-0.408644685,-4.54627326,-4.92304
0.00295758834,-0.39500642,-4.80060054,6.86790815,-6.86784902,-0.395057029,-4.3968602,-4.80030487
0.00296057979,-0.367739669,-4.53544648,6.86790813,-6.86785166,-0.367778868,-4.09696085,-4.53525659
0.0029642545,-0.334068245,-4.18741012,6.8679081,-6.8678553,-0.33409455,-3.72668121,-4.18734165
0.00296917871,-0.288671559,-3.70205228,6.86790805,-6.86786038,-0.288682532,-3.22750008,-3.70213096
0.00297417871,-0.24229371,-3.19842686,6.867908,-6.86786567,-0.24229141,-2.7175263,-3.19863624
0.00297917871,-0.195676746,-2.68943052,6.86790795,-6.86787101,-0.195663499,-2.2049077,-2.68975141
0.00298417871,-0.148866672,-2.17714771,6.8679079,-6.8678764,-0.148844815,-1.69013937,-2.17756077
0.00298917871,-0.101909685,-1.66254659,6.86790785,-6.86788181,-0.101881562,-1.17373063,-1.66303237
0.00299417871,-0.0548521259,-1.14629246,6.8679078,-6.86788724,-0.0548200866,-0.656188464,-1.14683144
0.00299917871,-0.00774043405,-0.628926675,6.86790775,-6.86789268,-0.00770683343,-0.138024794,-0.629499278
0.00300417871,0.0393788967,-0.110984467,6.8679077,-6.86789813,0.0394117028,0.380249977,-0.111571083
0.00300917871,0.0864593652,0.407029669,6.86790765,-6.86790358,0.086489022,0.898123827,0.406448659
0.00301417871,0.133454509,0.924593297,6.8679076,-6.86790902,0.133478664,1.41508608,0.924037507
0.00301917871,0.180317949,1.44120471,6.86790755,-6.86791446,0.180334257,1.93062633,1.44069373
0.00302417871,0.227003437,1.95634521,6.8679075,-6.86791988,0.22700956,2.44423598,1.95589857
0.00302917871,0.2734649,2.46951462,6.86790745,-6.86792528,0.273458509,2.95540809,2.46915181
0.00303417871,0.319656486,2.9801989,6.8679074,-6.86793066,0.319635266,3.46363826,2.9799393
0.00303917871,0.36553261,3.48790119,6.86790735,-6.867936,0.36549426,3.96842492,3.48776409
0.00304417871,0.411047997,3.99211393,6.8679073,-6.86794131,0.410990233,4.46926993,3.9921185
0.00304917871,0.45615773,4.49234429,6.86790725,-6.86794658,0.456078287,4.96567521,4.49250955
0.003051106,0.473427877,4.68303931,6.86790772,-6.86794859,0.473339478,5.14978627,4.68327156
0.00305193314,0.480818527,4.76176174,6.86790944,-6.86794943,0.480726181,5.19625157,4.76202358
0.00305281389,0.488674062,4.83812969,6.86791491,-6.86795027,0.488577448,5.22267151,4.83842355
0.0030535915,0.495597135,4.89778205,6.86792336,-6.86795092,0.495496694,5.23753036,4.89810459
0.00305445123,0.503237606,4.95548585,6.86793617,-6.86795153,0.503132873,5.24920715,4.95584048
0.00305576172,0.514855645,5.0286027,6.86796078,-6.86795225,0.514744241,5.26180589,5.02900689
0.00305713468,0.526990039,5.08889177,6.86799093,-6.86795276,0.526871484,5.27121363,5.08934858
0.00305795412,0.534213794,5.1181084,6.86801027,-6.86795298,0.534090891,5.27568992,5.11859689
0.0030593005,0.546051866,5.15728974,6.86804353,-6.86795321,0.545921693,5.28179645,5.15783063
0.00306017548,0.553724178,5.17731615,6.86806614,-6.86795329,0.553589195,5.28515312,5.1778913
0.00306105807,0.561446319,5.19406157,6.86808991,-6.86795332,0.561306415,5.28816706,5.19467139
0.00306266961,0.575501681,5.21701041,6.86813625,-6.86795328,0.575352618,5.29292859,5.21768378
0.00306412966,0.588184818,5.23150876,6.86818145,-6.86795314,0.588027261,5.2966133,5.23223991
0.00306568054,0.601602758,5.24239587,6.8682319,-6.8679529,0.601435977,5.30003397,5.24318856
0.00306784947,0.620271915,5.25266299,6.86830389,-6.86795248,0.620091886,5.30416804,5.25354189
0.00307086465,0.646033046,5.26135008,6.86840201,-6.86795182,0.645833931,5.30898567,5.26234907
0.00307500924,0.681063372,5.26791372,6.86852821,-6.86795088,0.680836762,5.31436937,5.26907801
0.00308000924,0.722706853,5.27210092,6.86866744,-6.86794981,0.722445159,5.31956627,5.27346483
0.00308500924,0.763637109,5.2745851,6.86879605,-6.8679488,0.763338269,5.32380347,5.27614876
0.00309000924,0.803813748,5.27621014,6.86891678,-6.86794785,0.803475736,5.32731149,5.27797363
0.00309500924,0.843197119,5.27744856,6.86903061,-6.86794695,0.842817948,5.33028701,5.27941193
0.00310000924,0.881748357,5.27841111,6.86913761,-6.86794609,0.881326081,5.33284091,5.28057439
0.00310500924,0.919429416,5.27918534,6.86923781,-6.86794529,0.91896213,5.33504845,5.28154858
0.00311000924,0.956203109,5.27981104,6.8693311,-6.86794454,0.955688955,5.33696499,5.28237426
0.00311500924,0.992033145,5.28031863,6.86941735,-6.86794384,0.99147031,5.33863186,5.28308185
0.00312000924,1.02688416,5.28072781,6.86949646,-6.86794319,1.02627088,5.34008101,5.28369105
0.00312500924,1.06072177,5.28105303,6.86956834,-6.8679426,1.06005633,5.34133744,5.28421631
0.00313000924,1.09351258,5.28130575,6.86963295,-6.86794207,1.09279331,5.34242137,5.28466907
0.00313500924,1.12522422,5.28149414,6.86969029,-6.8679416,1.12444952,5.34334926,5.28505751
0.00314000924,1.15582539,5.28162556,6.86974041,-6.86794118,1.15499371,5.34413499,5.28538899
0.00314500924,1.18528591,5.28170515,6.86978341,-6.86794082,1.18439574,5.34479032,5.28566865
0.00315000924,1.2135767,5.28173808,6.86981944,-6.86794051,1.2126266,5.34532554,5.28590165
0.00315500924,1.24066983,5.2817279,6.86984868,-6.86794027,1.23965842,5.34574979,5.28609152
0.00316000924,1.26653857,5.28167854,6.8698714,-6.86794007,1.26546453,5.34607145,5.28624224
0.00316500924,1.29115739,5.28159273,6.8698879,-6.86793992,1.29001946,5.34629832,5.28635649
0.00317000924,1.31450199,5.2814738,6.86989854,-6.86793982,1.31329898,5.34643797,5.28643762
0.00317500924,1.33654934,5.28132408,6.86990373,-6.86793977,1.33528011,5.34649776,5.28648795
0.00318000924,1.35727767,5.28114897,6.86990494,-6.86793976,1.35594116,5.34650612,5.28651288
0.00318500924,1.37666654,5.28095768,6.86990485,-6.86793976,1.37526174,5.34650419,5.28652163
0.00319000924,1.3946968,5.28076026,6.86990487,-6.86793976,1.39322279,5.34650467,5.28652424
0.00319500924,1.41135066,5.28056092,6.8699049,-6.86793976,1.40980658,5.34650457,5.28652494
0.00320000924,1.42661169,5.28036125,6.86990489,-6.86793976,1.42499674,5.3465046,5.28652528
0.00320500924,1.44046483,5.28016122,6.86990489,-6.86793976,1.43877828,5.34650459,5.28652526
0.00321000924,1.4528964,5.27996133,6.86990489,-6.86793976,1.4511376,5.34650459,5.28652537
0.00321500924,1.46389414,5.27976125,6.86990489,-6.86793976,1.46206251,5.34650459,5.28652529
0.00322000924,1.4734472,5.27956135,6.86990489,-6.86793976,1.47154222,5.34650459,5.28652538
0.00322500924,1.48154614,5.27936129,6.86990489,-6.86793976,1.47956738,5.34650459,5.28652529
0.00323000924,1.48818297,5.2791614,6.86990489,-6.86793976,1.48613007,5.34650459,5.28652538
0.00323500924,1.49335114,5.27896136,6.86990489,-6.86793976,1.49122381,5.34650459,5.2865253
0.00324000924,1.49704556,5.27876148,6.86990489,-6.86793976,1.49484357,5.34650459,5.28652537
0.00324500924,1.49926257,5.27856145,6.86990489,-6.86793976,1.49698579,5.34650459,5.2865253
0.00325000924,1.5,5.27836159,6.86990489,-6.86793976,1.49764834,5.34650459,5.28652537
0.00325500924,1.4992571,5.27816158,6.86990489,-6.86793976,1.49683058,5.34650459,5.2865253
0.00326000924,1.49703462,5.27796172,6.86990489,-6.86793976,1.49453331,5.34650459,5.28652537
0.00326500924,1.49333475,5.27776173,6.86990489,-6.86793976,1.49075881,5.34650459,5.2865253
0.00327000924,1.48816113,5.27756189,6.86990489,-6.86793976,1.48551078,5.34650459,5.28652537
0.00327500924,1.48151888,5.27736192,6.86990489,-6.86793976,1.47879442,5.34650459,5.2865253
0.00328000924,1.47341455,5.27716209,6.86990489,-6.86793976,1.47061635,5.34650459,5.28652537
0.00328500924,1.46385614,5.27696214,6.86990489,-6.86793976,1.46098465,5.34650459,5.2865253
0.00329000924,1.45285307,5.27676232,6.86990489,-6.86793976,1.44990881,5.34650459,5.28652537
0.00329500924,1.44041622,5.27656238,6.86990489,-6.86793976,1.43739977,5.34650459,5.2865253
0.00330000924,1.42655785,5.27636258,6.86990489,-6.86793976,1.42346988,5.34650459,5.28652537
0.00330500924,1.41129164,5.27616266,6.86990489,-6.86793976,1.40813288,5.34650459,5.28652531
0.00331000924,1.39463266,5.27596287,6.86990489,-6.86793976,1.3914039,5.34650459,5.28652536
0.00331500924,1.37659734,5.27576297,6.86990489,-6.86793976,1.37329946,5.34650459,5.28652531
0.00332000924,1.35720348,5.27556319,6.86990489,-6.86793976,1.35383743,5.34650459,5.28652536
0.00332500924,1.33647023,5.27536328,6.86990488,-6.86793976,1.33303701,5.34650441,5.28652529
0.00333000924,1.31441805,5.27516058,6.86990361,-6.86793976,1.31091872,5.34647814,5.2865224
0.00333500924,1.29106869,5.2749462,6.86989837,-6.86793979,1.2875044,5.34638387,5.28650784
0.00334000924,1.26644521,5.27471046,6.86988756,-6.86793987,1.26281716,5.34620446,5.2864719
0.00334500924,1.24057189,5.274447,6.8698709,-6.86793999,1.23688135,5.34593464,5.28640823
0.00335000924,1.21347428,5.27415251,6.86984804,-6.86794016,1.20972257,5.34556629,5.28631353
0.00335500924,1.18517912,5.27382381,6.86981865,-6.86794038,1.18136763,5.3450914,5.28618461
0.00336000924,1.15571433,5.27345815,6.86978251,-6.86794066,1.15184451,5.34450123,5.28601871
0.00336500924,1.12510899,5.27305218,6.86973941,-6.86794099,1.12118234,5.34378608,5.28581247
0.00337000924,1.0933933,5.27260255,6.86968923,-6.86794138,1.08941138,5.34293496,5.28556257
0.00337500924,1.06059857,5.27210503,6.86963188,-6.86794182,1.056563,5.34193511,5.28526477
0.00338000924,1.02675715,5.27155503,6.86956732,-6.86794232,1.0226696,5.34077145,5.28491446
0.00338500924,0.991902448,5.27094659,6.86949558,-6.86794288,0.987764633,5.33942574,5.28450569
0.00339000924,0.956068857,5.27027279,6.86941671,-6.86794349,0.951882549,5.33787554,5.28403153
0.00339500924,0.919291742,5.26952447,6.86933083,-6.86794416,0.915058759,5.33609261,5.28348282
0.00340000924,0.881607396,5.26869023,6.86923808,-6.86794488,0.877329602,5.33404066,5.28284817
0.00340500924,0.843053011,5.26775459,6.86913867,-6.86794565,0.838732313,5.33167178,5.28211208
0.00341000924,0.803666634,5.26669689,6.86903281,-6.86794647,0.799304984,5.32892095,5.28125391
0.00341500924,0.763487136,5.26548765,6.86892075,-6.86794733,0.759086523,5.32569658,5.28024413
0.00342000924,0.722554167,5.26408403,6.86880278,-6.86794824,0.718116623,5.32186395,5.27903994
0.00342500924,0.680908125,5.26241939,6.86867915,-6.86794918,0.676435715,5.31721305,5.27757467
0.00343000924,0.638590109,5.2603837,6.86855009,-6.86795016,0.634084934,5.31139038,5.27573827
0.00343500924,0.595641881,5.25777506,6.86841574,-6.86795117,0.591106075,5.30373199,5.27332884
0.00344000924,0.552105827,5.25416504,6.86827599,-6.8679522,0.547541552,5.29276372,5.2699179
0.00344500924,0.508024911,5.24814616,6.86812992,-6.86795325,0.50343436,5.27280554,5.26409793
0.00344729619,0.487693012,5.24348006,6.86806062,-6.86795372,0.48309118,5.25439001,5.25952272
0.0034485133,0.476831088,5.23968637,6.86802305,-6.86795396,0.472223441,5.23530909,5.25577736
0.00344909926,0.471591832,5.23716076,6.8680049,-6.86795407,0.466981434,5.21846327,5.253275
0.0034494161,0.468756155,5.23544891,6.86799516,-6.86795413,0.464144281,5.20368975,5.25157572
0.00344970728,0.466148516,5.2335138,6.86798638,-6.86795418,0.461535295,5.18220325,5.24965217
0.00345000931,0.463442046,5.2308871,6.86797765,-6.86795422,0.458827434,5.14575326,5.24703743
0.00345034405,0.460440564,5.22667776,6.86796862,-6.86795425,0.455824421,5.09441519,5.24284135
0.00345053233,0.458751407,5.22337709,6.86796378,-6.86795426,0.454134408,5.06740568,5.23954814
0.00345072248,0.457044792,5.21908822,6.86795895,-6.86795427,0.45242693,5.0424059,5.23526679
0.00345092571,0.455220061,5.2131686,6.86795376,-6.86795426,0.450601282,5.01767037,5.2293552
0.00345116216,0.453096243,5.20412376,6.86794767,-6.86795425,0.448476401,4.99073228,5.22031969
0.0034514006,0.450953477,5.19224207,6.86794159,-6.86795422,0.446332568,4.96488813,5.20844739
0.00345166469,0.448578929,5.1762967,6.8679352,-6.86795418,0.443956844,4.93722417,5.19251239
0.00345177174,0.447616147,5.16951495,6.86793279,-6.86795416,0.442993588,4.92620913,5.18573484
0.00345189169,0.446536949,5.16201691,6.86793026,-6.86795413,0.441913859,4.91395587,5.17824149
0.00345203419,0.445254652,5.15328875,6.8679275,-6.86795409,0.440630933,4.89949612,5.16951889
0.00345222027,0.443579666,5.1420232,6.86792431,-6.86795404,0.438955129,4.88073063,5.1582606
0.00345237855,0.442154374,5.13241885,6.86792194,-6.86795398,0.437529143,4.86484378,5.14866242
0.00345258967,0.440252668,5.11938757,6.86791924,-6.86795391,0.435626515,4.84372578,5.13563933
0.0034527926,0.438424008,5.10664672,6.86791708,-6.86795382,0.433796973,4.82347922,5.12290634
0.00345312234,0.435451009,5.08536642,6.86791433,-6.86795367,0.430822548,4.79063911,5.10163877
0.00345349099,0.43212505,5.06077489,6.86791212,-6.86795348,0.427495007,4.75396711,5.07706141
0.00345401981,0.427349962,5.02397186,6.86791005,-6.86795318,0.422717671,4.70137474,5.04027858
0.00345457022,0.422374899,4.9839303,6.86790881,-6.86795282,0.417740295,4.64661313,5.00025789
0.00345554346,0.413565643,4.90927945,6.86790774,-6.86795211,0.408927016,4.54967775,4.92564351
0.00345703052,0.400075796,4.7874949,6.86790728,-6.8679509,0.395431188,4.40127228,4.80391358
0.00346000464,0.372992504,4.52443059,6.8679072,-6.86794819,0.368336536,4.10338641,4.54095418
0.00346343039,0.341635643,4.20092116,6.86790725,-6.86794482,0.336967593,3.75855382,4.21755797
0.00346843039,0.295589235,3.70941848,6.8679073,-6.86793968,0.290905486,3.252222,3.7262051
0.00347329023,0.250553618,3.22062888,6.86790735,-6.86793455,0.245856824,2.75700092,3.23754307
0.00347829023,0.203975788,2.71222448,6.86790739,-6.86792921,0.199267865,2.24480904,2.72925103
0.00348329023,0.157196659,2.20038125,6.86790744,-6.86792383,0.15247994,1.73037531,2.21750085
0.00348829023,0.110262396,1.68610529,6.86790749,-6.86791842,0.105539225,1.21421203,1.7032985
0.00349329023,0.063219317,1.17008285,6.86790754,-6.86791299,0.0584920433,0.696823653,1.18733015
0.00349829023,0.0161138484,0.652852772,6.86790759,-6.86790755,0.0113848259,0.178723471,0.6701346
0.00350329023,-0.0310075227,0.134957614,6.86790764,-6.86790211,-0.0357359382,-0.339579129,0.152254363
0.00350829023,-0.0780982931,-0.38310331,6.8679077,-6.86789666,-0.0828237465,-0.857571412,-0.365811261
0.00351329023,-0.12511199,-0.90080217,6.86790775,-6.86789121,-0.129832129,-1.37474297,-0.883534437
0.00351829023,-0.172002216,-1.41764173,6.8679078,-6.86788577,-0.176714693,-1.89058288,-1.40041791
0.00352329023,-0.218722697,-1.93309867,6.86790785,-6.86788035,-0.223425173,-2.40458237,-1.9159383
0.00352829023,-0.265227325,-2.44667634,6.8679079,-6.86787494,-0.269917469,-2.91623398,-2.42959893
0.00353329023,-0.311470206,-2.95785666,6.86790795,-6.86786956,-0.3161457,-3.42503286,-2.94088161
0.00353829023,-0.357405703,-3.46614541,6.867908,-6.86786421,-0.362064244,-3.93047682,-3.44929203
0.00354329023,-0.402988484,-3.97103152,6.86790804,-6.86785889,-0.407627784,-4.43206704,-3.95431899
0.00354829023,-0.448173564,-4.47202494,6.86790809,-6.86785361,-0.452791356,-4.92930757,-4.45547232
0.00355022265,-0.46552072,-4.66422202,6.86790811,-6.86785173,-0.470129595,-5.11844573,-4.64773627
0.0035510874,-0.473261485,-4.74821564,6.86790812,-6.86785185,-0.477866261,-5.18152012,-4.73176072
0.00355181732,-0.479784453,-4.81478835,6.86790811,-6.86785413,-0.484385718,-5.21026389,-4.79835987
0.00355254019,-0.486234452,-4.87467515,6.86790809,-6.86785933,-0.490832192,-5.22810312,-4.85827321
0.00355331307,-0.493119567,-4.93169649,6.86790805,-6.86786812,-0.497713487,-5.24125823,-4.91532325
0.00355453454,-0.503977183,-5.00810256,6.86790792,-6.86788749,-0.508564958,-5.25564919,-4.99177531
0.00355608959,-0.517756917,-5.08452198,6.86790768,-6.8679188,-0.522336677,-5.26799398,-5.06825419
0.00355698481,-0.525667379,-5.11948604,6.86790751,-6.86793904,-0.530242428,-5.27336754,-5.10325285
0.00355808812,-0.535393737,-5.15527766,6.86790728,-6.86796532,-0.539962883,-5.27886739,-5.1390874
0.00355890322,-0.542562782,-5.17704398,6.8679071,-6.86798556,-0.547127498,-5.28233956,-5.16088562
0.00355977447,-0.550209936,-5.19659215,6.86790691,-6.86800802,-0.554769851,-5.28562529,-5.18046803
0.00356151696,-0.56545455,-5.22594923,6.86790648,-6.86805612,-0.570004667,-5.29120321,-5.2098939
0.00356309445,-0.579197184,-5.24388519,6.86790606,-6.86810364,-0.583738201,-5.29541595,-5.22789242
0.00356480905,-0.594069784,-5.25722676,6.86790557,-6.86815883,-0.598600665,-5.29934287,-5.24130219
0.00356663543,-0.609835994,-5.26687283,6.86790502,-6.86821961,-0.6143558,-5.30296324,-5.25102107
0.00356930485,-0.63273479,-5.2758989,6.86790421,-6.86830782,-0.637237892,-5.30747576,-5.26015374
0.00357343953,-0.667849147,-5.28370298,6.86790299,-6.86843708,-0.672325176,-5.31316762,-5.26812321
0.00357843953,-0.709708094,-5.28851944,6.86790164,-6.86857984,-0.714149464,-5.31862579,-5.2731399
0.00358343953,-0.750866646,-5.29127846,6.86790041,-6.86871095,-0.755271282,-5.32304852,-5.27609929
0.00358843953,-0.791284183,-5.29301811,6.86789926,-6.86883384,-0.795650047,-5.32669149,-5.2780394
0.00359343953,-0.830920818,-5.29433732,6.86789818,-6.86894976,-0.835245912,-5.32977331,-5.27955913
0.00359843953,-0.869737434,-5.29535415,6.86789716,-6.86905879,-0.874019798,-5.33241427,-5.28077652
0.00360343953,-0.907695725,-5.29617091,6.8678962,-6.86916102,-0.911933442,-5.33469515,-5.28179388
0.00360843953,-0.944758229,-5.29682997,6.8678953,-6.86925639,-0.948949426,-5.33667488,-5.28265357
0.00361343953,-0.980888371,-5.29736557,6.86789447,-6.86934472,-0.98503122,-5.33839734,-5.28338981
0.00361843953,-1.01605049,-5.29779838,6.86789371,-6.86942594,-1.02014322,-5.33989617,-5.28402329
0.00362343953,-1.0502099,-5.29814426,6.86789301,-6.86949992,-1.05425076,-5.34119766,-5.28456985
0.00362843953,-1.08333287,-5.29841509,6.86789238,-6.86956664,-1.0873202,-5.34232289,-5.28504137
0.00363343953,-1.11538673,-5.29861978,6.86789182,-6.86962607,-1.11931889,-5.34328905,-5.28544676
0.00363843953,-1.14633983,-5.29876583,6.86789132,-6.86967825,-1.15021526,-5.34411046,-5.28579352
0.00364343953,-1.17616164,-5.29885885,6.86789089,-6.86972327,-1.17997881,-5.34479928,-5.28608725
0.00364843953,-1.20482271,-5.29890401,6.86789053,-6.86976126,-1.20858017,-5.34536607,-5.28633312
0.00365343953,-1.23229477,-5.29890518,6.86789023,-6.8697924,-1.23599112,-5.34582016,-5.28653501
0.00365843953,-1.25855071,-5.29886624,6.86788999,-6.86981693,-1.2621846,-5.34617004,-5.28669679
0.00366343953,-1.2835646,-5.29879016,6.86788981,-6.86983514,-1.28713477,-5.3464236,-5.28682142
0.00366843953,-1.30731178,-5.29868014,6.86788969,-6.86984737,-1.31081699,-5.34658837,-5.28691211
0.00367343953,-1.32976879,-5.29853869,6.86788962,-6.86985403,-1.33320791,-5.3466716,-5.28697136
0.00367843953,-1.35091348,-5.29837001,6.86788959,-6.86985609,-1.35428542,-5.34669213,-5.28700338
0.00368343953,-1.37072499,-5.29818213,6.86788959,-6.86985607,-1.37402871,-5.34669215,-5.2870162
0.00368843953,-1.38918375,-5.29798578,6.86788959,-6.86985606,-1.39241832,-5.34669513,-5.28702054
0.00369343953,-1.40627156,-5.29778685,6.86788959,-6.86985611,-1.40943608,-5.34669724,-5.28702228
0.00369843953,-1.42197155,-5.29758725,6.86788959,-6.86985609,-1.42506521,-5.34669929,-5.28702335
0.00370343953,-1.43626822,-5.29738726,6.86788959,-6.8698561,-1.43929027,-5.34670115,-5.28702402
0.00370843953,-1.44914747,-5.29718726,6.86788959,-6.86985609,-1.45209724,-5.34670283,-5.28702467
0.00371343953,-1.46059659,-5.29698709,6.86788959,-6.8698561,-1.46347347,-5.34670433,-5.28702515
0.00371843953,-1.47060427,-5.29678696,6.86788959,-6.8698561,-1.47340773,-5.34670564,-5.28702567
0.00372343953,-1.47916065,-5.29658669,6.86788959,-6.8698561,-1.48189023,-5.34670678,-5.28702603
0.00372843953,-1.48625727,-5.29638647,6.86788959,-6.8698561,-1.48891258,-5.34670772,-5.28702643
0.00373343953,-1.49188713,-5.2961861,6.86788959,-6.8698561,-1.49446787,-5.34670849,-5.28702668
0.00373843953,-1.49604469,-5.29598578,6.86788959,-6.86985611,-1.49855059,-5.34670907,-5.28702696
0.00374343953,-1.49872583,-5.29578532,6.86788959,-6.86985611,-1.50115674,-5.34670946,-5.28702711
0.00374843953,-1.4999279,-5.2955849,6.86788959,-6.86985611,-1.50228373,-5.34670966,-5.28702728
0.00375343953,-1.49964973,-5.29538434,6.86788959,-6.86985612,-1.50193046,-5.34670968,-5.28702731
0.00375843953,-1.49789159,-5.29518382,6.86788959,-6.86985612,-1.50009726,-5.34670951,-5.28702737
0.00376343953,-1.4946552,-5.29498317,6.86788959,-6.86985613,-1.49678596,-5.34670915,-5.28702729
0.00376843953,-1.48994378,-5.29478255,6.86788959,-6.86985614,-1.49199982,-5.34670861,-5.28702724
0.00377343953,-1.48376195,-5.29458181,6.86788959,-6.86985614,-1.48574355,-5.34670788,-5.28702705
0.00377843953,-1.47611584,-5.29438109,6.86788959,-6.86985615,-1.47802334,-5.34670696,-5.28702688
0.00378343953,-1.46701297,-5.29418025,6.86788959,-6.86985616,-1.46884681,-5.34670587,-5.28702658
0.00378843953,-1.45646235,-5.29397944,6.86788959,-6.86985617,-1.45822301,-5.34670458,-5.2870263
0.00379343953,-1.44447436,-5.2937785,6.86788959,-6.86985618,-1.44616242,-5.34670312,-5.28702589
0.00379843953,-1.43106086,-5.29357759,6.86788959,-6.86985618,-1.43267695,-5.34670147,-5.2870255
0.00380343953,-1.41623507,-5.29337656,6.86788959,-6.86985619,-1.4177799,-5.34669965,-5.28702498
0.00380843953,-1.40001163,-5.29317556,6.86788959,-6.8698562,-1.40148598,-5.34669764,-5.28702448
0.00381343953,-1.38240655,-5.29297444,6.86788959,-6.86985622,-1.38381127,-5.34669547,-5.28702385
0.00381843953,-1.3634372,-5.29277334,6.86788959,-6.86985623,-1.3647732,-5.34669311,-5.28702324
0.00382343953,-1.3431223,-5.29257213,6.86788959,-6.86985624,-1.34439058,-5.34669059,-5.28702252
0.00382843953,-1.3214819,-5.29236963,6.86788959,-6.86985567,-1.3226835,-5.34667605,-5.28702048
0.00383343953,-1.29853736,-5.29215921,6.86788961,-6.86985219,-1.2996734,-5.3466079,-5.28701053
0.00383843953,-1.27431132,-5.29193058,6.86788969,-6.86984339,-1.27538299,-5.3464566,-5.28698236
0.00384343953,-1.24882769,-5.29167592,6.86788981,-6.86982879,-1.24983623,-5.34621824,-5.28692814
0.00384843953,-1.22211161,-5.29139134,6.86788999,-6.86980814,-1.22305833,-5.34588463,-5.286844
0.00385343953,-1.19418946,-5.29107368,6.86789023,-6.86978104,-1.19507573,-5.345448,-5.28672676
0.00385843953,-1.16508879,-5.29072011,6.86789053,-6.86974726,-1.16591603,-5.34489995,-5.28657361
0.00386343953,-1.13483832,-5.29032748,6.86789089,-6.86970658,-1.13560802,-5.34423123,-5.28638137
0.00386843953,-1.10346789,-5.28989252,6.86789132,-6.86965884,-1.10418161,-5.34343145,-5.2861468
0.00387343953,-1.07100848,-5.28941131,6.86789181,-6.86960395,-1.0716678,-5.34248867,-5.28586595
0.00387843953,-1.03749211,-5.28887947,6.86789238,-6.86954184,-1.03809869,-5.34138886,-5.28553446
0.00388343953,-1.00295187,-5.28829156,6.867893,-6.86947253,-1.0035074,-5.34011521,-5.28514688
0.00388843953,-0.967421825,-5.28764114,6.8678937,-6.86939605,-0.96792808,-5.33864721,-5.28469676
0.00389343953,-0.930937057,-5.28691994,6.86789446,-6.8693125,-0.93139583,-5.33695926,-5.28417584
0.00389843953,-0.893533566,-5.28611763,6.86789528,-6.86922202,-0.893946707,-5.33501878,-5.28357377
0.00390343953,-0.855248265,-5.28522042,6.86789617,-6.86912478,-0.855617669,-5.33278325,-5.28287678
0.00390843953,-0.816118937,-5.28421008,6.86789712,-6.869021,-0.816446542,-5.33019566,-5.28206661
0.00391343953,-0.776184199,-5.28306102,6.86789812,-6.86891093,-0.776471982,-5.32717703,-5.28111769
0.00391843953,-0.73548346,-5.28173669,6.86789918,-6.86879482,-0.73573344,-5.3236134,-5.27999345
0.00392343953,-0.694056889,-5.28018161,6.8679003,-6.86867295,-0.69427112,-5.31933172,-5.2786384
0.00392843953,-0.651945366,-5.27830697,6.86790147,-6.86854557,-0.65212594,-5.31405078,-5.27696374
0.00393343953,-0.609190453,-5.27595721,6.86790269,-6.86841286,-0.609339491,-5.30726863,-5.27481387
0.00393843953,-0.565834342,-5.2728247,6.86790395,-6.86827483,-0.565954,-5.29795607,-5.27188115
0.00394343953,-0.52191982,-5.26806541,6.86790527,-6.868131,-0.522012281,-5.2828992,-5.26732149
0.00394733302,-0.487364734,-5.26147586,6.86790634,-6.86801391,-0.487437544,-5.25953956,-5.26088724
0.00394891917,-0.473202726,-5.25685852,6.86790679,-6.86796477,-0.473267918,-5.23785084,-5.25633309
0.00394968338,-0.466362625,-5.25354891,6.86790701,-6.86794098,-0.466424227,-5.21607402,-5.25305391
0.00395000513,-0.463479469,-5.25172104,6.8679071,-6.86793107,-0.463539575,-5.19959152,-5.25123884
0.00395029156,-0.460911298,-5.24969615,6.86790718,-6.86792245,-0.46097008,-5.17588541,-5.24922535
0.00395059141,-0.458221188,-5.24688318,6.86790727,-6.86791386,-0.458278592,-5.13646038,-5.2464243
0.00395087254,-0.455697568,-5.24316021,6.86790735,-6.86790631,-0.455753687,-5.0930157,-5.2427125
0.00395106702,-0.453950876,-5.23965015,6.8679074,-6.86790131,-0.45400611,-5.065193,-5.23921016
0.00395126191,-0.452199948,-5.23509026,6.86790745,-6.86789634,-0.4522543,-5.03969777,-5.234658
0.00395146533,-0.450371571,-5.22895492,6.8679075,-6.86789114,-0.450425005,-5.01507347,-5.22853073
0.00395170855,-0.448184456,-5.21921969,6.86790756,-6.86788489,-0.448236797,-4.98748026,-5.21880512
0.00395192916,-0.446199886,-5.207908,6.86790762,-6.86787929,-0.446251241,-4.96362371,-5.20750214
0.00395219818,-0.4437785,-5.19156216,6.86790769,-6.86787288,-0.443828657,-4.93544531,-5.1911669
0.00395232136,-0.442669463,-5.18381647,6.86790771,-6.86787018,-0.442719074,-4.9227778,-5.18342605
0.00395244693,-0.441538533,-5.17607092,6.86790774,-6.86786764,-0.441587589,-4.9099621,-5.17568543
0.00395258766,-0.440270755,-5.16753156,6.86790778,-6.86786504,-0.440319191,-4.89568971,-5.16715159
0.00395277027,-0.438625208,-5.15649734,6.86790782,-6.86786208,-0.438672841,-4.87727513,-5.15612451
0.00395295403,-0.436968775,-5.14530489,6.86790785,-6.86785953,-0.437015604,-4.85883091,-5.14493923
0.00395315887,-0.435121528,-5.13261139,6.86790789,-6.86785714,-0.435167463,-4.8383368,-5.13225371
0.00395341983,-0.432767233,-5.11607796,6.86790794,-6.86785471,-0.432812036,-4.81229222,-5.1157304
0.00395378101,-0.429506849,-5.09248068,6.86790799,-6.86785224,-0.429550095,-4.77630661,-5.09214709
0.00395424563,-0.425309391,-5.06088987,6.86790804,-6.86785021,-0.42535065,-4.7300523,-5.06057414
0.00395471894,-0.42102978,-5.0273304,6.86790808,-6.86784905,-0.421069037,-4.6829329,-5.02703276
0.00395547863,-0.414152925,-4.97083107,6.86790812,-6.86784829,-0.41418901,-4.60724964,-4.9705622
0.00395642166,-0.405603361,-4.89677694,6.86790814,-6.86784834,-0.40563558,-4.51318194,-4.89654332
0.00395830771,-0.388461814,-4.73854255,6.86790815,-6.86784958,-0.388486545,-4.3246177,-4.73837777
0.00396151263,-0.359209919,-4.44849695,6.86790812,-6.86785257,-0.35922267,-4.00290244,-4.4484437
0.00396478621,-0.329180971,-4.13524742,6.86790809,-6.86785584,-0.329182455,-3.67268565,-4.1353006
0.00396978621,-0.283050958,-3.64086786,6.86790804,-6.86786102,-0.283037138,-3.16544377,-3.64106832
0.00397478621,-0.236641609,-3.13643261,6.867908,-6.86786632,-0.236614799,-2.65512053,-3.13676143
0.00397978621,-0.189998722,-2.62697867,6.86790795,-6.86787167,-0.189961251,-2.14221496,-2.62741665
0.00398478621,-0.14316833,-2.11436958,6.8679079,-6.86787706,-0.143122533,-1.6272195,-2.11489735
0.00398978621,-0.0961966481,-1.59954299,6.86790785,-6.86788247,-0.0961448713,-1.11064633,-1.60014111
0.00399478621,-0.0491300316,-1.08311976,6.8679078,-6.8678879,-0.0490746262,-0.593001076,-1.08376868
0.00399978621,-0.00201492978,-0.565661991,6.86790775,-6.86789334,-0.00195825037,-0.0747968345,-0.566342137
0.00400478621,0.0451021606,-0.0476782595,6.8679077,-6.86789879,0.0451577582,0.443456641,-0.0483700226
0.00400978621,0.0921747405,0.470303176,6.86790764,-6.86790424,0.0922269017,0.961246892,0.469619417
0.00401478621,0.139156355,0.987783394,6.86790759,-6.86790969,0.139202729,1.47806362,0.987127251
0.00401978621,0.186000639,1.50423838,6.86790754,-6.86791512,0.18603888,1.99339638,1.50362943
0.00402478621,0.232661363,2.01917115,6.86790749,-6.86792054,0.232689134,2.50673688,2.01862893
0.00402978621,0.279092478,2.53206106,6.86790744,-6.86792594,0.279107452,3.01757839,2.53160504
0.00403478621,0.325248163,3.04241418,6.86790739,-6.86793131,0.325248026,3.52541687,3.04206374
0.00403978621,0.371082867,3.54971498,6.86790735,-6.86793665,0.37106532,4.02975111,3.54948939
0.00404478621,0.416551357,4.05347446,6.8679073,-6.86794196,0.416514119,4.53008345,4.05339287
0.00404978621,0.461608761,4.55317081,6.86790725,-6.86794722,0.46154957,5.02588083,4.55325222
0.00405150104,0.476959246,4.72096365,6.86790854,-6.867949,0.476892008,5.17717187,4.7211053
0.00405242724,0.485227282,4.80558819,6.86791219,-6.86794991,0.485155588,5.21304315,4.80576327
0.00405328043,0.492829066,4.87475714,6.86791972,-6.86795066,0.4927532,5.23241095,4.8749635
0.00405439636,0.502750397,4.95210477,6.86793527,-6.86795149,0.502668977,5.24860533,4.95235268
0.0040554433,0.512035946,5.01238233,6.86795441,-6.86795209,0.511949213,5.25917686,5.01266975
0.00405672452,0.523369112,5.07243825,6.86798167,-6.86795263,0.523275747,5.268712,5.07277461
0.00405818731,0.536266884,5.12585245,6.86801594,-6.86795303,0.536165771,5.27685584,5.12624532
0.00405899957,0.543409261,5.14945463,6.86803599,-6.86795317,0.543303763,5.28055329,5.14987911
0.0040599822,0.552030835,5.17333828,6.86806114,-6.86795327,0.551919956,5.28445568,5.17380118
0.00406108521,0.561683564,5.19460212,6.86809073,-6.86795332,0.561566543,5.28826324,5.19510834
0.00406211565,0.570676803,5.21016447,6.86811994,-6.86795331,0.570553949,5.29139297,5.21071131
0.00406389882,0.586182888,5.22959876,6.86817416,-6.86795317,0.586049721,5.29607016,5.2302161
0.00406574037,0.602119263,5.24287764,6.8682339,-6.86795289,0.601975157,5.3001625,5.24356804
0.00406749959,0.617268032,5.25142129,6.86829242,-6.86795255,0.617113202,5.30354959,5.25218162
0.00407041541,0.64220926,5.26043324,6.86838775,-6.86795192,0.642036071,5.30832795,5.26130967
0.00407541541,0.684471819,5.26853749,6.86854023,-6.86795079,0.684265471,5.31484056,5.26961333
0.00408041541,0.726058887,5.27247957,6.86867849,-6.86794972,0.725817285,5.31994363,5.27375506
0.00408541541,0.766929423,5.27484533,6.86880623,-6.86794872,0.766650507,5.32411375,5.27632057
0.00409041541,0.807043092,5.27643138,6.86892636,-6.86794778,0.80672484,5.3275731,5.27810646
0.00409541541,0.846360307,5.27764093,6.86903963,-6.86794688,0.846000735,5.33051068,5.27951589
0.00410041541,0.884842266,5.27858588,6.86914607,-6.86794603,0.884439431,5.33303368,5.28066077
0.00410541541,0.922450993,5.27934644,6.86924571,-6.86794523,0.922002995,5.33521564,5.2816213
0.00411041541,0.959149372,5.27996139,6.86933843,-6.86794448,0.958654356,5.33711032,5.28243623
0.00411541541,0.994901187,5.28046045,6.8694241,-6.86794378,0.994357343,5.33875835,5.2831353
0.00412041541,1.02967115,5.28086206,6.86950262,-6.86794314,1.02907672,5.34019083,5.28373694
0.00412541541,1.06342496,5.28118118,6.86957391,-6.86794256,1.06277823,5.3414325,5.28425609
0.00413041541,1.09612929,5.28142813,6.86963792,-6.86794203,1.09542861,5.34250305,5.2847031
0.00413541541,1.12775188,5.28161182,6.86969467,-6.86794156,1.12699563,5.34341886,5.28508684
0.00414041541,1.15826151,5.28173861,6.8697442,-6.86794115,1.15744815,5.34419347,5.28541369
0.00414541541,1.18762808,5.2818144,6.86978663,-6.86794079,1.18675611,5.34483862,5.28568956
0.00415041541,1.2158226,5.28184347,6.86982209,-6.86794049,1.21489059,5.3453644,5.28591869
0.00415541541,1.24281725,5.28183013,6.86985079,-6.86794025,1.24182382,5.34577996,5.28610542
0.00416041541,1.2685854,5.28177749,6.86987299,-6.86794005,1.26752923,5.34609354,5.28625285
0.00416541541,1.2931016,5.28168903,6.86988899,-6.86793991,1.29198144,5.346313,5.28636446
0.00417041541,1.31634166,5.28156728,6.86989917,-6.86793982,1.31515632,5.34644564,5.28644276
0.00417541541,1.33828266,5.28141536,6.86990393,-6.86793977,1.33703101,5.34649955,5.28649091
0.00418041541,1.35890293,5.28123831,6.86990493,-6.86793976,1.35758392,5.3465057,5.28651391
0.00418541541,1.37818213,5.28104639,6.86990484,-6.86793976,1.37679475,5.34650429,5.28652203
0.00419041541,1.39610123,5.28084858,6.86990488,-6.86793976,1.39464456,5.34650464,5.28652426
0.00419541541,1.41264254,5.28064935,6.86990489,-6.86793976,1.41111573,5.34650458,5.28652505
0.00420041541,1.42778975,5.28044948,6.86990489,-6.86793976,1.42619201,5.34650458,5.2865252
0.00420541541,1.4415279,5.2802496,6.86990489,-6.86793976,1.43985851,5.3465046,5.28652534
0.00421041541,1.45384344,5.28004955,6.86990489,-6.86793976,1.45210174,5.34650458,5.28652529
0.00421541541,1.46472421,5.27984963,6.86990489,-6.86793976,1.46290964,5.3465046,5.28652537
0.00422041541,1.47415948,5.27964957,6.86990489,-6.86793976,1.47227152,5.34650458,5.2865253
0.00422541541,1.48213992,5.27944965,6.86990489,-6.86793976,1.48017815,5.3465046,5.28652537
0.00423041541,1.48865768,5.27924962,6.86990489,-6.86793976,1.48662174,5.34650458,5.2865253
0.00423541541,1.4937063,5.27904971,6.86990489,-6.86793976,1.49159591,5.3465046,5.28652537
0.00424041541,1.49728083,5.27884969,6.86990489,-6.86793976,1.49509576,5.34650458,5.28652531
0.00424541541,1.49937771,5.2786498,6.86990489,-6.86793976,1.49711784,5.3465046,5.28652536
0.00425041541,1.49999489,5.27844979,6.86990489,-6.86793976,1.49766014,5.34650458,5.28652531
0.00425541541,1.49913176,5.27824991,6.86990489,-6.86793976,1.49672215,5.3465046,5.28652536
0.00426041541,1.49678916,5.27804993,6.86990489,-6.86793976,1.49430478,5.34650458,5.28652531
0.00426541541,1.49296942,5.27785006,6.86990489,-6.86793976,1.49041041,5.3465046,5.28652536
0.00427041541,1.48767629,5.27765009,6.86990489,-6.86793976,1.4850429,5.34650458,5.28652531
0.00427541541,1.48091501,5.27745024,6.86990489,-6.86793976,1.47820753,5.3465046,5.28652536
0.00428041541,1.47269224,5.27725028,6.86990489,-6.86793976,1.46991106,5.34650458,5.28652531
0.00428541541,1.4630161,5.27705044,6.86990489,-6.86793976,1.46016167,5.3465046,5.28652536
0.00429041541,1.45189614,5.27685051,6.86990489,-6.86793976,1.44896898,5.34650458,5.28652531
0.00429541541,1.43934334,5.27665068,6.86990489,-6.86793976,1.43634404,5.3465046,5.28652536
0.00430041541,1.42537008,5.27645076,6.86990489,-6.86793976,1.42229931,5.34650458,5.28652531
0.00430541541,1.40999015,5.27625095,6.86990489,-6.86793976,1.40684865,5.3465046,5.28652536
0.00431041541,1.39321873,5.27605105,6.86990489,-6.86793976,1.39000731,5.34650458,5.28652531
0.00431541541,1.37507237,5.27585125,6.86990489,-6.86793976,1.3717919,5.3465046,5.28652536
0.00432041541,1.35556898,5.27565136,6.86990489,-6.86793976,1.35222041,5.34650458,5.28652531
0.00432541541,1.33472781,5.2754515,6.86990486,-6.86793976,1.33131215,5.34650396,5.28652529
0.00433041541,1.31256942,5.27524819,6.86990339,-6.86793976,1.30908775,5.34647368,5.28652179
0.00433541541,1.28911569,5.2750325,6.86989772,-6.8679398,1.28556915,5.3463726,5.28650592
0.00434041541,1.26438975,5.27479459,6.86988644,-6.86793988,1.26077955,5.34618625,5.28646782
0.00434541541,1.23841602,5.27452883,6.8698693,-6.86794,1.23474342,5.34590879,5.28640186
0.00435041541,1.21122011,5.27423161,6.86984592,-6.86794018,1.20748646,5.34553216,5.28630443
0.00435541541,1.18282888,5.27390013,6.869816,-6.8679404,1.17903557,5.34504833,5.28617272
0.00436041541,1.15327034,5.27353126,6.8697793,-6.86794068,1.14941881,5.34444844,5.28600361
0.00436541541,1.12257366,5.27312197,6.86973564,-6.86794102,1.11866543,5.34372277,5.28579407
0.00437041541,1.09076914,5.27266856,6.86968488,-6.86794141,1.08680577,5.34286014,5.28554039
0.00437541541,1.05788816,5.27216707,6.86962695,-6.86794186,1.05387127,5.34184768,5.28523861
0.00438041541,1.02396317,5.27161251,6.86956181,-6.86794236,1.01989443,5.34067004,5.28488374
0.00438541541,0.989027651,5.27099915,6.86948949,-6.86794293,0.984908793,5.33930874,5.28447006
0.00439041541,0.953116083,5.27031962,6.86941005,-6.86794354,0.948948877,5.33774088,5.28399017
0.00439541541,0.916263905,5.2695649,6.8693236,-6.86794421,0.912050171,5.33593773,5.28343507
0.00440041541,0.878507484,5.26872303,6.86923031,-6.86794494,0.874249091,5.33386214,5.28279279
0.00440541541,0.839884083,5.26777847,6.86913037,-6.86794571,0.835582942,5.33146514,5.28204778
0.00441041541,0.800431818,5.2667097,6.869024,-6.86794654,0.796089883,5.32867991,5.28117853
0.00441541541,0.760189623,5.26548666,6.86891145,-6.8679474,0.755808889,5.3254122,5.28015496
0.00442041541,0.719197212,5.26406478,6.86879301,-6.86794831,0.714779712,5.32152262,5.2789325
0.00442541541,0.677495041,5.26237515,6.86866893,-6.86794926,0.673042843,5.31679293,5.27744224
0.00443041541,0.635124264,5.26030238,6.86853944,-6.86795024,0.630639472,5.31085281,5.27556877
0.00443541541,0.592126696,5.25763366,6.86840467,-6.86795125,0.587611446,5.30299937,5.27309925
0.00444041541,0.548544771,5.25390914,6.86826446,-6.86795229,0.544001228,5.29164421,5.26957381
0.00444541541,0.504421498,5.24755193,6.86811779,-6.86795333,0.499851857,5.27034936,5.26341549
0.00444765032,0.484535544,5.2425906,6.86804974,-6.86795379,0.479954954,5.25008348,5.25854296
0.0044487957,0.474306814,5.23860836,6.8680143,-6.86795402,0.469720785,5.2284398,5.2546062
0.00444928458,0.469933461,5.2362524,6.86799918,-6.86795411,0.465345146,5.21075659,5.25226964
0.00444958103,0.467279287,5.23446254,6.86799014,-6.86795416,0.462689596,5.1930714,5.25049153
0.00444985668,0.464809973,5.23237912,6.86798197,-6.8679542,0.46021901,5.16655509,5.24841905
0.00445017118,0.461990851,5.22914371,6.86797317,-6.86795424,0.457398445,5.12152192,5.2451961
0.00445039632,0.459971684,5.22593078,6.86796724,-6.86795425,0.455378251,5.08716356,5.24199208
0.00445058447,0.458283525,5.22240261,6.86796243,-6.86795426,0.453689236,5.06076951,5.23847135
0.00445078055,0.456523499,5.21766081,6.86795745,-6.86795427,0.451928322,5.03551995,5.23373731
0.00445099145,0.454629726,5.21106798,6.86795206,-6.86795426,0.450033598,5.01034731,5.22715281
0.00445123732,0.452420864,5.20082978,6.86794573,-6.86795424,0.447823632,4.98276596,5.21692431
0.00445145972,0.450421973,5.189038,6.86794011,-6.86795422,0.445823747,4.95891132,5.20514128
0.00445167176,0.44851535,5.17603039,6.86793503,-6.86795418,0.443916181,4.93677578,5.192142
0.00445179254,0.447429001,5.16840009,6.86793233,-6.86795415,0.442829296,4.92435394,5.18451643
0.0044519223,0.446261611,5.16033256,6.86792964,-6.86795412,0.441661333,4.9111132,5.17645398
0.00445206688,0.444960416,5.1515202,6.8679269,-6.86795408,0.4403595,4.8964571,5.16764727
0.00445223347,0.443460841,5.14145073,6.8679241,-6.86795403,0.438859192,4.87966676,5.15758429
0.00445239517,0.442004725,5.13161905,6.86792171,-6.86795398,0.437402368,4.86343934,5.1477589
0.00445259502,0.440204491,5.11928236,6.86791918,-6.86795391,0.435601262,4.8434498,5.13542997
0.00445283819,0.438013005,5.10397192,6.86791665,-6.86795381,0.433408718,4.81919008,5.12012895
0.00445319443,0.434800834,5.08086641,6.86791383,-6.86795364,0.430195009,4.78371998,5.09703719
0.00445357602,0.431357542,5.05522456,6.86791171,-6.86795344,0.426750082,4.74576381,5.07140998
0.00445410807,0.42655253,5.01792626,6.86790981,-6.86795312,0.421942812,4.69284873,5.03413199
0.00445466137,0.42155051,4.97740649,6.86790866,-6.86795276,0.416938471,4.63779334,4.99363316
0.00445576797,0.411531245,4.89174082,6.86790761,-6.86795194,0.406914648,4.52754727,4.90800886
0.00445702354,0.400139169,4.78834364,6.86790729,-6.8679509,0.395517533,4.40222205,4.80465772
0.00445953468,0.377281018,4.56748116,6.86790721,-6.86794864,0.372649736,4.15080394,4.58388423
0.00446334338,0.34243416,4.20975051,6.86790725,-6.86794492,0.337789348,3.76758795,4.22628021
0.00446761107,0.303155853,3.79119057,6.86790729,-6.86794054,0.298497462,3.33567519,3.80784961
0.00447261107,0.25686241,3.28964672,6.86790734,-6.86793527,0.25219025,2.82662882,3.30643987
0.00447761107,0.210315474,2.78186135,6.86790739,-6.86792994,0.205631867,2.3147758,2.79876949
0.00448261107,0.163560983,2.27042073,6.86790744,-6.86792456,0.158868261,1.80061889,2.28742455
0.00448761107,0.116645077,1.75643212,6.86790749,-6.86791916,0.111945583,1.28465944,1.77351221
0.00449261107,0.069614056,1.24061574,6.86790754,-6.86791373,0.0649101388,0.767408357,1.25775259
0.00449761107,0.0225143345,0.723516576,6.86790759,-6.8679083,0.0178083474,0.249374306,0.740690627
0.00450261107,-0.024607606,0.205683536,6.86790764,-6.86790285,-0.0293133072,-0.268930474,0.222875186
0.00450761107,-0.0717052617,-0.312387094,6.86790769,-6.8678974,-0.0764083218,-0.78699517,-0.295197465
0.00451261107,-0.118732153,-0.830163125,6.86790774,-6.86789195,-0.123430219,-1.30430805,-0.812995136
0.00451761107,-0.16564187,-1.34715144,6.86790779,-6.86788651,-0.170332594,-1.82035886,-1.33002469
0.00452261107,-0.212388118,-1.8628241,6.86790784,-6.86788109,-0.217069159,-2.33463812,-1.84575814
0.00452761107,-0.258924765,-2.37668884,6.86790789,-6.86787568,-0.263593791,-2.84663839,-2.35970317
0.00453261107,-0.305205885,-2.88822256,6.86790794,-6.86787029,-0.309860576,-3.35585431,-2.87133661
0.00453761107,-0.351185803,-3.39693552,6.86790799,-6.86786494,-0.355823854,-3.86178335,-3.38016861
0.00454261107,-0.396819143,-3.90231131,6.86790804,-6.86785961,-0.401438265,-4.36392619,-3.88568264
0.00454761107,-0.442060871,-4.40386471,6.86790809,-6.86785433,-0.446658792,-4.8617872,-4.38739336
0.00454955982,-0.459578165,-4.59818522,6.86790811,-6.8678523,-0.464167212,-5.05441925,-4.58178032
0.0045508107,-0.470786188,-4.72122759,6.86790812,-6.86785169,-0.475369358,-5.16566992,-4.70486684
0.00455141391,-0.476180623,-4.77830954,6.86790812,-6.86785254,-0.48076091,-5.19621373,-4.7619705
0.00455205434,-0.481900479,-4.83479693,6.86790811,-6.86785549,-0.486477669,-5.21690218,-4.81848121
0.004552772,-0.488300742,-4.89222216,6.86790808,-6.86786161,-0.492874418,-5.23246105,-4.87593288
0.00455354664,-0.495198097,-4.94726533,6.86790803,-6.86787133,-0.499767929,-5.24446234,-4.93100492
0.00455509593,-0.508957452,-5.03800707,6.86790784,-6.86789799,-0.513519435,-5.26064505,-5.02180526
0.00455673635,-0.523473557,-5.11036664,6.86790756,-6.86793316,-0.528026998,-5.27195134,-5.09422789
0.00455762968,-0.531355435,-5.14125325,6.86790738,-6.86795413,-0.535904123,-5.27669253,-5.12514919
0.00455876868,-0.541380436,-5.1737043,6.86790713,-6.86798208,-0.545922964,-5.28178274,-5.15764474
0.00455967762,-0.549360663,-5.19452426,6.86790693,-6.8680054,-0.553898193,-5.28526862,-5.1785004
0.00456059874,-0.557429602,-5.21183226,6.86790671,-6.86803012,-0.561961994,-5.28839904,-5.19584471
0.00456244098,-0.573511197,-5.23712854,6.86790624,-6.86808343,-0.578033088,-5.29374388,-5.2212139
0.00456390221,-0.586212258,-5.25072562,6.86790584,-6.86812923,-0.590725611,-5.29733312,-5.23486903
0.00456552953,-0.60029874,-5.26136337,6.86790536,-6.86818264,-0.604802365,-5.30082683,-5.24557157
0.00456789883,-0.620695463,-5.27160741,6.86790464,-6.86826156,-0.625184518,-5.30519459,-5.25591015
0.00457097636,-0.646983069,-5.27958678,6.8679037,-6.86836128,-0.651452481,-5.30993385,-5.26401251
0.00457580525,-0.68773916,-5.28627396,6.86790234,-6.86850625,-0.692176132,-5.31590559,-5.27089296
0.00458080525,-0.729271826,-5.28985496,6.86790105,-6.86864304,-0.733673155,-5.32081538,-5.27467426
0.00458580525,-0.77008479,-5.29206393,6.86789986,-6.86877001,-0.774448417,-5.32484868,-5.27708365
0.00459080525,-0.810137773,-5.29358015,6.86789874,-6.86888948,-0.814461679,-5.32820943,-5.27880036
0.00459580525,-0.849391247,-5.29474329,6.86789769,-6.86900212,-0.853673452,-5.33107074,-5.28016403
0.00460080525,-0.887806475,-5.2956579,6.86789669,-6.86910795,-0.892045039,-5.33353295,-5.28127922
0.00460580525,-0.925345546,-5.29639529,6.86789577,-6.86920695,-0.929538571,-5.33566518,-5.28221722
0.00461080525,-0.961971412,-5.29699295,6.8678949,-6.86929901,-0.966117048,-5.33751858,-5.28301551
0.00461580525,-0.997647928,-5.29747758,6.8678941,-6.86938399,-1.00174437,-5.33913165,-5.28370079
0.00462080525,-1.03233989,-5.29786775,6.86789337,-6.8694618,-1.03638538,-5.3405343,-5.28429163
0.00462580525,-1.06601305,-5.29817676,6.86789271,-6.86953235,-1.07000588,-5.34175012,-5.28480132
0.00463080525,-1.09863419,-5.29841545,6.86789211,-6.86959562,-1.10257271,-5.34279823,-5.28524071
0.00463580525,-1.1301711,-5.2985915,6.86789158,-6.86965162,-1.13405371,-5.34369434,-5.28561746
0.00464080525,-1.16059268,-5.29871195,6.86789111,-6.86970041,-1.16441783,-5.3444517,-5.28593861
0.00464580525,-1.18986889,-5.29878168,6.86789071,-6.86974208,-1.19363509,-5.34508161,-5.28620906
0.00465080525,-1.21797084,-5.29880569,6.86789038,-6.86977681,-1.22167666,-5.34559406,-5.28643377
0.00465580525,-1.24487081,-5.29878739,6.86789011,-6.86980479,-1.24851487,-5.34599789,-5.28661618
0.00466080525,-1.27054223,-5.29873062,6.8678899,-6.8698263,-1.27412323,-5.34630132,-5.28676013
0.00466580525,-1.29495979,-5.29863806,6.86788975,-6.86984164,-1.29847647,-5.34651201,-5.28686827
0.00467080525,-1.31809937,-5.29851294,6.86788965,-6.86985118,-1.32155056,-5.34663729,-5.28694386
0.00467580525,-1.33993815,-5.29835774,6.8678896,-6.8698554,-1.34332272,-5.34668578,-5.28698935
0.00468080525,-1.36045458,-5.29817868,6.86788959,-6.86985612,-1.36377147,-5.34669196,-5.28701099
0.00468580525,-1.3796284,-5.29798569,6.86788959,-6.86985605,-1.38287662,-5.34669361,-5.28701868
0.00469080525,-1.39744069,-5.29778787,6.86788959,-6.8698561,-1.40061933,-5.34669615,-5.28702155
0.00469580525,-1.41387388,-5.29758845,6.86788959,-6.86985609,-1.41698208,-5.34669822,-5.28702279
0.00470080525,-1.42891174,-5.29738873,6.86788959,-6.8698561,-1.43194872,-5.3467002,-5.28702373
0.00470580525,-1.44253944,-5.29718864,6.86788959,-6.8698561,-1.44550449,-5.34670196,-5.2870243
0.00471080525,-1.45474353,-5.29698864,6.86788959,-6.8698561,-1.457636,-5.34670356,-5.28702495
0.00471580525,-1.46551196,-5.29678841,6.86788959,-6.8698561,-1.46833128,-5.34670496,-5.28702536
0.00472080525,-1.47483411,-5.2965883,6.86788959,-6.8698561,-1.47757979,-5.3467062,-5.28702588
0.00472580525,-1.48270078,-5.29638798,6.86788959,-6.8698561,-1.48537238,-5.34670724,-5.28702618
0.00473080525,-1.4891042,-5.29618777,6.86788959,-6.8698561,-1.49170137,-5.34670811,-5.28702659
0.00473580525,-1.49403805,-5.29598735,6.86788959,-6.8698561,-1.49656052,-5.34670878,-5.28702678
0.00474080525,-1.49749747,-5.29578704,6.86788959,-6.86985611,-1.49994503,-5.34670928,-5.28702707
0.00474580525,-1.49947904,-5.29558653,6.86788959,-6.86985611,-1.50185156,-5.34670957,-5.28702716
0.00475080525,-1.4999808,-5.29538612,6.86788959,-6.86985612,-1.50227822,-5.3467097,-5.28702734
0.00475580525,-1.49900226,-5.29518552,6.86788959,-6.86985612,-1.5012246,-5.34670962,-5.28702731
0.00476080525,-1.49654439,-5.29498501,6.86788959,-6.86985613,-1.49869173,-5.34670937,-5.28702737
0.00476580525,-1.49260962,-5.29478431,6.86788959,-6.86985613,-1.49468212,-5.34670891,-5.28702724
0.00477080525,-1.48720181,-5.2945837,6.86788959,-6.86985614,-1.48919972,-5.34670829,-5.28702719
0.00477580525,-1.48032632,-5.29438291,6.86788959,-6.86985615,-1.48224994,-5.34670746,-5.28702694
0.00478080525,-1.47198992,-5.2941822,6.86788959,-6.86985615,-1.47383964,-5.34670647,-5.28702677
0.00478580525,-1.46220085,-5.29398132,6.86788959,-6.86985616,-1.46397713,-5.34670528,-5.28702642
0.00479080525,-1.45096876,-5.29378051,6.86788959,-6.86985617,-1.45267212,-5.34670391,-5.28702614
0.00479580525,-1.43830474,-5.29357953,6.86788959,-6.86985618,-1.43993579,-5.34670236,-5.28702568
0.00480080525,-1.42422129,-5.29337863,6.86788959,-6.86985619,-1.4257807,-5.34670063,-5.28702529
0.00480580525,-1.4087323,-5.29317756,6.86788959,-6.8698562,-1.41022081,-5.34669872,-5.28702472
0.00481080525,-1.39185307,-5.29297656,6.86788959,-6.86985621,-1.39327149,-5.34669664,-5.28702421
0.00481580525,-1.37360024,-5.2927754,6.86788959,-6.86985622,-1.37494946,-5.34669437,-5.28702354
0.00482080525,-1.35399183,-5.2925743,6.86788959,-6.86985623,-1.3552728,-5.34669194,-5.28702293
0.00482580525,-1.3330472,-5.29237295,6.86788959,-6.8698562,-1.33426094,-5.34668835,-5.28702205
0.00483080525,-1.31078702,-5.29216803,6.8678896,-6.86985461,-1.31193459,-5.34665337,-5.28701759
0.00483580525,-1.28723324,-5.29195006,6.86788964,-6.86984872,-1.28831581,-5.34654659,-5.28700008
0.00484080525,-1.26240912,-5.29170975,6.86788974,-6.8698372,-1.2634279,-5.34635499,-5.28696021
0.00484580525,-1.23633916,-5.29144126,6.86788989,-6.86981979,-1.23729542,-5.34607244,-5.28689217
0.00485080525,-1.20904907,-5.29114142,6.86789009,-6.86979611,-1.20994416,-5.34569102,-5.28679275
0.00485580525,-1.18056581,-5.29080707,6.86789036,-6.86976588,-1.18140111,-5.34520269,-5.28665882
0.00486080525,-1.15091746,-5.29043544,6.86789069,-6.86972885,-1.15169444,-5.34459869,-5.28648759
0.00486580525,-1.1201333,-5.29002315,6.86789109,-6.86968484,-1.12085347,-5.34386926,-5.28627569
0.00487080525,-1.0882437,-5.28956684,6.86789155,-6.86963372,-1.08890863,-5.34300334,-5.28601975
0.00487580525,-1.05528014,-5.28906221,6.86789207,-6.86957542,-1.05589145,-5.34198807,-5.28571548
0.00488080525,-1.02127515,-5.28850459,6.86789266,-6.8695099,-1.02183451,-5.34080822,-5.28535819
0.00488580525,-0.986262275,-5.28788794,6.86789332,-6.86943718,-0.986771426,-5.33944534,-5.28494184
0.00489080525,-0.950276081,-5.28720518,6.86789405,-6.86935734,-0.950736797,-5.33787673,-5.28445937
0.00489580525,-0.91335208,-5.28644699,6.86789484,-6.86927049,-0.913766185,-5.33607375,-5.28390144
0.00490080525,-0.875526711,-5.28560172,6.86789569,-6.86917678,-0.875896076,-5.33399957,-5.2832564
0.00490580525,-0.836837303,-5.28465354,6.86789661,-6.86907642,-0.837163843,-5.33160552,-5.28250842
0.00491080525,-0.797322037,-5.28358128,6.86789758,-6.86896963,-0.79760771,-5.32882537,-5.28163631
0.00491580525,-0.757019911,-5.28235465,6.86789862,-6.86885666,-0.757266713,-5.32556566,-5.28060979
0.00492080525,-0.715970697,-5.28092954,6.86789971,-6.8687378,-0.716180665,-5.32168854,-5.27938475
0.00492580525,-0.674214907,-5.27923711,6.86790085,-6.86861329,-0.674390113,-5.31697828,-5.27789232
0.00493080525,-0.631793748,-5.27716312,6.86790204,-6.86848337,-0.631936297,-5.31107001,-5.27601826
0.00493580525,-0.588749085,-5.27449657,6.86790328,-6.86834816,-0.588861116,-5.30327317,-5.27355155
0.00494080525,-0.545123398,-5.27078479,6.86790457,-6.8682075,-0.545207079,-5.29203621,-5.2700395
0.00494580525,-0.500959739,-5.26449511,6.86790592,-6.8680604,-0.501017267,-5.27117072,-5.26394935
0.00494803659,-0.481088759,-5.25965505,6.86790654,-6.86799226,-0.48113533,-5.25176933,-5.25919824
0.00494918859,-0.470792477,-5.25580308,6.86790687,-6.86795648,-0.470833564,-5.23165401,-5.25539215
0.00494971795,-0.466052887,-5.25336039,6.86790702,-6.86794002,-0.466091495,-5.21443778,-5.25297053
0.00495002027,-0.463343763,-5.2516142,6.86790711,-6.86793072,-0.463380966,-5.19838042,-5.25123638
0.00495030014,-0.460834352,-5.24961183,6.86790719,-6.86792231,-0.460870262,-5.17462632,-5.24924513
0.00495060741,-0.4580776,-5.24667856,6.86790727,-6.86791353,-0.458112098,-5.13354697,-5.24632408
0.00495087117,-0.455709866,-5.2431448,6.86790735,-6.86790646,-0.455743159,-5.09280404,-5.24280081
0.00495106997,-0.453924407,-5.23954116,6.8679074,-6.86790134,-0.453956796,-5.06441663,-5.23920506
0.00495129119,-0.451936829,-5.23424066,6.86790746,-6.86789569,-0.451968216,-5.03569046,-5.23391333
0.00495149101,-0.450140695,-5.22798593,6.86790751,-6.86789056,-0.450171181,-5.01176127,-5.22766652
0.00495170954,-0.448175582,-5.21905837,6.86790756,-6.86788493,-0.448205086,-4.98708746,-5.21874761
0.00495193713,-0.446128145,-5.20732499,6.86790762,-6.86787914,-0.446156632,-4.96250265,-5.20702321
0.00495217194,-0.444014754,-5.19305812,6.86790768,-6.86787351,-0.444042195,-4.93790196,-5.1927656
0.00495229249,-0.442929361,-5.18545726,6.86790771,-6.86787082,-0.442956268,-4.92548082,-5.18516947
0.00495241542,-0.441822352,-5.17782875,6.86790774,-6.86786828,-0.441848715,-4.91291515,-5.17754579
0.0049525567,-0.440549717,-5.16922202,6.86790777,-6.86786561,-0.440575457,-4.89856865,-5.1689446
0.00495273033,-0.438985158,-5.15873254,6.86790781,-6.8678627,-0.439010134,-4.88104077,-5.15846191
0.00495289326,-0.437516614,-5.148841,6.86790784,-6.86786034,-0.437540876,-4.86467018,-5.14857674
0.00495309756,-0.435674484,-5.13623637,6.86790788,-6.86785782,-0.435697854,-4.84421248,-5.13598007
0.00495332375,-0.433634144,-5.12201533,6.86790792,-6.86785554,-0.433656531,-4.82162294,-5.12176781
0.00495365409,-0.430652747,-5.10065319,6.86790797,-6.86785301,-0.430673707,-4.78869437,-5.10041846
0.00495403427,-0.427219308,-5.07521187,6.86790802,-6.86785101,-0.427238637,-4.75084078,-5.0749918
0.00495454277,-0.422623142,-5.03973681,6.86790807,-6.8678494,-0.42264031,-4.70022167,-5.03953622
0.00495511588,-0.417437798,-4.99794074,6.8679081,-6.86784853,-0.417452559,-4.6431467,-4.99776194
0.00495610989,-0.408431455,-4.92143616,6.86790813,-6.86784824,-0.408442112,-4.5440449,-4.92129471
0.00495759024,-0.394989134,-4.79981355,6.86790815,-6.86784902,-0.394993845,-4.39616496,-4.79972661
0.00496055095,-0.368003142,-4.53741489,6.86790813,-6.86785163,-0.367996559,-4.09935354,-4.53743266
0.00496426919,-0.333933257,-4.18530504,6.8679081,-6.86785532,-0.333913626,-3.72469212,-4.18544567
0.0049691443,-0.28898981,-3.7047728,6.86790805,-6.86786035,-0.288954998,-3.23049464,-3.70505913
0.0049741443,-0.242613765,-3.2012004,6.867908,-6.86786564,-0.242565667,-2.72054119,-3.20161753
0.0049791443,-0.19599829,-2.69223258,6.86790795,-6.86787098,-0.195939231,-2.20793887,-2.69276132
0.0049841443,-0.149189388,-2.17996903,6.8679079,-6.86787637,-0.149121704,-1.6931838,-2.18059004
0.0049891443,-0.102233254,-1.66538129,6.86790785,-6.86788178,-0.10215929,-1.17678453,-1.66607514
0.0049941443,-0.055176228,-1.14913695,6.8679078,-6.86788721,-0.0550983343,-0.659248514,-1.1498841
0.0049991443,-0.0080647498,-0.631776798,6.86790775,-6.86789265,-0.00798528089,-0.141087355,-0.63255768
0.0050041443,0.0390546873,-0.113837108,6.8679077,-6.8678981,0.0391333757,0.377188344,-0.114632112
0.0050091443,0.0861355821,0.404178486,6.86790765,-6.86790354,0.086211135,0.895066695,0.403388981
0.0050141443,0.133131472,0.921746665,6.8679076,-6.86790899,0.133201537,1.41203693,0.920982272
0.0050191443,0.179995976,1.43836656,6.86790755,-6.86791443,0.180058209,1.92758869,1.43764687
0.0050241443,0.226682847,1.95351864,6.8679075,-6.86791985,0.226734907,2.44121333,1.95286319
0.0050291443,0.273146008,2.46670351,6.86790745,-6.86792525,0.273185569,2.95240392,2.46613178
0.0050341443,0.319339608,2.97740636,6.8679074,-6.86793063,0.319364353,3.46065603,2.97693773
0.0050391443,0.365218058,3.48513104,6.86790735,-6.86793597,0.365225687,3.96546807,3.4847848
0.0050441443,0.410736082,3.98936926,6.8679073,-6.86794128,0.41072431,4.46634188,3.98916459
0.0050491443,0.455848759,4.48962898,6.86790725,-6.86794655,0.455815322,4.96277975,4.4895849
0.00505107198,0.473123605,4.68045765,6.86790768,-6.86794856,0.473081214,5.14745531,4.68048053
0.0050518984,0.480508457,4.75927263,6.86790932,-6.8679494,0.480462125,5.19503826,4.75932506
0.0050527836,0.488404107,4.83629702,6.86791469,-6.86795024,0.488353487,5.2220929,4.83638161
0.0050535615,0.495330231,4.89620661,6.86792304,-6.8679509,0.495275785,5.23713362,4.89631989
0.00505441407,0.50290766,4.95370111,6.86793563,-6.86795151,0.502848959,5.24883264,4.95384619
0.00505574788,0.514733147,5.02839798,6.86796059,-6.86795224,0.514667659,5.26173545,5.0285935
0.0050571397,0.527034361,5.08951276,6.86799116,-6.86795277,0.526961624,5.27127315,5.08976163
0.00505796227,0.534285555,5.118773,6.86801058,-6.86795298,0.534208453,5.27575693,5.11905367
0.00505931714,0.546197887,5.15806239,6.86804408,-6.86795321,0.546113466,5.28188523,5.15839581
0.00506019688,0.553911669,5.17808963,6.86806685,-6.86795329,0.55382241,5.28524899,5.17845749
0.00506108354,0.561668949,5.19480183,6.86809076,-6.86795332,0.561574745,5.28826609,5.19520452
0.00506268315,0.575619478,5.2174407,6.86813681,-6.86795328,0.575516178,5.2929794,5.21790648
0.00506413899,0.588265699,5.23183975,6.86818192,-6.86795314,0.588153928,5.29664769,5.23236316
0.00506569044,0.60168826,5.24269409,6.8682324,-6.8679529,0.60156726,5.30006536,5.24327905
0.00506786833,0.620433779,5.25296243,6.86830469,-6.86795248,0.620299473,5.30421059,5.25363398
0.00507089561,0.646296339,5.26163727,6.86840316,-6.86795181,0.646142862,5.3090384,5.26242938
0.00507506073,0.681495667,5.26818707,6.86852987,-6.86795087,0.681314543,5.31443554,5.26914532
0.00508006073,0.723132012,5.27234412,6.86866896,-6.8679498,0.72291578,5.31961923,5.27350199
0.00508506073,0.764054713,5.27481486,6.86879747,-6.86794879,0.763801312,5.32384706,5.2761725
0.00509006073,0.804223384,5.27643451,6.86891812,-6.86794784,0.803930788,5.3273483,5.27799198
0.00509506073,0.843598384,5.27766917,6.86903188,-6.86794694,0.843264606,5.33031852,5.27942653
0.00510006073,0.882140854,5.27862926,6.8691388,-6.86794609,0.881763949,5.33286812,5.28058654
0.00510506073,0.919812758,5.27940158,6.86923892,-6.86794528,0.919390821,5.3350721,5.28155883
0.00511006073,0.956576918,5.2800258,6.86933214,-6.86794453,0.956108092,5.3369856,5.28238304
0.00511506073,0.992397051,5.28053217,6.86941831,-6.86794383,0.991879524,5.33864984,5.28308941
0.00512006073,1.02723781,5.28094032,6.86949734,-6.86794318,1.02666982,5.34009667,5.28369759
0.00512506073,1.06106481,5.28126465,6.86956913,-6.8679426,1.06044463,5.34135104,5.28422196
0.00513006073,1.09384466,5.28151658,6.86963366,-6.86794206,1.09317065,5.3424331,5.28467395
0.00513506073,1.12554502,5.28170428,6.86969092,-6.86794159,1.12481556,5.3433593,5.28506171
0.00514006073,1.15613461,5.28183507,6.86974096,-6.86794117,1.15534814,5.34414347,5.28539257
0.00514506073,1.18558323,5.2819141,6.86978388,-6.86794081,1.18473825,5.34479735,5.28567167
0.00515006073,1.21386182,5.2819465,6.86981982,-6.86794051,1.2129569,5.34533124,5.28590414
0.00515506073,1.24094248,5.28193583,6.86984899,-6.86794026,1.23997623,5.34575424,5.28609354
0.00516006073,1.26679848,5.28188603,6.86987164,-6.86794007,1.26576958,5.34607474,5.28624382
0.00516506073,1.2914043,5.2817998,6.86988807,-6.86793992,1.2903115,5.34630053,5.28635766
0.00517006073,1.31473566,5.28168048,6.86989864,-6.86793982,1.31357776,5.34643918,5.28643841
0.00517506073,1.33676953,5.2815304,6.86990376,-6.86793977,1.3355454,5.34649804,5.28648839
0.00518006073,1.35748417,5.28135502,6.86990493,-6.86793976,1.35619275,5.34650605,5.28651306
0.00518506073,1.37685915,5.2811636,6.86990485,-6.86793976,1.37549943,5.3465042,5.28652168
0.00519006073,1.39487532,5.28096613,6.86990488,-6.86793976,1.39344638,5.34650466,5.28652426
0.00519506073,1.41151493,5.28076678,6.8699049,-6.86793976,1.4100159,5.34650457,5.28652494
0.00520006073,1.42676154,5.28056709,6.86990489,-6.86793976,1.42519162,5.34650459,5.28652528
0.00520506073,1.4406001,5.28036706,6.86990489,-6.86793976,1.43895859,5.34650459,5.28652526
0.00521006073,1.45301697,5.28016716,6.86990489,-6.86793976,1.4513032,5.34650459,5.28652537
0.00521506073,1.46399989,5.27996707,6.86990489,-6.86793976,1.46221327,5.34650459,5.28652529
0.00522006073,1.47353802,5.27976717,6.86990489,-6.86793976,1.47167805,5.34650459,5.28652538
0.00522506073,1.48162194,5.2795671,6.86990489,-6.86793976,1.47968819,5.34650459,5.28652529
0.00523006073,1.48824368,5.2793672,6.86990489,-6.86793976,1.48623578,5.34650459,5.28652538
0.00523506073,1.4933967,5.27916715,6.86990489,-6.86793976,1.49131436,5.34650459,5.2865253
0.00524006073,1.49707592,5.27896726,6.86990489,-6.86793976,1.49491892,5.34650459,5.28652537
0.00524506073,1.49927771,5.27876723,6.86990489,-6.86793976,1.49704591,5.34650459,5.2865253
0.00525006073,1.49999989,5.27856735,6.86990489,-6.86793976,1.49769322,5.34650459,5.28652537
0.00525506073,1.49924175,5.27836734,6.86990489,-6.86793976,1.49686022,5.34650459,5.2865253
0.00526006073,1.49700405,5.27816747,6.86990489,-6.86793976,1.49454772,5.34650459,5.28652537
0.00526506073,1.49328898,5.27796748,6.86990489,-6.86793976,1.49075802,5.34650459,5.2865253
0.00527006073,1.48810021,5.27776763,6.86990489,-6.86793976,1.48549484,5.34650459,5.28652537
0.00527506073,1.48144287,5.27756765,6.86990489,-6.86793976,1.47876339,5.34650459,5.2865253
0.00528006073,1.47332352,5.27736781,6.86990489,-6.86793976,1.47057031,5.34650459,5.28652537
0.00528506073,1.46375018,5.27716785,6.86990489,-6.86793976,1.46092368,5.34650459,5.2865253
0.00529006073,1.4527323,5.27696802,6.86990489,-6.86793976,1.44983303,5.34650459,5.28652537
0.00529506073,1.44028074,5.27676808,6.86990489,-6.86793976,1.43730929,5.34650459,5.2865253
0.00530006073,1.42640781,5.27656827,6.86990489,-6.86793976,1.42336483,5.34650459,5.28652537
0.00530506073,1.41112717,5.27636834,6.86990489,-6.86793976,1.40801342,5.34650459,5.28652531
0.00531006073,1.39445393,5.27616854,6.86990489,-6.86793976,1.39127019,5.34650459,5.28652536
0.00531506073,1.37640453,5.27596863,6.86990489,-6.86793976,1.37315168,5.34650459,5.28652531
0.00532006073,1.35699679,5.27576884,6.86990489,-6.86793976,1.35367576,5.34650459,5.28652536
0.00532506073,1.33624985,5.27556893,6.86990488,-6.86793976,1.33286166,5.34650437,5.28652528
0.00533006073,1.31418419,5.27536617,6.86990359,-6.86793976,1.31072991,5.3464777,5.28652235
0.00533506073,1.2908216,5.27515164,6.86989831,-6.86793979,1.28730236,5.34638272,5.28650764
0.00534006073,1.26618512,5.27491567,6.86988745,-6.86793987,1.26260213,5.34620257,5.28647148
0.00534506073,1.24029906,5.27465195,6.86987074,-6.86793999,1.23665359,5.34593192,5.28640756
0.00535006073,1.21318898,5.27435716,6.86984782,-6.86794016,1.20948236,5.34556266,5.28631257
0.00535506073,1.18488164,5.27402815,6.86981837,-6.86794038,1.18111524,5.34508678,5.28618334
0.00536006073,1.15540495,5.27366213,6.86978216,-6.86794066,1.15158024,5.34449553,5.28601709
0.00536506073,1.12478802,5.27325577,6.869739,-6.86794099,1.1209065,5.34377919,5.28581048
0.00537006073,1.09306106,5.27280572,6.86968876,-6.86794138,1.08912428,5.34292677,5.28556016
0.00537506073,1.06025538,5.27230773,6.86963134,-6.86794182,1.05626497,5.34192548,5.2852619
0.00538006073,1.02640336,5.27175722,6.86956671,-6.86794233,1.02236098,5.34076023,5.28491108
0.00538506073,0.9915384,5.2711482,6.8694949,-6.86794288,0.987445772,5.33941274,5.28450174
0.00539006073,0.955694913,5.27047375,6.86941597,-6.8679435,0.951553807,5.33786053,5.28402694
0.00539506073,0.918908269,5.26972468,6.86933002,-6.86794416,0.914720505,5.33607529,5.28347749
0.00540006073,0.881214774,5.26888957,6.86923721,-6.86794488,0.876982215,5.33402063,5.28284198
0.00540506073,0.842651627,5.2679529,6.86913773,-6.86794566,0.838376182,5.33164854,5.28210487
0.00541006073,0.803256884,5.26689394,6.86903181,-6.86794647,0.798940504,5.32889378,5.28124544
0.00541506073,0.763069423,5.26568311,6.8689197,-6.86794734,0.758714101,5.32566447,5.28023408
0.00542006073,0.722128905,5.26427742,6.86880167,-6.86794825,0.717736669,5.32182536,5.27902783
0.00542506073,0.680475733,5.26260993,6.86867798,-6.86794919,0.676048651,5.3171655,5.27755971
0.00543006073,0.638151014,5.26057004,6.86854888,-6.86795017,0.633691186,5.31132955,5.27571912
0.00543506073,0.595196517,5.25795462,6.86841448,-6.86795118,0.590706077,5.30364919,5.27330291
0.00544006073,0.551654632,5.2543318,6.86827467,-6.86795221,0.547135745,5.29263773,5.26987919
0.00544506073,0.507568331,5.24827595,6.86812854,-6.86795326,0.503023188,5.27253449,5.26402226
0.00544733641,0.487334532,5.24359316,6.86805953,-6.86795373,0.482778171,5.25398778,5.2594299
0.00544854313,0.476564556,5.23979572,6.86802228,-6.86795397,0.472002434,5.23476011,5.25568039
0.00544911985,0.471407567,5.23728729,6.86800442,-6.86795408,0.466842738,5.21787382,5.25319485
0.00544943475,0.46858921,5.23557099,6.86799474,-6.86795413,0.464022915,5.20290474,5.25149104
0.00544972261,0.466011166,5.2336405,6.86798607,-6.86795418,0.461443538,5.18123593,5.24957196
0.00545002882,0.463267185,5.23094219,6.86797725,-6.86795422,0.458698149,5.14365076,5.24688579
0.00545036252,0.460274871,5.22667282,6.86796826,-6.86795425,0.455704309,5.09241459,5.24262963
0.00545055351,0.458561289,5.2232581,6.86796336,-6.86795426,0.453989858,5.06519943,5.23922248
0.00545074588,0.456834708,5.21881997,6.86795847,-6.86795427,0.452262405,5.04009624,5.23479196
0.00545095109,0.454992194,5.21272261,6.86795323,-6.86795426,0.450418965,5.01528887,5.2287027
0.00545119658,0.452786909,5.20301215,6.86794691,-6.86795425,0.448212577,4.98748677,5.21900193
0.00545141823,0.450794919,5.19172586,6.86794127,-6.86795422,0.446219596,4.96355467,5.20772436
0.00545171492,0.448127163,5.17362972,6.86793417,-6.86795417,0.44355052,4.93255767,5.18963988
0.00545183921,0.447009181,5.16578902,6.86793145,-6.86795414,0.442431987,4.9198169,5.18180404
0.0054519641,0.445885466,5.15808238,6.86792892,-6.86795411,0.44130772,4.90710639,5.17410228
0.00545210367,0.44462933,5.14960184,6.86792634,-6.86795407,0.440050968,4.89298423,5.1656272
0.00545229972,0.442864331,5.13772044,6.86792316,-6.86795401,0.438285109,4.87325542,5.15375343
0.00545251845,0.440894318,5.12432873,6.86792016,-6.86795394,0.436314139,4.85134692,5.14037022
0.00545271885,0.439088633,5.11183654,6.86791788,-6.86795386,0.434507582,4.83133631,5.12788581
0.0054530185,0.436387395,5.09267458,6.86791515,-6.86795373,0.431805045,4.80147795,5.10873543
0.00545332391,0.433632715,5.07258374,6.86791306,-6.86795358,0.429049051,4.77108824,5.08865635
0.00545370139,0.430225715,5.04688923,6.8679112,-6.86795337,0.425640438,4.73354608,5.0629763
0.00545414537,0.426215461,5.01556067,6.86790973,-6.8679531,0.421628302,4.68938884,5.03166467
0.00545503333,0.418185033,4.94958142,6.86790816,-6.8679525,0.413594166,4.60100752,4.96571894
0.0054559582,0.409806881,4.8767694,6.86790754,-6.86795179,0.405212227,4.50882626,4.89294134
0.00545780795,0.393009344,4.72149089,6.86790721,-6.86795022,0.388407349,4.32404492,4.73773008
0.00546150745,0.359257286,4.38545362,6.86790723,-6.86794675,0.354641546,3.95283718,4.40182043
0.00546532967,0.324181919,4.01691108,6.86790727,-6.8679429,0.319553293,3.56712873,4.03339954
0.00547032967,0.278019334,3.51994625,6.86790732,-6.86793769,0.273375883,3.05952435,3.53657746
0.00547532967,0.231582378,3.01447895,6.86790737,-6.86793238,0.226926417,2.54888847,3.03123392
0.00548032967,0.184916878,2.50450825,6.86790741,-6.86792702,0.180250736,2.03572229,2.52136774
0.00548532967,0.138068887,1.99157176,6.86790746,-6.86792163,0.133394902,1.52052119,2.00851641
0.00549032967,0.0910846391,1.47651808,6.86790751,-6.86791621,0.0864051569,1.00379702,1.4935284
0.00549532967,0.0440105015,0.959932434,6.86790756,-6.86791078,0.0393278741,0.486056321,0.976988907
0.00550032967,-0.00310706923,0.442374033,6.86790761,-6.86790534,-0.00779048691,-0.0321880453,0.459457065
0.00550532967,-0.0502215736,-0.0756561716,6.86790767,-6.86789989,-0.0549034258,-0.550425969,-0.0585661946
0.00551032967,-0.0972865154,-0.593626211,6.86790772,-6.86789444,-0.101964448,-1.06814514,-0.57654891
0.00551532967,-0.144255447,-1.11104112,6.86790777,-6.867889,-0.148927109,-1.58483518,-1.09399611
0.00552032967,-0.191082016,-1.62737378,6.86790782,-6.86788356,-0.195745063,-2.09998579,-1.61038063
0.00552532967,-0.23772001,-2.14212986,6.86790787,-6.86787815,-0.242372106,-2.61308879,-2.1252081
0.00553032967,-0.284123403,-2.6547868,6.86790792,-6.86787275,-0.288762223,-3.12363765,-2.63795589
0.00553532967,-0.330246401,-3.16485229,6.86790797,-6.86786738,-0.334869631,-3.63112859,-3.1481316
0.00554032967,-0.376043485,-3.67181006,6.86790802,-6.86786204,-0.38064883,-4.13506072,-3.65521885
0.00554532967,-0.42146946,-4.17517185,6.86790806,-6.86785674,-0.426054639,-4.6349367,-4.15872926
0.00555032967,-0.466479496,-4.67372924,6.86790811,-6.86785179,-0.471042248,-5.12820899,-4.65745424
0.00555176022,-0.479274589,-4.80796113,6.86790811,-6.86785431,-0.483830512,-5.20894156,-4.79173751
0.00555311439,-0.491350798,-4.91636851,6.86790806,-6.86786561,-0.495900088,-5.2381605,-4.90019477
0.00555412234,-0.500316486,-4.98291531,6.86790797,-6.86788026,-0.504860733,-5.25137436,-4.96677937
0.00555526978,-0.510498423,-5.04581786,6.86790781,-6.86790154,-0.515036819,-5.26204309,-5.0297255
0.00555649671,-0.521356444,-5.10021368,6.8679076,-6.86792782,-0.525888455,-5.2705319,-5.08416848
0.00555789319,-0.533677124,-5.14886696,6.86790732,-6.86796046,-0.538201706,-5.27794462,-5.13287597
0.00555873559,-0.541089614,-5.17227635,6.86790714,-6.8679812,-0.545609631,-5.28163858,-5.1563183
0.00555967205,-0.549311839,-5.19400021,6.86790693,-6.86800518,-0.553826709,-5.28523984,-5.17807893
0.00556092612,-0.560292933,-5.21681016,6.86790663,-6.86803911,-0.564800788,-5.28942211,-5.20093834
0.00556210565,-0.570589617,-5.23298481,6.86790633,-6.8680732,-0.57509075,-5.29284043,-5.21715967
0.00556385414,-0.585795198,-5.25006317,6.86790585,-6.86812746,-0.590286144,-5.29721646,-5.23430746
0.00556562956,-0.601162661,-5.26172983,6.86790533,-6.86818574,-0.605642991,-5.30102158,-5.24604481
0.00556758387,-0.617991872,-5.27034946,6.86790473,-6.86825097,-0.622460202,-5.30465072,-5.25474241
0.00557091876,-0.646493232,-5.27934434,6.86790372,-6.86835927,-0.65094033,-5.30984894,-5.26387055
0.00557591876,-0.688689666,-5.28629848,6.86790231,-6.86850948,-0.693103165,-5.31602659,-5.27102481
0.00558091876,-0.730206448,-5.28981249,6.86790102,-6.86864599,-0.734584256,-5.32091295,-5.27473912
0.00558591876,-0.771002603,-5.29200154,6.86789983,-6.86877274,-0.775342665,-5.32492942,-5.27712858
0.00559091876,-0.811037872,-5.29350625,6.86789872,-6.86889206,-0.815338169,-5.3282777,-5.27883378
0.00559591876,-0.850272745,-5.29466333,6.86789766,-6.86900454,-0.854531296,-5.33112924,-5.28019139
0.00560091876,-0.888668501,-5.29557295,6.86789667,-6.86911022,-0.892883369,-5.33358342,-5.28130158
0.00560591876,-0.926187248,-5.29630716,6.86789575,-6.86920906,-0.930356537,-5.335709,-5.28223639
0.00561091876,-0.96279196,-5.29690182,6.86789488,-6.86930096,-0.966913819,-5.33755665,-5.28303168
0.00561591876,-0.998446513,-5.29738439,6.86789409,-6.86938579,-1.00251914,-5.33916478,-5.2837149
0.00562091876,-1.03311572,-5.29777243,6.86789336,-6.86946343,-1.03713736,-5.34056303,-5.28430361
0.00562591876,-1.06676537,-5.29807997,6.86789269,-6.86953383,-1.07073431,-5.34177495,-5.28481183
0.00563091876,-1.09936224,-5.29831701,6.8678921,-6.86959694,-1.10327684,-5.34281952,-5.28524956
0.00563591876,-1.13087418,-5.29849195,6.86789157,-6.86965277,-1.13473283,-5.34371244,-5.28562519
0.00564091876,-1.16127009,-5.29861105,6.8678911,-6.8697014,-1.16507124,-5.34446684,-5.28594499
0.00564591876,-1.19051996,-5.2986799,6.86789071,-6.86974292,-1.19426213,-5.34509408,-5.28621455
0.00565091876,-1.21859493,-5.29870277,6.86789037,-6.86977749,-1.22227669,-5.34560402,-5.28643813
0.00565591876,-1.24546729,-5.29868375,6.8678901,-6.86980533,-1.24908727,-5.34600557,-5.28661981
0.00566091876,-1.27111053,-5.29862601,6.86788989,-6.86982669,-1.27466742,-5.34630687,-5.28676279
0.00566591876,-1.29549934,-5.29853286,6.86788974,-6.8698419,-1.29899188,-5.34651563,-5.28687034
0.00567091876,-1.31860964,-5.29840691,6.86788965,-6.86985133,-1.32203666,-5.34663911,-5.28694509
0.00567591876,-1.34041864,-5.29825125,6.8678896,-6.86985544,-1.34377902,-5.34668621,-5.28699012
0.00568091876,-1.36090481,-5.29807163,6.86788959,-6.86985612,-1.36419748,-5.34669192,-5.28701119
0.00568591876,-1.38004792,-5.2978786,6.86788959,-6.86985605,-1.38327191,-5.34669369,-5.28701884
0.00569091876,-1.3978291,-5.2976806,6.86788959,-6.8698561,-1.40098348,-5.34669618,-5.28702152
0.00569591876,-1.41423078,-5.2974813,6.86788959,-6.86985609,-1.41731472,-5.34669827,-5.28702288
0.00570091876,-1.4292368,-5.29728144,6.86788959,-6.8698561,-1.43224949,-5.34670023,-5.28702368
0.00570591876,-1.44283232,-5.29708149,6.86788959,-6.8698561,-1.44577307,-5.346702,-5.28702438
0.00571091876,-1.45500395,-5.29688136,6.86788959,-6.8698561,-1.45787211,-5.34670359,-5.2870249
0.00571591876,-1.46573966,-5.29668126,6.86788959,-6.8698561,-1.46853466,-5.346705,-5.28702543
0.00572091876,-1.47502887,-5.29648103,6.86788959,-6.8698561,-1.47775021,-5.34670622,-5.28702583
0.00572591876,-1.4828624,-5.29628083,6.86788959,-6.8698561,-1.48550966,-5.34670727,-5.28702625
0.00573091876,-1.48923252,-5.29608051,6.86788959,-6.8698561,-1.49180535,-5.34670812,-5.28702654
0.00573591876,-1.49413295,-5.29588021,6.86788959,-6.8698561,-1.49663107,-5.3467088,-5.28702684
0.00574091876,-1.49755885,-5.29567979,6.86788959,-6.86985611,-1.49998206,-5.34670928,-5.28702702
0.00574591876,-1.49950685,-5.29547939,6.86788959,-6.86985611,-1.50185501,-5.34670958,-5.28702722
0.00575091876,-1.49997501,-5.29527888,6.86788959,-6.86985612,-1.50224807,-5.34670969,-5.28702728
0.00575591876,-1.49896287,-5.29507838,6.86788959,-6.86985612,-1.50116085,-5.34670962,-5.28702736
0.00576091876,-1.49647144,-5.29487777,6.86788959,-6.86985613,-1.49859443,-5.34670935,-5.28702732
0.00576591876,-1.49250318,-5.29467718,6.86788959,-6.86985613,-1.49455134,-5.3467089,-5.28702729
0.00577091876,-1.48706199,-5.29447647,6.86788959,-6.86985614,-1.48903556,-5.34670826,-5.28702713
0.00577591876,-1.48015325,-5.29427578,6.86788959,-6.86985615,-1.48205255,-5.34670745,-5.28702698
0.00578091876,-1.47178378,-5.29407498,6.86788959,-6.86985615,-1.47360919,-5.34670644,-5.28702672
0.00578591876,-1.46196184,-5.29387419,6.86788959,-6.86985616,-1.46371382,-5.34670525,-5.28702646
0.00579091876,-1.45069712,-5.29367329,6.86788959,-6.86985617,-1.45237619,-5.34670387,-5.28702608
0.00579591876,-1.43800073,-5.29347241,6.86788959,-6.86985618,-1.43960751,-5.34670232,-5.28702571
0.00580091876,-1.42388521,-5.29327142,6.86788959,-6.86985619,-1.42542037,-5.34670058,-5.28702523
0.00580591876,-1.40836449,-5.29307044,6.86788959,-6.8698562,-1.40982877,-5.34669867,-5.28702475
0.00581091876,-1.39145388,-5.29286935,6.86788959,-6.86985621,-1.39284809,-5.34669658,-5.28702416
0.00581591876,-1.37317008,-5.29266828,6.86788959,-6.86985622,-1.37449511,-5.34669432,-5.28702357
0.00582091876,-1.35353112,-5.29246711,6.86788959,-6.86985623,-1.35478792,-5.34669188,-5.28702287
0.00582591876,-1.33255639,-5.29226581,6.86788959,-6.86985618,-1.33374598,-5.34668807,-5.28702204
0.00583091876,-1.31026659,-5.29206064,6.8678896,-6.86985453,-1.31139005,-5.34665181,-5.28701733
0.00583591876,-1.28668372,-5.29184232,6.86788964,-6.86984851,-1.2877422,-5.34654305,-5.28699947
0.00584091876,-1.26183104,-5.29160132,6.86788974,-6.86983685,-1.26282576,-5.3463494,-5.28695891
0.00584591876,-1.23573309,-5.29133221,6.86788989,-6.8698193,-1.23666532,-5.34606463,-5.28689024
0.00585091876,-1.20841561,-5.29103152,6.8678901,-6.86979548,-1.2092867,-5.34568079,-5.28678997
0.00585591876,-1.17990558,-5.29069641,6.86789037,-6.86976509,-1.18071692,-5.34518987,-5.28665527
0.00586091876,-1.15023113,-5.2903238,6.8678907,-6.8697279,-1.15098417,-5.34458305,-5.28648306
0.00586591876,-1.11942153,-5.2899106,6.8678911,-6.86968373,-1.1201178,-5.34385058,-5.28627024
0.00587091876,-1.0875072,-5.28945315,6.86789156,-6.86963244,-1.08814827,-5.34298134,-5.28601316
0.00587591876,-1.05451963,-5.28894742,6.86789208,-6.86957397,-1.05510712,-5.34196243,-5.28570778
0.00588091876,-1.02049138,-5.28838844,6.86789268,-6.86950828,-1.02102697,-5.34077854,-5.28534912
0.00588591876,-0.985456026,-5.2877704,6.86789334,-6.8694354,-0.98594144,-5.33941117,-5.28493139
0.00589091876,-0.949448146,-5.28708594,6.86789407,-6.86935539,-0.949885167,-5.33783746,-5.28444722
0.00589591876,-0.912503276,-5.28632595,6.86789486,-6.86926838,-0.912893729,-5.33602865,-5.28388747
0.00590091876,-0.874657875,-5.28547843,6.86789571,-6.86917452,-0.875003632,-5.33394765,-5.28324018
0.00590591876,-0.835949292,-5.28452771,6.86789663,-6.86907401,-0.83625227,-5.33154549,-5.28248964
0.00591091876,-0.796415729,-5.28345218,6.86789761,-6.86896707,-0.796677885,-5.32875539,-5.28161427
0.00591591876,-0.756096199,-5.28222158,6.86789864,-6.86885397,-0.756319532,-5.32548316,-5.28058378
0.00592091876,-0.715030494,-5.28079112,6.86789973,-6.86873496,-0.71521704,-5.32158953,-5.27935337
0.00592591876,-0.673259139,-5.27909144,6.86790087,-6.86861033,-0.673410972,-5.31685643,-5.27785369
0.00593091876,-0.63082336,-5.27700655,6.86790207,-6.86848029,-0.630942585,-5.31091399,-5.27596873
0.00593591876,-0.587765033,-5.27432241,6.86790331,-6.86834495,-0.58785379,-5.30306021,-5.27348443
0.00594091876,-0.544126654,-5.27057677,6.8679046,-6.86820416,-0.544187112,-5.29170958,-5.2699385
0.00594591876,-0.499951287,-5.26418542,6.86790595,-6.86805688,-0.499985643,-5.27044319,-5.26374667
0.00594815238,-0.480055028,-5.25920392,6.86790657,-6.86798858,-0.480078439,-5.25025525,-5.25885421
0.00594929162,-0.46987043,-5.25523537,6.8679069,-6.86795316,-0.46988843,-5.22892081,-5.25493103
0.00594978619,-0.465441532,-5.25284985,6.86790704,-6.86793779,-0.465457219,-5.21128871,-5.2525652
0.00595008124,-0.462797264,-5.25106774,6.86790713,-6.86792875,-0.462811581,-5.19397936,-5.25079482
0.00595035739,-0.460320894,-5.24898371,6.8679072,-6.86792051,-0.460333938,-5.16789993,-5.24872177
0.0059506683,-0.45753113,-5.24580266,6.86790729,-6.86791175,-0.457542747,-5.12372362,-5.24555309
0.00595089716,-0.455476479,-5.24255476,6.86790735,-6.86790568,-0.455487051,-5.08860497,-5.24231428
0.00595108644,-0.453776503,-5.23901236,6.8679074,-6.86790081,-0.453786214,-5.06187738,-5.23877939
0.00595128404,-0.452001065,-5.23423046,6.86790746,-6.86789577,-0.452009881,-5.03630255,-5.23400533
0.00595149206,-0.450131282,-5.22772291,6.86790751,-6.86789044,-0.45013916,-5.01137145,-5.22750603
0.00595173632,-0.447934747,-5.21757001,6.86790757,-6.86788414,-0.447941529,-4.98387296,-5.21736279
0.00595195739,-0.445945807,-5.20588492,6.86790763,-6.86787855,-0.4459516,-4.96009249,-5.20568643
0.00595216787,-0.44405139,-5.19301977,6.86790768,-6.86787352,-0.444056247,-4.9380692,-5.19282957
0.00595228809,-0.442969006,-5.18544624,6.86790771,-6.86787084,-0.442973329,-4.92567994,-5.18526076
0.00595241717,-0.441806536,-5.17743685,6.86790774,-6.86786817,-0.441810288,-4.91248414,-5.17725644
0.00595256125,-0.440508724,-5.1686694,6.86790777,-6.86786546,-0.440511841,-4.89785669,-5.16849464
0.00595272756,-0.439010102,-5.15862914,6.86790781,-6.86786269,-0.439012488,-4.88106898,-5.15846088
0.00595288791,-0.437564877,-5.14889278,6.86790784,-6.86786036,-0.43756656,-4.86495724,-5.14873078
0.00595308723,-0.43576766,-5.13660295,6.86790788,-6.86785789,-0.435768473,-4.84499605,-5.13644872
0.00595332615,-0.433612524,-5.12158158,6.86790792,-6.86785549,-0.433612298,-4.82113437,-5.12143663
0.00595367004,-0.43050874,-5.09932123,6.86790797,-6.86785288,-0.430507029,-4.78685616,-5.0991896
0.0059540473,-0.427101598,-5.07403618,6.86790802,-6.86785094,-0.427098269,-4.74929479,-5.07391909
0.00595456089,-0.422459227,-5.03814851,6.86790807,-6.86784935,-0.422453717,-4.69816819,-5.03805109
0.00595511472,-0.41744823,-4.997726,6.8679081,-6.86784853,-0.417440394,-4.64301275,-4.99764963
0.00595622239,-0.407411131,-4.91219474,6.86790814,-6.86784825,-0.407398727,-4.53257019,-4.91215995
0.00595747682,-0.396020334,-4.8090583,6.86790815,-6.86784895,-0.396002892,-4.40725965,-4.80906971
0.00595998567,-0.373165644,-4.58857792,6.86790813,-6.86785111,-0.373138555,-4.1558813,-4.58867863
0.00596383989,-0.337876515,-4.22650151,6.8679081,-6.86785489,-0.337835726,-3.76780548,-4.22673092
0.00596809979,-0.2986434,-3.80841657,6.86790806,-6.86785926,-0.298589056,-3.3363946,-3.80877563
0.00597309979,-0.25232316,-3.3065655,6.86790801,-6.86786453,-0.252255047,-2.82706005,-3.30705931
0.00597809979,-0.205753908,-2.79851123,6.86790796,-6.86786986,-0.205674349,-2.3149682,-2.79912067
0.00598309979,-0.158981602,-2.28684633,6.86790791,-6.86787524,-0.158892931,-1.80062235,-2.28755208
0.00598809979,-0.1120524,-1.77268354,6.86790786,-6.86788065,-0.111956959,-1.28452377,-1.77346618
0.00599309979,-0.0650126162,-1.25674156,6.86790781,-6.86788607,-0.0649127554,-0.767183611,-1.25758157
0.00599809979,-0.0179086726,-0.739567957,6.86790776,-6.86789151,-0.0178067456,-0.249110477,-0.740445776
0.00600309979,0.0292129447,-0.221709584,6.86790771,-6.86789696,0.0293145821,0.269183319,-0.22260561
0.00600809979,0.0763057324,0.296335298,6.86790766,-6.86790241,0.076404725,0.787187062,0.295440686
0.00601309979,0.123323216,0.814036482,6.86790761,-6.86790786,0.123417211,1.30438909,0.8131629
0.00601809979,0.170218994,1.33089923,6.86790756,-6.86791329,0.170305644,1.82027932,1.33006628
0.00602309979,0.216946786,1.84639747,6.86790751,-6.86791872,0.217023751,2.33434844,1.84562469
0.00602809979,0.263460478,2.36003761,6.86790746,-6.86792413,0.263525428,2.84608929,2.3593445
0.00603309979,0.309714167,2.87129834,6.86790741,-6.86792951,0.309764782,3.35499678,2.8707043
0.00603809979,0.355662204,3.37968888,6.86790736,-6.86793486,0.355696182,3.86056874,3.37921324
0.00604309979,0.401259247,3.8846945,6.86790731,-6.86794018,0.401274298,4.36230622,3.88435643
0.00604809979,0.446460295,4.3858292,6.86790726,-6.86794546,0.44645415,4.85971404,4.38564778
0.00605004955,0.463969615,4.58007652,6.86790726,-6.8679475,0.463954594,5.05226828,4.57996132
0.00605130109,0.475172231,4.70314664,6.8679079,-6.8679488,0.475151333,5.16415151,4.70307544
0.0060519005,0.480527206,4.75993716,6.86790929,-6.86794941,0.480503444,5.19512585,4.75988745
0.00605253914,0.486225116,4.81641652,6.86791274,-6.86795003,0.486198267,5.21614258,4.81638998
0.00605324546,0.492517806,4.87318095,6.86791926,-6.86795065,0.4924875,5.23171599,4.87318033
0.00605401051,0.499322699,4.92789759,6.86792931,-6.86795124,0.4992886,5.24378001,4.92792537
0.0060555406,0.512897717,5.01835373,6.86795633,-6.86795215,0.512855873,5.26004565,5.01843915
0.00605715188,0.527141869,5.09043529,6.8679914,-6.86795278,0.527091647,5.271355,5.09058242
0.0060580418,0.534985886,5.12176942,6.86801251,-6.867953,0.534930937,5.27616384,5.12195097
0.00605914197,0.544660015,5.15383436,6.86803969,-6.86795319,0.544599128,5.28117396,5.15405873
0.00606003237,0.552470435,5.17486723,6.86806258,-6.86795328,0.552404664,5.28465971,5.17512644
0.00606094168,0.560429034,5.19256015,6.86808693,-6.86795332,0.560358203,5.28781363,5.19285507
0.00606276032,0.57629109,5.21854734,6.86813924,-6.86795327,0.576209923,5.29319374,5.21891397
0.00606421763,0.588947464,5.23267322,6.86818456,-6.86795313,0.588857808,5.29683807,5.23309755
0.00606584592,0.603030309,5.24374752,6.86823767,-6.86795287,0.602930949,5.30038974,5.24423646
0.00606808128,0.622260486,5.25388242,6.86831189,-6.86795243,0.622147433,5.30458671,5.25446024
0.00607103983,0.647522723,5.26205754,6.86840786,-6.86795177,0.647390889,5.30925056,5.26275322
0.00607565366,0.686469088,5.26895457,6.86854717,-6.86795074,0.686306485,5.31511699,5.26983429
0.00608065366,0.728022939,5.27280905,6.86868481,-6.86794967,0.727824981,5.32016532,5.27388843
0.00608565366,0.76885832,5.27513761,6.86881225,-6.86794868,0.768622948,5.32429651,5.27641676
0.00609065366,0.80893493,5.27670239,6.86893204,-6.86794773,0.808660124,5.3277275,5.27818139
0.00609565366,0.848213219,5.27789775,6.86904497,-6.86794683,0.847896998,5.33064273,5.27957664
0.00610065366,0.886654424,5.27883268,6.86915109,-6.86794599,0.886294846,5.33314769,5.28071151
0.00610565366,0.924220608,5.27958524,6.8692504,-6.86794519,0.923815776,5.3353145,5.28166404
0.00611065366,0.960874698,5.28019421,6.86934278,-6.86794444,0.960422758,5.33719637,5.28247301
0.00611565366,0.996580521,5.28068791,6.86942811,-6.86794375,0.996079666,5.33883321,5.28316672
0.00612065366,1.03130284,5.28108542,6.86950628,-6.86794311,1.03075131,5.34025592,5.28376427
0.00612565366,1.06500739,5.28140058,6.86957721,-6.86794253,1.06440348,5.34148878,5.28427947
0.00613065366,1.0976609,5.28164447,6.86964087,-6.86794201,1.09700295,5.34255147,5.28472342
0.00613565366,1.12923115,5.28182503,6.86969727,-6.86794154,1.12851757,5.34346007,5.28510404
0.00614065366,1.15968699,5.28194939,6.86974645,-6.86794113,1.15891622,5.34422813,5.28542848
0.00614565366,1.18899836,5.28202261,6.86978853,-6.86794078,1.18816891,5.3448672,5.28570178
0.00615065366,1.21713633,5.2820497,6.86982366,-6.86794048,1.21624677,5.3453874,5.28592894
0.00615565366,1.24407314,5.28203416,6.86985203,-6.86794024,1.24312208,5.34579775,5.28611348
0.00616065366,1.26978219,5.28197987,6.86987392,-6.86794005,1.26876834,5.34610655,5.28625926
0.00616565366,1.29423812,5.28188953,6.86988963,-6.86793991,1.29316022,5.34632154,5.286369
0.00617065366,1.3174168,5.28176638,6.86989953,-6.86793982,1.31627366,5.34645013,5.28644592
0.00617565366,1.33929534,5.28161289,6.86990405,-6.86793977,1.33808584,5.34650051,5.28649249
0.00618065366,1.35985216,5.28143497,6.86990492,-6.86793976,1.35857524,5.34650548,5.28651463
0.00618565366,1.37906697,5.28124242,6.86990484,-6.86793976,1.37772165,5.34650433,5.28652213
0.00619065366,1.39692081,5.28104464,6.86990489,-6.86793976,1.39550615,5.34650464,5.28652439
0.00619565366,1.41339606,5.2808452,6.86990489,-6.86793976,1.41191121,5.34650457,5.28652499
0.00620065366,1.42847645,5.28064547,6.86990489,-6.86793976,1.42692063,5.3465046,5.28652529
0.00620565366,1.44214712,5.28044543,6.86990489,-6.86793976,1.44051961,5.34650458,5.28652527
0.00621065366,1.45439455,5.28024552,6.86990489,-6.86793976,1.45269471,5.34650459,5.28652537
0.00621565366,1.46520668,5.28004544,6.86990489,-6.86793976,1.46343393,5.34650459,5.28652529
0.00622065366,1.47457282,5.27984552,6.86990489,-6.86793976,1.47272667,5.34650459,5.28652537
0.00622565366,1.48248374,5.27964545,6.86990489,-6.86793976,1.48056375,5.34650459,5.2865253
0.00623065366,1.48893162,5.27944554,6.86990489,-6.86793976,1.48693745,5.34650459,5.28652537
0.00623565366,1.49391011,5.2792455,6.86990489,-6.86793976,1.49184146,5.34650459,5.2865253
0.00624065366,1.49741429,5.2790456,6.86990489,-6.86793976,1.49527096,5.34650459,5.28652537
0.00624565366,1.4994407,5.27884557,6.86990489,-6.86793976,1.49722256,5.34650459,5.2865253
0.00625065366,1.49998735,5.27864569,6.86990489,-6.86793976,1.49769433,5.34650459,5.28652537
0.00625565366,1.49905369,5.27844567,6.86990489,-6.86793976,1.49668581,5.34650459,5.2865253
0.00626065366,1.49664064,5.2782458,6.86990489,-6.86793976,1.49419799,5.34650459,5.28652537
0.00626565366,1.49275059,5.27804581,6.86990489,-6.86793976,1.49023333,5.34650459,5.2865253
0.00627065366,1.48738738,5.27784595,6.86990489,-6.86793976,1.48479574,5.34650459,5.28652537
0.00627565366,1.4805563,5.27764597,6.86990489,-6.86793976,1.47789058,5.34650459,5.2865253
0.00628065366,1.47226408,5.27744613,6.86990489,-6.86793976,1.46952468,5.34650459,5.28652537
0.00628565366,1.46251892,5.27724617,6.86990489,-6.86793976,1.45970629,5.34650459,5.28652531
0.00629065366,1.45133042,5.27704633,6.86990489,-6.86793976,1.44844509,5.34650459,5.28652536
0.00629565366,1.43870964,5.27684639,6.86990489,-6.86793976,1.4357522,5.34650459,5.28652531
0.00630065366,1.42466903,5.27664657,6.86990489,-6.86793976,1.42164015,5.34650459,5.28652536
0.00630565366,1.40922244,5.27644665,6.86990489,-6.86793976,1.40612287,5.34650459,5.28652531
0.00631065366,1.39238512,5.27624684,6.86990489,-6.86793976,1.38921566,5.34650459,5.28652536
0.00631565366,1.37417368,5.27604693,6.86990489,-6.86793976,1.37093522,5.34650459,5.28652531
0.00632065366,1.3546061,5.27584714,6.86990489,-6.86793976,1.35129958,5.34650459,5.28652536
0.00632565366,1.33370169,5.27564714,6.86990484,-6.86793976,1.33032812,5.34650357,5.2865252
0.00633065366,1.31148107,5.27544358,6.86990324,-6.86793976,1.30804154,5.34647092,5.28652147
0.00633565366,1.28796618,5.27522697,6.86989733,-6.8679398,1.28446184,5.34636593,5.28650469
0.00634065366,1.26318022,5.27498795,6.86988579,-6.86793988,1.25961228,5.34617559,5.28646549
0.00634565366,1.23714766,5.27472072,6.86986837,-6.86794001,1.23351738,5.34589371,5.28639806
0.00635065366,1.20989418,5.27442206,6.86984469,-6.86794019,1.20620291,5.34551232,5.28629919
0.00635565366,1.18144668,5.27408883,6.86981446,-6.86794041,1.17769581,5.3450233,5.28616574
0.00636065366,1.15183324,5.27371823,6.86977744,-6.8679407,1.14802422,5.34441782,5.28599491
0.00636565366,1.12108308,5.27330689,6.86973345,-6.86794104,1.11721743,5.34368602,5.28578333
0.00637065366,1.08922654,5.27285141,6.86968236,-6.86794143,1.08530582,5.34281674,5.28552759
0.00637565366,1.05629507,5.27234748,6.86962409,-6.86794188,1.05232091,5.34179694,5.28522338
0.00638065366,1.02232116,5.27179039,6.86955862,-6.86794239,1.01829523,5.3406112,5.28486598
0.00638565366,0.987338342,5.27117404,6.86948596,-6.86794295,0.983262377,5.3392408,5.28444931
0.00639065366,0.951381143,5.27049129,6.86940619,-6.86794357,0.947256912,5.33766268,5.28396621
0.00639565366,0.914485045,5.26973271,6.86931942,-6.86794425,0.910314373,5.33584771,5.28340726
0.00640065366,0.876686461,5.26888651,6.86922582,-6.86794497,0.872471217,5.33375834,5.28276065
0.00640565366,0.838022693,5.2679366,6.86912556,-6.86794575,0.833764792,5.33134487,5.28201031
0.00641065366,0.798531898,5.26686145,6.8690189,-6.86794657,0.794233295,5.3285395,5.28113468
0.00641565366,0.758253048,5.26563019,6.86890607,-6.86794744,0.753915739,5.32524631,5.2801029
0.00642065366,0.717225894,5.26419767,6.86878736,-6.86794836,0.712851914,5.32132323,5.27886981
0.00642565366,0.675490925,5.26249315,6.86866302,-6.8679493,0.671082345,5.31654691,5.27736465
0.00643065366,0.633089327,5.26039849,6.86853328,-6.86795029,0.628648252,5.31053701,5.27546929
0.00643565366,0.590062947,5.25769367,6.86839826,-6.8679513,0.585591514,5.30256654,5.27296368
0.00644065366,0.546454247,5.25389985,6.86825778,-6.86795234,0.541954623,5.29097594,5.26936894
0.00644565366,0.502306261,5.24732819,6.86811075,-6.86795338,0.497780643,5.26882427,5.26299616
0.00644784686,0.482782168,5.24220762,6.86804379,-6.86795383,0.478245845,5.24743553,5.25796274
0.00644892371,0.473162109,5.23824215,6.86801044,-6.86795404,0.468620687,5.2248555,5.25404002
0.00644937252,0.469146271,5.2359583,6.86799659,-6.86795412,0.464602755,5.20660753,5.25177398
0.00644966389,0.466537172,5.23409483,6.86798775,-6.86795417,0.461992306,5.1868628,5.24992206
0.00644995278,0.463948705,5.23172769,6.86797931,-6.86795421,0.459402508,5.15489419,5.24756637
0.00645031032,0.460743101,5.22750603,6.86796955,-6.86795425,0.456195267,5.10074611,5.24335888
0.00645050855,0.45896475,5.22420906,6.86796443,-6.86795426,0.454416014,5.07180668,5.24006976
0.00645069227,0.457315937,5.2202294,6.86795976,-6.86795427,0.452766367,5.047267,5.23609737
0.00645088775,0.455560961,5.21482912,6.86795479,-6.86795426,0.451010508,5.02310082,5.23070481
0.00645112998,0.453385362,5.20602844,6.86794857,-6.86795425,0.448833819,4.9951735,5.2219137
0.00645136617,0.451262887,5.19473445,6.86794254,-6.86795423,0.446710286,4.96938024,5.21062901
0.00645161473,0.449028298,5.18013149,6.86793645,-6.86795419,0.44447459,4.94319895,5.19603581
0.00645172842,0.448005805,5.17294982,6.86793383,-6.86795417,0.443451592,4.93144779,5.1888586
0.0064518476,0.446933633,5.16544699,6.86793124,-6.86795414,0.442378892,4.91923277,5.18136044
0.00645199789,0.44558132,5.15617918,6.86792825,-6.8679541,0.441025915,4.90394504,5.17209851
0.00645221298,0.443645283,5.14314097,6.86792448,-6.86795404,0.439088931,4.88222829,5.15906869
0.00645235571,0.442360123,5.13452492,6.86792232,-6.86795399,0.437803146,4.867895,5.1504582
0.00645251354,0.44093855,5.12483487,6.86792021,-6.86795394,0.436380882,4.85209297,5.14077428
0.00645270283,0.439232985,5.11303664,6.86791803,-6.86795386,0.434674493,4.83318716,5.12898339
0.00645308143,0.435819995,5.0887842,6.86791465,-6.8679537,0.431259864,4.79546286,5.10474558
0.00645339961,0.432949652,5.06773431,6.86791262,-6.86795354,0.428388153,4.76380648,5.08370793
0.00645379617,0.429369869,5.04052691,6.86791082,-6.86795332,0.424806679,4.724368,5.05651572
0.00645422414,0.425503578,5.01012328,6.86790953,-6.86795305,0.420938577,4.68180027,5.02612838
0.00645508009,0.417761792,4.94624338,6.86790812,-6.86795246,0.413193221,4.59659832,4.96228076
0.00645603553,0.409105785,4.87078879,6.86790752,-6.86795173,0.404533307,4.5013607,4.88686169
0.00645794641,0.391749852,4.70973792,6.86790721,-6.8679501,0.38716981,4.31043887,4.72588017
0.00646163036,0.358132476,4.37414683,6.86790723,-6.86794663,0.353538788,3.94071511,4.39041585
0.00646585489,0.319347111,3.96574535,6.86790727,-6.86794236,0.314739306,3.51421232,3.98214782
0.0064703634,0.277706944,3.51684439,6.86790732,-6.86793766,0.273085887,3.05633482,3.53337464
0.0064753634,0.231268293,3.01138006,6.86790737,-6.86793235,0.22663474,2.54568337,3.02803396
0.0064803634,0.184601407,2.50140093,6.86790741,-6.86792699,0.179957688,2.0324995,2.51815924
0.0064853634,0.137752342,1.98845019,6.86790746,-6.8679216,0.133100794,1.51728785,2.00529353
0.0064903634,0.0907673319,1.47338696,6.86790751,-6.86791618,0.0861103021,1.00055414,1.49029586
0.0064953634,0.0436927456,0.956792054,6.86790756,-6.86791075,0.0390325854,0.48280895,0.973746984
0.0065003634,-0.00342496021,0.43922994,6.86790762,-6.8679053,-0.00808589595,-0.03543752,0.45621131
0.0065053634,-0.050539286,-0.0788025209,6.86790767,-6.86789986,-0.0551986415,-0.553673394,-0.0618143246
0.0065103634,-0.0976037356,-0.596769739,6.86790772,-6.86789441,-0.102259156,-1.07138753,-0.579794338
0.0065153634,-0.144571862,-1.11417975,6.86790777,-6.86788896,-0.149220998,-1.58806878,-1.09723675
0.0065203634,-0.191397314,-1.63050297,6.86790782,-6.86788353,-0.19603782,-2.10320737,-1.61361195
0.0065253634,-0.238033879,-2.14524702,6.86790787,-6.86787811,-0.24266342,-2.6162948,-2.12842752
0.0065303634,-0.284435534,-2.6578879,6.86790792,-6.86787271,-0.289051783,-3.12682476,-2.64115937
0.0065353634,-0.330556485,-3.16793432,6.86790797,-6.86786735,-0.335157131,-3.63429336,-3.15131612
0.0065403634,-0.376351217,-3.67486946,6.86790802,-6.86786201,-0.380933963,-4.13819981,-3.65838086
0.0065453634,-0.421774536,-4.17820521,6.86790806,-6.86785671,-0.426337101,-4.63804675,-4.16186535
0.0065503634,-0.466781614,-4.67665222,6.86790811,-6.86785179,-0.47132174,-5.13104836,-4.66048006
0.00655179403,-0.479576493,-4.81060351,6.86790811,-6.86785445,-0.484109785,-5.20986564,-4.79448276
0.00655314795,-0.491649635,-4.91848385,6.86790805,-6.86786599,-0.496176292,-5.23863651,-4.90241299
0.00655412578,-0.500347029,-4.98285562,6.86790797,-6.86788028,-0.504868792,-5.25138051,-4.96682144
0.0065552583,-0.510396692,-5.04501,6.86790782,-6.86790126,-0.51491268,-5.2619322,-5.02901883
0.00655637178,-0.520252203,-5.09496653,6.86790763,-6.86792498,-0.524762403,-5.26975396,-5.07901814
0.0065577504,-0.532419248,-5.1442589,6.86790735,-6.86795696,-0.53692213,-5.27725646,-5.12836397
0.00655853681,-0.53934186,-5.16688132,6.86790719,-6.86797618,-0.543840494,-5.28079977,-5.15101711
0.00655946395,-0.547486322,-5.18936535,6.86790698,-6.8679997,-0.551979875,-5.28447005,-5.17353751
0.00656050623,-0.556620103,-5.20969139,6.86790673,-6.86802742,-0.561107856,-5.28808431,-5.1939046
0.00656148801,-0.565201876,-5.22489912,6.86790649,-6.86805499,-0.569684079,-5.29109764,-5.20915114
0.00656320248,-0.580136314,-5.24434226,6.86790604,-6.86810667,-0.584608623,-5.29566242,-5.22866227
0.00656488823,-0.594754929,-5.25728735,6.86790555,-6.86816107,-0.59921726,-5.29949408,-5.24167442
0.00656661237,-0.609637403,-5.26636594,6.86790503,-6.86821848,-0.614089275,-5.30290593,-5.25082173
0.00656942424,-0.6337548,-5.27584965,6.86790417,-6.86831133,-0.638189066,-5.30764752,-5.26041773
0.00657394823,-0.67213868,-5.28405737,6.86790285,-6.86845203,-0.676543209,-5.31377452,-5.26880641
0.00657894823,-0.713928246,-5.28855316,6.86790151,-6.86859348,-0.718297906,-5.31910771,-5.27350244
0.00658394823,-0.755013251,-5.29116983,6.86790029,-6.86872361,-0.759345972,-5.32344257,-5.27631948
0.00658894823,-0.795353149,-5.2928586,6.86789915,-6.86884576,-0.799646897,-5.32702267,-5.27820871
0.00659394823,-0.83490813,-5.2941415,6.86789807,-6.86896097,-0.839160909,-5.33005576,-5.27969212
0.00659894823,-0.873639157,-5.29513534,6.86789706,-6.86906932,-0.877849012,-5.33265737,-5.28088652
0.00660394823,-0.911508007,-5.29593449,6.86789611,-6.86917087,-0.915673027,-5.33490572,-5.28188625
0.00660894823,-0.94847731,-5.29657988,6.86789522,-6.86926553,-0.952595624,-5.33685787,-5.28273226
0.00661394823,-0.984510579,-5.29710446,6.86789439,-6.86935316,-0.988580366,-5.33855656,-5.28345747
0.00661894823,-1.01957226,-5.29752781,6.86789364,-6.86943365,-1.02359174,-5.34003452,-5.28408148
0.00662394823,-1.05362774,-5.29786583,6.86789295,-6.86950691,-1.05759519,-5.34131749,-5.28462017
0.00662894823,-1.08664342,-5.29812955,6.86789232,-6.86957289,-1.09055717,-5.34242606,-5.28508457
0.00663394823,-1.11858671,-5.2983282,6.86789177,-6.86963159,-1.12244514,-5.34337714,-5.28548391
0.00663894823,-1.14942609,-5.29846859,6.86789128,-6.86968305,-1.15322763,-5.34418476,-5.285825
0.00664394823,-1.17913113,-5.29855675,6.86789085,-6.86972736,-1.18287427,-5.34486095,-5.28611386
0.00664894823,-1.20767251,-5.29859723,6.8678905,-6.86976466,-1.21135579,-5.34541607,-5.28635504
0.00665394823,-1.23502206,-5.29859437,6.8678902,-6.86979512,-1.2386441,-5.34585941,-5.28655289
0.00665894823,-1.26115279,-5.29855149,6.86788997,-6.86981901,-1.26471225,-5.34619934,-5.28671071
0.00666394823,-1.28603892,-5.29847202,6.8678898,-6.86983661,-1.28953452,-5.34644375,-5.28683194
0.00666894823,-1.30965588,-5.29835866,6.86788968,-6.86984827,-1.31308642,-5.34660011,-5.28691928
0.00667394823,-1.33198037,-5.29821438,6.86788961,-6.8698544,-1.3353447,-5.3466757,-5.28697569
0.00667894823,-1.35299036,-5.29804326,6.86788959,-6.86985614,-1.3562874,-5.34669244,-5.28700526
0.00668394823,-1.37266511,-5.29785424,6.86788959,-6.86985607,-1.37589384,-5.34669238,-5.28701692
0.00668894823,-1.3909852,-5.29765738,6.86788959,-6.86985607,-1.39414469,-5.34669536,-5.28702073
0.00669394823,-1.40793256,-5.29745844,6.86788959,-6.86985611,-1.41102192,-5.34669745,-5.28702246
0.00669894823,-1.42349046,-5.2972587,6.86788959,-6.86985609,-1.42650888,-5.34669947,-5.28702338
0.00670394823,-1.43764355,-5.29705881,6.86788959,-6.8698561,-1.44059029,-5.34670132,-5.28702414
0.00670894823,-1.45037785,-5.29685871,6.86788959,-6.86985609,-1.45325225,-5.34670297,-5.28702468
0.00671394823,-1.46168081,-5.29665864,6.86788959,-6.8698561,-1.46448227,-5.34670447,-5.28702525
0.00671894823,-1.47154126,-5.29645843,6.86788959,-6.8698561,-1.47426926,-5.34670575,-5.28702566
0.00672394823,-1.47994949,-5.29625826,6.86788959,-6.8698561,-1.48260356,-5.34670688,-5.28702611
0.00672894823,-1.48689718,-5.29605795,6.86788959,-6.8698561,-1.48947695,-5.3467078,-5.28702641
0.00673394823,-1.49237748,-5.29585768,6.86788959,-6.8698561,-1.49488265,-5.34670855,-5.28702675
0.00673894823,-1.49638499,-5.29565728,6.86788959,-6.86985611,-1.49881531,-5.3467091,-5.28702694
0.00674394823,-1.49891574,-5.29545691,6.86788959,-6.86985611,-1.50127107,-5.34670948,-5.28702716
0.00674894823,-1.49996725,-5.29525641,6.86788959,-6.86985611,-1.50224749,-5.34670966,-5.28702725
0.00675394823,-1.49953847,-5.29505595,6.86788959,-6.86985612,-1.50174361,-5.34670967,-5.28702735
0.00675894823,-1.49762982,-5.29485535,6.86788959,-6.86985612,-1.49975993,-5.34670947,-5.28702733
0.00676394823,-1.4942432,-5.29465479,6.86788959,-6.86985613,-1.4962984,-5.3467091,-5.28702732
0.00676894823,-1.48938194,-5.2944541,6.86788959,-6.86985614,-1.49136245,-5.34670853,-5.28702718
0.00677394823,-1.48305083,-5.29425343,6.86788959,-6.86985614,-1.48495694,-5.34670779,-5.28702706
0.00677894823,-1.47525614,-5.29405265,6.86788959,-6.86985615,-1.4770882,-5.34670685,-5.28702682
0.00678394823,-1.46600555,-5.29385189,6.86788959,-6.86985616,-1.46776399,-5.34670574,-5.28702658
0.00678894823,-1.45530818,-5.29365101,6.86788959,-6.86985617,-1.45699351,-5.34670443,-5.28702622
0.00679394823,-1.44317461,-5.29345015,6.86788959,-6.86985618,-1.44478739,-5.34670295,-5.28702588
0.00679894823,-1.42961679,-5.29324918,6.86788959,-6.86985619,-1.43115767,-5.34670128,-5.28702541
0.00680394823,-1.41464811,-5.29304823,6.86788959,-6.8698562,-1.41611782,-5.34669945,-5.28702496
0.00680894823,-1.39828335,-5.29284716,6.86788959,-6.86985621,-1.39968266,-5.34669742,-5.28702438
0.00681394823,-1.38053865,-5.29264611,6.86788959,-6.86985622,-1.38186842,-5.34669523,-5.28702382
0.00681894823,-1.36143153,-5.29244496,6.86788959,-6.86985623,-1.36269269,-5.34669286,-5.28702314
0.00682394823,-1.34098083,-5.29224382,6.86788959,-6.86985624,-1.34217437,-5.34669032,-5.28702247
0.00682894823,-1.31920675,-5.29204085,6.86788959,-6.8698555,-1.32033373,-5.3466721,-5.28701996
0.00683394823,-1.29613078,-5.29182906,6.86788962,-6.86985153,-1.29719232,-5.34659603,-5.28700862
0.00683894823,-1.27177568,-5.29159795,6.8678897,-6.86984214,-1.27277297,-5.3464359,-5.28697796
0.00684394823,-1.24616548,-5.2913404,6.86788983,-6.86982692,-1.24709979,-5.34618801,-5.28692084
0.00684894823,-1.21932548,-5.29105248,6.86789001,-6.86980562,-1.2201981,-5.34584406,-5.28683334
0.00685394823,-1.19128215,-5.29073128,6.86789026,-6.86977784,-1.19209446,-5.34539628,-5.28671256
0.00685894823,-1.16206316,-5.29037377,6.86789056,-6.86974335,-1.16281661,-5.34483617,-5.28655545
0.00686394823,-1.13169736,-5.28997697,6.86789093,-6.86970194,-1.13239343,-5.34415438,-5.28635903
0.00686894823,-1.10021471,-5.28953738,6.86789137,-6.86965347,-1.10085495,-5.34334039,-5.28611981
0.00687394823,-1.06764628,-5.2890512,6.86789187,-6.86959783,-1.0682323,-5.34238207,-5.28583399
0.00687894823,-1.03402422,-5.2885138,6.86789244,-6.86953498,-1.03455766,-5.34126512,-5.28549692
0.00688394823,-0.999381696,-5.28791981,6.86789307,-6.86946493,-0.99986428,-5.33997243,-5.28510324
0.00688894823,-0.963752904,-5.28726246,6.86789377,-6.86938772,-0.964186389,-5.33848299,-5.28464617
0.00689394823,-0.927173004,-5.28653347,6.86789454,-6.86930345,-0.927559197,-5.33677062,-5.28411744
0.00689894823,-0.889678096,-5.28572202,6.86789537,-6.86921226,-0.890018851,-5.33480184,-5.28350622
0.00690394823,-0.851305183,-5.28481414,6.86789626,-6.86911434,-0.8516024,-5.33253291,-5.28279854
0.00690894823,-0.812092135,-5.28379076,6.86789722,-6.8690099,-0.812347755,-5.32990494,-5.28197533
0.00691394823,-0.77207765,-5.2826256,6.86789823,-6.8688992,-0.772293656,-5.32683609,-5.28101029
0.00691894823,-0.731301218,-5.28128039,6.8678993,-6.86878248,-0.731479631,-5.32320765,-5.27986515
0.00692394823,-0.68980308,-5.27969726,6.86790042,-6.86866004,-0.689945959,-5.31883835,-5.27848204
0.00692894823,-0.647624189,-5.27778233,6.86790159,-6.8685321,-0.647733628,-5.31343107,-5.27676707
0.00693394823,-0.604806171,-5.27537001,6.86790281,-6.86839885,-0.604884297,-5.30644927,-5.27455461
0.00693894823,-0.561391283,-5.27212677,6.86790409,-6.86826026,-0.561440252,-5.29677254,-5.27151114
0.00694394823,-0.517422369,-5.26710253,6.86790541,-6.86811576,-0.517444368,-5.28074082,-5.26668651
0.00694735786,-0.487143321,-5.26114263,6.86790635,-6.868013,-0.487148195,-5.25919483,-5.26086258
0.00694887428,-0.473604234,-5.25674691,6.86790678,-6.86796605,-0.473601823,-5.23856487,-5.25652727
0.00694960445,-0.467069548,-5.25366782,6.86790699,-6.86794331,-0.467063703,-5.21881777,-5.25347725
0.00694992865,-0.46416497,-5.25190505,6.86790708,-6.86793329,-0.464157616,-5.20374319,-5.25172738
0.00695022058,-0.461547897,-5.24994775,6.86790717,-6.86792445,-0.461539192,-5.18215993,-5.2497817
0.00695051993,-0.45886268,-5.24732223,6.86790725,-6.86791576,-0.458852597,-5.14596477,-5.24716808
0.00695086259,-0.455786892,-5.24295067,6.86790735,-6.86790647,-0.455775243,-5.09328363,-5.24281014
0.00695104616,-0.45413829,-5.2396757,6.86790739,-6.86790174,-0.454125806,-5.06695046,-5.23954245
0.00695123367,-0.452453714,-5.23538813,6.86790744,-6.86789696,-0.45244038,-5.04226887,-5.23526232
0.00695143483,-0.450645736,-5.22946269,6.8679075,-6.86789182,-0.450631494,-5.01774137,-5.22934486
0.00695167294,-0.448504763,-5.22025744,6.86790756,-6.86788569,-0.44848945,-4.99057046,-5.22014903
0.00695190803,-0.446389929,-5.20845172,6.86790762,-6.8678797,-0.446373565,-4.96505544,-5.2083526
0.00695217635,-0.443975022,-5.19222845,6.86790768,-6.86787326,-0.443957463,-4.93691631,-5.1921399
0.00695228857,-0.442964712,-5.18515306,6.86790771,-6.86787077,-0.442946655,-4.9253611,-5.18506892
0.00695241041,-0.44186744,-5.17759163,6.86790774,-6.86786826,-0.441848845,-4.91290872,-5.17751227
0.00695255204,-0.440591721,-5.16896466,6.86790777,-6.86786558,-0.440572501,-4.8985293,-5.16889085
0.00695272667,-0.439018189,-5.15841699,6.86790781,-6.86786267,-0.438998201,-4.88090308,-5.15835001
0.00695288794,-0.437564586,-5.14862805,6.86790784,-6.86786033,-0.437543891,-4.86470038,-5.14856738
0.00695309205,-0.435724184,-5.13603656,6.86790788,-6.86785781,-0.435702598,-4.84426271,-5.13598384
0.00695331701,-0.433694976,-5.1218963,6.86790792,-6.86785555,-0.433672412,-4.82179684,-5.12185232
0.00695364312,-0.430751799,-5.10081781,6.86790797,-6.86785304,-0.430727826,-4.78929023,-5.10078645
0.00695402588,-0.427295085,-5.07521624,6.86790802,-6.86785102,-0.42726947,-4.75117964,-5.07519964
0.00695452424,-0.422790646,-5.04047745,6.86790806,-6.86784943,-0.422762913,-4.70157039,-5.04047994
0.00695511422,-0.417452779,-4.99747047,6.8679081,-6.86784852,-0.417422567,-4.64281631,-4.9974954
0.00695603953,-0.409069447,-4.92638385,6.86790813,-6.86784823,-0.409035412,-4.55056933,-4.92644356
0.00695769491,-0.394037445,-4.79032566,6.86790815,-6.86784909,-0.393996764,-4.3852013,-4.7904463
0.00696073349,-0.366335101,-4.51996662,6.86790813,-6.86785182,-0.36628287,-4.0805142,-4.52019442
0.00696424698,-0.334137304,-4.18670234,6.8679081,-6.8678553,-0.334072772,-3.72644095,-4.18704601
0.00696924698,-0.288040142,-3.69383315,6.86790805,-6.86786046,-0.28796006,-3.21955811,-3.69432607
0.00697424698,-0.241658719,-3.19009859,6.867908,-6.86786575,-0.241565401,-2.7095442,-3.19072189
0.00697924698,-0.195038808,-2.6810456,6.86790795,-6.8678711,-0.194934579,-2.19689344,-2.6817801
0.00698424698,-0.148226417,-2.16872385,6.8679079,-6.86787648,-0.148113614,-1.68209901,-2.1695502
0.00698924698,-0.101267745,-1.65409702,6.86790785,-6.86788189,-0.101148712,-1.16567164,-1.65499577
0.00699424698,-0.0542091332,-1.13782307,6.8679078,-6.86788732,-0.0540862215,-0.648117445,-1.13877469
0.00699924698,-0.00709702393,-0.620447021,6.86790775,-6.86789276,-0.00697258757,-0.129948965,-0.621431949
0.00700424698,0.0400220893,-0.10249946,6.8679077,-6.86789821,0.0401456945,0.388323791,-0.10349808
0.00700924698,0.0871017055,0.415510885,6.86790765,-6.86790366,0.0872221246,0.906188541,0.414518192
0.00701424698,0.134095363,0.93306581,6.8679076,-6.86790911,0.134210244,1.42313479,0.932098659
0.00701924698,0.180956684,1.44965953,6.86790755,-6.86791454,0.181063682,1.93865204,1.44873751
0.00702424698,0.227639423,1.96477734,6.8679075,-6.86791996,0.227736199,2.45223178,1.96391999
0.00702924698,0.27409751,2.47791523,6.86790745,-6.86792537,0.274181736,2.96336705,2.47714202
0.00703424698,0.320285095,2.98856295,6.8679074,-6.86793074,0.320354456,3.47155352,2.98789327
0.00703924698,0.366156598,3.49622001,6.86790735,-6.86793609,0.366208792,3.97628966,3.49567315
0.00704424698,0.411666748,4.00038246,6.8679073,-6.8679414,0.411699493,4.47707737,3.99997757
0.00704924698,0.456770633,4.50055361,6.86790725,-6.86794666,0.456781664,4.9734173,4.50030972
0.00705117334,0.474030015,4.69087853,6.86790784,-6.86794867,0.47403208,5.15584082,4.69070172
0.00705200399,0.481451051,4.76947493,6.8679098,-6.86794951,0.481449148,5.19937768,4.76932789
0.00705287597,0.489227128,4.84432294,6.86791558,-6.86795033,0.489220992,5.22430013,4.84420765
0.0070536779,0.496365666,4.90503617,6.86792464,-6.86795099,0.496355578,5.23904149,4.9049505
0.00705456087,0.504210936,4.96324275,6.8679382,-6.8679516,0.50419643,5.2505751,4.96319008
0.00705582308,0.51539881,5.03247403,6.86796228,-6.86795228,0.515377869,5.26237586,5.03246915
0.00705715875,0.527202472,5.09056136,6.86799174,-6.86795277,0.527174568,5.27141667,5.0906077
0.00705796542,0.534313271,5.11917764,6.8680108,-6.86795298,0.534281086,5.27579973,5.11925517
0.00705926628,0.545751475,5.15704114,6.86804293,-6.8679532,0.545712265,5.28169922,5.15716931
0.00706013341,0.553355724,5.17702164,6.86806531,-6.86795329,0.553311749,5.28503857,5.17718375
0.00706100829,0.561011308,5.1937601,6.86808882,-6.86795332,0.560962458,5.28803945,5.19395658
0.0070626679,0.57548681,5.2175096,6.8681365,-6.86795328,0.575428529,5.29295207,5.21777152
0.00706412746,0.588165787,5.23198092,6.86818171,-6.86795314,0.588099014,5.29663268,5.23230062
0.00706568689,0.601657597,5.24290026,6.86823244,-6.8679529,0.601581548,5.30006873,5.24328184
0.00706786649,0.620417923,5.25317518,6.8683048,-6.86795248,0.620328557,5.30421649,5.25364341
0.00707085755,0.645972682,5.26176648,6.86840212,-6.86795182,0.645864378,5.30899082,5.26235384
0.00707504779,0.681387003,5.26838143,6.86852964,-6.86795087,0.681250893,5.31442668,5.26913592
0.00708004779,0.723025142,5.27254363,6.86866876,-6.8679498,0.722853928,5.31961226,5.27349777
0.00708504779,0.763949743,5.27501539,6.86879728,-6.86794879,0.763741362,5.32384139,5.27616929
0.00709004779,0.804120418,5.27663592,6.86891795,-6.86794784,0.803872844,5.3273436,5.27798966
0.00709504779,0.843497522,5.27787099,6.86903172,-6.86794694,0.84320877,5.33031456,5.27942463
0.00710004779,0.882042197,5.27883145,6.86913866,-6.86794609,0.88171032,5.33286477,5.28058502
0.00710504779,0.919716402,5.27960401,6.86923879,-6.86794528,0.919339497,5.33506925,5.28155756
0.00711004779,0.956482959,5.28022843,6.86933202,-6.86794453,0.956059167,5.33698318,5.28238198
0.00711504779,0.992305582,5.28073496,6.8694182,-6.86794383,0.991833091,5.33864778,5.28308852
0.00712004779,1.02714892,5.28114324,6.86949724,-6.86794319,1.02662596,5.34009494,5.28369684
0.00712504779,1.06097858,5.28146769,6.86956905,-6.8679426,1.06040345,5.34134958,5.28422133
0.00713004779,1.09376119,5.28171972,6.86963359,-6.86794207,1.09313222,5.34243189,5.28467343
0.00713504779,1.12546439,5.2819075,6.86969086,-6.86794159,1.12477997,5.3433583,5.28506127
0.00714004779,1.15605689,5.28203836,6.86974091,-6.86794117,1.15531546,5.34414268,5.28539221
0.00714504779,1.1855085,5.28211745,6.86978384,-6.86794082,1.18470857,5.34479673,5.28567138
0.00715004779,1.21379016,5.28214991,6.86981979,-6.86794051,1.21293029,5.34533077,5.28590392
0.00715504779,1.24087395,5.28213929,6.86984897,-6.86794026,1.23995276,5.3457539,5.28609338
0.00716004779,1.26673315,5.28208952,6.86987162,-6.86794007,1.26574931,5.34607452,5.28624369
0.00716504779,1.29134224,5.28200333,6.86988806,-6.86793992,1.2902945,5.3463004,5.28635758
0.00717004779,1.31467693,5.28188403,6.86989863,-6.86793982,1.31356409,5.34643911,5.28643836
0.00717504779,1.33671419,5.28173397,6.86990376,-6.86793977,1.33553512,5.34649803,5.28648836
0.00718004779,1.35743228,5.28155859,6.86990494,-6.86793976,1.35618591,5.34650606,5.28651305
0.00718504779,1.37681074,5.28136717,6.86990485,-6.86793976,1.37549608,5.3465042,5.28652168
0.00719004779,1.39483046,5.2811697,6.86990488,-6.86793976,1.39344657,5.34650466,5.28652426
0.00719504779,1.41147365,5.28097034,6.8699049,-6.86793976,1.41001967,5.34650457,5.28652494
0.00720004779,1.42672388,5.28077065,6.86990489,-6.86793976,1.42519903,5.3465046,5.28652528
0.00720504779,1.44056611,5.2805706,6.86990489,-6.86793976,1.43896965,5.34650458,5.28652526
0.00721004779,1.45298668,5.2803707,6.86990489,-6.86793976,1.45131796,5.34650459,5.28652537
0.00721504779,1.46397332,5.28017061,6.86990489,-6.86793976,1.46223176,5.34650459,5.28652529
0.00722004779,1.4735152,5.27997069,6.86990489,-6.86793976,1.47170029,5.34650459,5.28652538
0.00722504779,1.4816029,5.27977061,6.86990489,-6.86793976,1.4797142,5.34650459,5.28652529
0.00723004779,1.48822843,5.27957071,6.86990489,-6.86793976,1.48626558,5.34650459,5.28652538
0.00723504779,1.49338526,5.27937065,6.86990489,-6.86793976,1.49134797,5.34650459,5.2865253
0.00724004779,1.4970683,5.27917075,6.86990489,-6.86793976,1.49495635,5.34650459,5.28652537
0.00724504779,1.49927392,5.27897071,6.86990489,-6.86793976,1.49708716,5.34650459,5.2865253
0.00725004779,1.49999993,5.27877083,6.86990489,-6.86793976,1.4977383,5.34650459,5.28652537
0.00725504779,1.49924563,5.27857081,6.86990489,-6.86793976,1.49690913,5.34650459,5.2865253
0.00726004779,1.49701175,5.27837094,6.86990489,-6.86793976,1.49460046,5.34650459,5.28652537
0.00726504779,1.4933005,5.27817093,6.86990489,-6.86793976,1.49081457,5.34650459,5.2865253
0.00727004779,1.48811554,5.27797107,6.86990489,-6.86793976,1.4855552,5.34650459,5.28652537
0.00727504779,1.48146199,5.27777109,6.86990489,-6.86793976,1.47882754,5.34650459,5.2865253
0.00728004779,1.47334642,5.27757124,6.86990489,-6.86793976,1.47063823,5.34650459,5.28652537
0.00728504779,1.46377683,5.27737127,6.86990489,-6.86793976,1.46099535,5.34650459,5.2865253
0.00729004779,1.45276267,5.27717144,6.86990489,-6.86793976,1.44990842,5.34650459,5.28652537
0.00729504779,1.44031481,5.27697149,6.86990489,-6.86793976,1.43738838,5.34650459,5.2865253
0.00730004779,1.42644554,5.27677167,6.86990489,-6.86793976,1.42344758,5.34650459,5.28652537
0.00730504779,1.41116853,5.27657173,6.86990489,-6.86793976,1.40809978,5.34650459,5.28652531
0.00731004779,1.39449887,5.27637193,6.86990489,-6.86793976,1.39136013,5.34650459,5.28652536
0.00731504779,1.37645301,5.27617201,6.86990489,-6.86793976,1.37324515,5.34650459,5.28652531
0.00732004779,1.35704876,5.27597221,6.86990489,-6.86793976,1.35377272,5.34650459,5.28652536
0.00732504779,1.33630526,5.27577229,6.86990488,-6.86793976,1.33296206,5.34650439,5.28652529
0.00733004779,1.31424299,5.27556955,6.8699036,-6.86793976,1.31083369,5.34647794,5.28652238
0.00733504779,1.29088372,5.27535509,6.86989834,-6.86793979,1.28740946,5.34638334,5.28650775
0.00734004779,1.26625051,5.27511923,6.86988751,-6.86793987,1.26271249,5.34620355,5.2864717
0.00734504779,1.24036766,5.27485562,6.86987082,-6.86793999,1.23676715,5.34593329,5.28640791
0.00735004779,1.21326072,5.27456096,6.86984793,-6.86794016,1.20959905,5.34556444,5.28631305
0.00735504779,1.18495643,5.27423208,6.8698185,-6.86794038,1.18123499,5.34508899,5.28618396
0.00736004779,1.15548273,5.27386621,6.86978233,-6.86794066,1.15170297,5.3444982,5.28601786
0.00736504779,1.12486872,5.27346,6.86973919,-6.86794099,1.12103213,5.34378234,5.28581141
0.00737004779,1.09314459,5.27301011,6.86968897,-6.86794138,1.08925275,5.34293045,5.28556127
0.00737504779,1.06034166,5.27251231,6.86963158,-6.86794182,1.05639618,5.34192974,5.28526319
0.00738004779,1.02649231,5.27196199,6.86956698,-6.86794232,1.02249485,5.34076512,5.28491257
0.00738504779,0.991629925,5.27135319,6.86949519,-6.86794288,0.98758221,5.33941833,5.28450346
0.00739004779,0.955788924,5.27067898,6.86941628,-6.86794349,0.951692726,5.3378669,5.28402891
0.00739504779,0.919004676,5.26993019,6.86933036,-6.86794416,0.914861812,5.33608255,5.28347975
0.00740004779,0.88131348,5.26909541,6.86923757,-6.86794488,0.877125815,5.33402894,5.28284458
0.00740504779,0.842752535,5.26815913,6.86913812,-6.86794565,0.838521977,5.33165809,5.28210786
0.00741004779,0.803359895,5.26710065,6.86903222,-6.86794647,0.799088394,5.32890484,5.28124892
0.00741504779,0.763174435,5.26589042,6.86892013,-6.86794734,0.758863984,5.32567743,5.28023817
0.00742004779,0.722235815,5.26448553,6.86880211,-6.86794824,0.717888443,5.32184082,5.27903272
0.00742504779,0.680584435,5.26281913,6.86867845,-6.86794919,0.676202209,5.31718441,5.2775657
0.00743004779,0.6382614,5.26078085,6.86854936,-6.86795017,0.633846421,5.3113536,5.27572674
0.00743504779,0.595308478,5.25816806,6.86841497,-6.86795118,0.59086288,5.30368174,5.27331316
0.00744004779,0.551768059,5.25455019,6.86827518,-6.86795221,0.547294005,5.29268702,5.2698944
0.00744504779,0.507683111,5.24850872,6.86812908,-6.86795325,0.503182793,5.27264016,5.26405185
0.00744732804,0.487409151,5.24383186,6.86805995,-6.86795373,0.482897589,5.2541422,5.25946562
0.0074485366,0.476622893,5.24004434,6.86802264,-6.86795397,0.47210556,5.23501758,5.25572609
0.00744911786,0.471425353,5.23752677,6.86800464,-6.86795408,0.466905291,5.21814168,5.25323159
0.0074494332,0.468603012,5.23581513,6.86799495,-6.86795413,0.464081481,5.20328661,5.25153246
0.00744972327,0.466005298,5.23387791,6.8679862,-6.86795418,0.461482425,5.18165012,5.24960674
0.00745002699,0.463283582,5.23121767,6.86797744,-6.86795422,0.458759311,5.14465068,5.24695854
0.00745036066,0.460291503,5.22698505,6.86796845,-6.86795425,0.455765707,5.09343888,5.24273914
0.00745054874,0.458604124,5.22365973,6.86796362,-6.86795426,0.454077472,5.06653783,5.23942126
0.00745073941,0.45689283,5.21932189,6.86795877,-6.86795427,0.452365314,5.04154149,5.23509097
0.00745094322,0.455062836,5.21333117,6.86795357,-6.86795426,0.4505344,5.01679713,5.22910831
0.00745118051,0.452931318,5.20416857,6.86794746,-6.86795425,0.448401815,4.98981512,5.21995507
0.00745141903,0.450787743,5.19218477,6.86794138,-6.86795422,0.446257173,4.96399816,5.20798066
0.00745168607,0.448386649,5.17598738,6.86793494,-6.86795418,0.44385489,4.93605383,5.19179375
0.00745179696,0.447389207,5.1689666,6.86793246,-6.86795415,0.442856957,4.92465345,5.18477732
0.00745191805,0.446299815,5.16142071,6.86792993,-6.86795413,0.441767029,4.91229614,5.17723617
0.00745206013,0.445021226,5.15273798,6.86792721,-6.86795409,0.440487813,4.89788911,5.16855899
0.00745223822,0.443418031,5.14196081,6.86792418,-6.86795403,0.438883835,4.87993575,5.15778876
0.007452399,0.441970191,5.13219232,6.8679218,-6.86795398,0.43743529,4.86380113,5.14802653
0.00745260523,0.440112492,5.11945705,6.86791918,-6.8679539,0.435576691,4.84317482,5.13529927
0.00745282425,0.438138665,5.10568281,6.86791688,-6.86795381,0.433601912,4.82132403,5.12153351
0.00745315184,0.435184903,5.08450267,6.86791419,-6.86795366,0.430646734,4.78870123,5.10036601
0.0074535344,0.431733219,5.05891345,6.86791195,-6.86795347,0.42719341,4.75064635,5.0747915
0.0074540447,0.427125026,5.02332541,6.86791001,-6.86795317,0.422583048,4.69989448,5.03922295
0.00745463207,0.421815524,4.98048288,6.86790872,-6.86795278,0.41727108,4.64145257,4.99640268
0.00745557454,0.413284018,4.90802142,6.86790774,-6.86795209,0.408735681,4.54757458,4.92397651
0.00745725556,0.398031267,4.76968365,6.86790724,-6.86795071,0.393476187,4.37977715,4.78570037
0.00746038674,0.369503345,4.49059318,6.86790721,-6.86794784,0.36493639,4.06600849,4.50671973
0.0074638542,0.337745096,4.161324,6.86790726,-6.86794441,0.333166036,3.71676609,4.17756418
0.0074688542,0.291672195,3.66848079,6.8679073,-6.86793925,0.287077627,3.21014454,3.68486927
0.0074738542,0.245311449,3.1649155,6.86790735,-6.86793396,0.240703685,2.70035108,3.18143339
0.0074788542,0.19870861,2.65604579,6.8679074,-6.86792861,0.194089974,2.18788096,2.67267393
0.0074838542,0.15190967,2.14388504,6.86790745,-6.86792323,0.147282498,1.67322685,2.16060409
0.0074888542,0.104960813,1.62938295,6.8679075,-6.86791782,0.100327449,1.15689976,1.64617347
0.0074938542,0.0579083724,1.11319589,6.86790755,-6.86791239,0.0532711663,0.639405534,1.13003835
0.0074988542,0.0107987833,0.595865917,6.8679076,-6.86790695,0.00616008957,0.121256844,0.612740744
0.0075038542,-0.0363214629,0.0779250449,6.86790765,-6.8679015,-0.0409592885,-0.397036372,0.0948126328
0.0075088542,-0.0834058641,-0.440119624,6.8679077,-6.86789605,-0.0880404666,-0.914961716,-0.423238896
0.0075138542,-0.130407954,-0.957748324,6.86790775,-6.86789061,-0.135036981,-1.43200863,-0.940894071
0.0075188542,-0.177281347,-1.4744565,6.8679078,-6.86788517,-0.181902452,-1.94766645,-1.45764831
0.0075238542,-0.223979784,-1.98972799,6.86790785,-6.86787975,-0.22859063,-2.46142651,-1.97298541
0.0075288542,-0.270457181,-2.50305973,6.8679079,-6.86787434,-0.275055437,-2.97278162,-2.48640224
0.0075338542,-0.316667669,-3.01394011,6.86790795,-6.86786897,-0.321251019,-3.4812272,-2.99738711
0.0075388542,-0.362565644,-3.52186934,6.867908,-6.86786362,-0.367131786,-3.98626142,-3.50544012
0.0075438542,-0.408105811,-4.02634221,6.86790805,-6.8678583,-0.41265246,-4.48738587,-4.01005595
0.0075488542,-0.453243226,-4.52686158,6.8679081,-6.86785303,-0.457768117,-4.98409816,-4.51073732
0.00755077926,-0.470504789,-4.71675893,6.86790811,-6.86785186,-0.475020702,-5.16382539,-4.70070207
0.00755161954,-0.478018002,-4.79560611,6.86790811,-6.86785336,-0.482529892,-5.20370163,-4.77957952
0.00755248833,-0.485772031,-4.86906659,6.86790809,-6.86785885,-0.490279696,-5.22679656,-4.85307181
0.00755331465,-0.493133708,-4.93042454,6.86790805,-6.86786804,-0.497637292,-5.24114764,-4.91446043
0.0075542433,-0.501391098,-4.9900413,6.86790796,-6.86788225,-0.505890022,-5.25261567,-4.97411209
0.00755544113,-0.512016683,-5.05401032,6.86790779,-6.86790494,-0.516509484,-5.26334322,-5.03812668
0.00755672981,-0.523415809,-5.10910156,6.86790756,-6.86793298,-0.527901881,-5.27187808,-5.09326753
0.0075575164,-0.530356808,-5.13669779,6.8679074,-6.86795133,-0.534838701,-5.27610178,-5.12089429
0.00755873664,-0.541098831,-5.17214433,6.86790714,-6.86798112,-0.545574132,-5.28162225,-5.15638848
0.00755959039,-0.548595642,-5.19200941,6.86790695,-6.86800293,-0.553066254,-5.28492595,-5.17628707
0.00756044868,-0.556116387,-5.20865089,6.86790675,-6.86802579,-0.56058222,-5.28788848,-5.19296237
0.00756216526,-0.571109139,-5.23349595,6.86790632,-6.86807485,-0.575565222,-5.29298803,-5.21787532
0.00756363336,-0.583879086,-5.24810077,6.86790592,-6.8681203,-0.588326625,-5.2966901,-5.23253843
0.00756520439,-0.597489237,-5.25911954,6.86790546,-6.86817151,-0.601927427,-5.30014918,-5.24361973
0.00756738539,-0.616286871,-5.26941064,6.8679048,-6.86824418,-0.620711729,-5.30429546,-5.25399781
0.0075703307,-0.64148774,-5.2779126,6.8679039,-6.86834049,-0.645893947,-5.30899998,-5.26261744
0.00757455561,-0.6772513,-5.28463297,6.86790268,-6.86846979,-0.681629464,-5.31448775,-5.26950684
0.00757955561,-0.718957466,-5.28881601,6.86790136,-6.86860963,-0.723300509,-5.31967639,-5.27389015
0.00758455561,-0.759954108,-5.29130001,6.86790015,-6.86873878,-0.764259964,-5.32390925,-5.27657452
0.00758955561,-0.800200767,-5.29293041,6.86789902,-6.86886005,-0.804467407,-5.32741578,-5.27840538
0.00759455561,-0.839657725,-5.29417347,6.86789795,-6.86897443,-0.843883158,-5.33039145,-5.27984896
0.00759955561,-0.878286042,-5.29514069,6.86789694,-6.86908196,-0.882468318,-5.33294669,-5.28101673
0.00760455561,-0.916047597,-5.29591914,6.86789599,-6.86918268,-0.920184808,-5.33515646,-5.28199577
0.00760955561,-0.952905123,-5.29654874,6.86789511,-6.8692765,-0.956995406,-5.33707594,-5.28282599
0.00761455561,-0.988822247,-5.29705993,6.8678943,-6.86936327,-0.992863786,-5.33874632,-5.28353781
0.00761955561,-1.02376352,-5.29747243,6.86789355,-6.86944288,-1.02775455,-5.34019947,-5.28415096
0.00762455561,-1.05769447,-5.29780074,6.86789287,-6.86951527,-1.06163326,-5.3414603,-5.28467994
0.00762955561,-1.0905816,-5.29805633,6.86789225,-6.86958037,-1.09446649,-5.34254902,-5.28513621
0.00763455561,-1.12239245,-5.29824743,6.8678917,-6.86963819,-1.12622183,-5.34348202,-5.285528
0.00763955561,-1.15309564,-5.29838138,6.86789122,-6.86968878,-1.15686794,-5.34427318,-5.28586264
0.00764455561,-1.18266086,-5.29846338,6.86789081,-6.86973223,-1.18637459,-5.34493418,-5.28614534
0.00764955561,-1.21105894,-5.29849857,6.86789046,-6.86976869,-1.21471264,-5.34547534,-5.28638123
0.00765455561,-1.23826186,-5.29849055,6.86789017,-6.86979835,-1.24185414,-5.34590573,-5.28657391
0.00765955561,-1.26424275,-5.29844324,6.86788995,-6.86982146,-1.2677723,-5.34623374,-5.2867273
0.00766455561,-1.28897599,-5.29835938,6.86788978,-6.86983832,-1.29244153,-5.34646711,-5.28684414
0.00766955561,-1.31243717,-5.29824229,6.86788967,-6.86984929,-1.31583751,-5.34661337,-5.28692774
0.00767455561,-1.33460313,-5.29809431,6.86788961,-6.86985478,-1.33793712,-5.34667972,-5.28698045
0.00767955561,-1.355452,-5.29792058,6.86788959,-6.86985615,-1.35871858,-5.34669247,-5.28700741
0.00768455561,-1.3749632,-5.29773005,6.86788959,-6.86985606,-1.37816136,-5.34669273,-5.28701754
0.00768955561,-1.39311748,-5.2975329,6.86788959,-6.86985608,-1.39624628,-5.34669563,-5.28702107
0.00769455561,-1.40989692,-5.2973337,6.86788959,-6.8698561,-1.41295549,-5.34669769,-5.28702253
0.00769955561,-1.42528496,-5.29713406,6.86788959,-6.86985609,-1.4282725,-5.34669972,-5.28702354
0.00770455561,-1.43926642,-5.29693402,6.86788959,-6.8698561,-1.4421822,-5.34670152,-5.28702415
0.00770955561,-1.45182749,-5.29673405,6.86788959,-6.8698561,-1.45467086,-5.34670317,-5.28702481
0.00771455561,-1.46295579,-5.29653385,6.86788959,-6.8698561,-1.46572614,-5.34670462,-5.28702524
0.00771955561,-1.47264032,-5.29633376,6.86788959,-6.8698561,-1.47533715,-5.34670591,-5.28702577
0.00772455561,-1.48087154,-5.29613346,6.86788959,-6.8698561,-1.4834944,-5.34670699,-5.28702609
0.00772955561,-1.48764132,-5.29593327,6.86788959,-6.8698561,-1.49018984,-5.34670791,-5.28702651
0.00773455561,-1.49294297,-5.29573288,6.86788959,-6.8698561,-1.49541685,-5.34670862,-5.28702672
0.00773955561,-1.49677127,-5.29553259,6.86788959,-6.86985611,-1.49917029,-5.34670916,-5.28702702
0.00774455561,-1.49912244,-5.29533211,6.86788959,-6.86985611,-1.50144644,-5.3467095,-5.28702712
0.00774955561,-1.49999415,-5.29513172,6.86788959,-6.86985612,-1.50224307,-5.34670968,-5.28702731
0.00775455561,-1.49938555,-5.29493115,6.86788959,-6.86985612,-1.50155938,-5.34670964,-5.2870273
0.00775955561,-1.49729724,-5.29473066,6.86788959,-6.86985613,-1.49939604,-5.34670944,-5.28702738
0.00776455561,-1.49373128,-5.29452999,6.86788959,-6.86985613,-1.4957552,-5.34670903,-5.28702726
0.00776955561,-1.48869118,-5.2943294,6.86788959,-6.86985614,-1.49064045,-5.34670846,-5.28702722
0.00777455561,-1.48218193,-5.29412863,6.86788959,-6.86985614,-1.48405683,-5.34670768,-5.28702699
0.00777955561,-1.47420994,-5.29392794,6.86788959,-6.86985615,-1.47601084,-5.34670673,-5.28702683
0.00778455561,-1.46478308,-5.29372708,6.86788959,-6.86985616,-1.46651042,-5.34670558,-5.2870265
0.00778955561,-1.45391066,-5.2935263,6.86788959,-6.86985617,-1.45556495,-5.34670427,-5.28702623
0.00779455561,-1.44160341,-5.29332534,6.86788959,-6.86985618,-1.44318523,-5.34670275,-5.28702578
0.00779955561,-1.42787347,-5.29312446,6.86788959,-6.86985619,-1.42938347,-5.34670107,-5.2870254
0.00780455561,-1.41273439,-5.29292342,6.86788959,-6.8698562,-1.41417331,-5.3466992,-5.28702485
0.00780955561,-1.39620111,-5.29272244,6.86788959,-6.86985621,-1.39756973,-5.34669717,-5.28702436
0.00781455561,-1.37828994,-5.2925213,6.86788959,-6.86985622,-1.37958915,-5.34669494,-5.2870237
0.00781955561,-1.35901858,-5.29232023,6.86788959,-6.86985623,-1.36024928,-5.34669256,-5.2870231
0.00782455561,-1.33840602,-5.29211901,6.86788959,-6.86985624,-1.33956923,-5.34668999,-5.28702234
0.00782955561,-1.31647262,-5.29191557,6.86788959,-6.86985526,-1.31756941,-5.34666687,-5.28701936
0.00783455561,-1.29324002,-5.29170185,6.86788963,-6.86985068,-1.29427151,-5.34658093,-5.28700608
0.00783955561,-1.26873115,-5.29146784,6.86788971,-6.86984059,-1.26969855,-5.34641047,-5.28697252
0.00784455561,-1.24297019,-5.29120669,6.86788985,-6.86982466,-1.24387475,-5.34615124,-5.28691179
0.00784955561,-1.21598258,-5.29091493,6.86789004,-6.86980258,-1.21682562,-5.34579504,-5.28682045
0.00785455561,-1.18779493,-5.29058939,6.86789029,-6.86977399,-1.18857784,-5.34533401,-5.28669532
0.00785955561,-1.15843508,-5.29022732,6.8678906,-6.86973867,-1.15915929,-5.34475957,-5.28653364
0.00786455561,-1.12793199,-5.28982543,6.86789098,-6.8696964,-1.12859901,-5.34406223,-5.28633213
0.00786955561,-1.09631576,-5.28938043,6.86789143,-6.86964706,-1.09692715,-5.34323132,-5.2860875
0.00787455561,-1.06361761,-5.28888821,6.86789194,-6.86959054,-1.06417497,-5.34225445,-5.28579562
0.00787955561,-1.02986979,-5.28834428,6.86789251,-6.86952681,-1.03037479,-5.34111705,-5.28545202
0.00788455561,-0.995105615,-5.28774289,6.86789315,-6.86945588,-0.995559969,-5.33980156,-5.28505094
0.00788955561,-0.959359392,-5.28707735,6.86789386,-6.8693778,-0.959764864,-5.33828647,-5.28458568
0.00789455561,-0.922666397,-5.28633887,6.86789464,-6.86929268,-0.923024801,-5.33654478,-5.28404745
0.00789955561,-0.885062841,-5.28551656,6.86789548,-6.86920066,-0.885376037,-5.33454199,-5.28342536
0.00790455561,-0.846585835,-5.28459567,6.86789638,-6.86910194,-0.846855727,-5.33223278,-5.28270466
0.00790955561,-0.807273351,-5.28355666,6.86789734,-6.86899672,-0.807501886,-5.32955601,-5.28186581
0.00791455561,-0.767164186,-5.28237183,6.86789836,-6.86888527,-0.767353351,-5.3264262,-5.28088109
0.00791955561,-0.726297922,-5.28100129,6.86789943,-6.86876785,-0.726449745,-5.32271879,-5.27971061
0.00792455561,-0.68471489,-5.27938363,6.86790056,-6.86864472,-0.684831432,-5.31824197,-5.27829296
0.00792955561,-0.642456128,-5.27741905,6.86790174,-6.86851613,-0.642539487,-5.3126784,-5.27652832
0.00793455561,-0.599563338,-5.27492835,6.86790297,-6.86838223,-0.599615645,-5.3054463,-5.27423748
0.00793955561,-0.556078852,-5.27154419,6.86790424,-6.86824297,-0.556102268,-5.2953033,-5.27105306
0.00794455561,-0.512045583,-5.26616513,6.86790558,-6.86809766,-0.512042298,-5.27794575,-5.26587357
0.00794735834,-0.487139097,-5.26108752,6.86790635,-6.86801299,-0.487121811,-5.25912957,-5.26090773
0.00794877007,-0.474535993,-5.2570805,6.86790675,-6.86796935,-0.474511919,-5.24047442,-5.25695696
0.00794948234,-0.468163067,-5.25422289,6.86790695,-6.86794717,-0.468135636,-5.22298092,-5.25412771
0.0079498325,-0.46502661,-5.25243176,6.86790705,-6.86793631,-0.464997546,-5.20874653,-5.25235051
0.00795014361,-0.462238089,-5.25047075,6.86790714,-6.86792682,-0.462207583,-5.18869347,-5.25040188
0.00795042505,-0.459713934,-5.24820215,6.86790722,-6.86791852,-0.459682131,-5.15875639,-5.24814447
0.00795077887,-0.456538578,-5.24413945,6.86790732,-6.86790875,-0.456505153,-5.10565729,-5.24409583
0.00795098641,-0.454674961,-5.24077738,6.86790738,-6.86790334,-0.454640591,-5.07493685,-5.24074201
0.00795117082,-0.453018359,-5.23685796,6.86790743,-6.86789862,-0.452983152,-5.05001289,-5.2368299
0.0079513667,-0.45125811,-5.23154046,6.86790748,-6.86789361,-0.451222018,-5.02556491,-5.23152017
0.00795160073,-0.449154145,-5.22326287,6.86790754,-6.86788758,-0.449117,-4.99836636,-5.22325185
0.00795181669,-0.447211728,-5.21317599,6.86790759,-6.86788203,-0.447173614,-4.97458977,-5.21317351
0.00795204159,-0.445188089,-5.20042993,6.86790765,-6.86787643,-0.445148972,-4.9507011,-5.20043631
0.00795216997,-0.444032452,-5.19243775,6.86790768,-6.8678734,-0.443992765,-4.93733984,-5.19244919
0.00795229729,-0.442886153,-5.18440673,6.86790771,-6.86787058,-0.442845902,-4.92422895,-5.18442318
0.0079524375,-0.441623419,-5.17572449,6.86790774,-6.86786771,-0.441582547,-4.90991074,-5.17574644
0.00795258612,-0.440284603,-5.16670896,6.86790778,-6.86786497,-0.440243076,-4.89483959,-5.16673673
0.00795272871,-0.438999743,-5.15810766,6.86790781,-6.86786262,-0.438957589,-4.88045592,-5.158141
0.00795289562,-0.437495345,-5.1479515,6.86790784,-6.86786022,-0.43745246,-4.86368804,-5.14799136
0.00795308466,-0.435790851,-5.1362921,6.86790788,-6.86785789,-0.435747141,-4.84475941,-5.13633933
0.00795338545,-0.433077493,-5.11730254,6.86790793,-6.86785494,-0.433032476,-4.81472602,-5.11736145
0.00795370916,-0.430155551,-5.09625593,6.86790798,-6.86785262,-0.430109137,-4.78246846,-5.09632736
0.00795409501,-0.426670543,-5.07025162,6.86790803,-6.86785074,-0.426622476,-4.74405471,-5.07033791
0.00795451262,-0.422895794,-5.04106651,6.86790806,-6.86784946,-0.422845954,-4.70248453,-5.04116879
0.00795534783,-0.415337588,-4.97967079,6.86790811,-6.86784833,-0.415284248,-4.61929441,-4.97980478
0.00795618809,-0.407722212,-4.91433308,6.86790814,-6.86784827,-0.407665415,-4.53550283,-4.91449856
0.00795786861,-0.39245758,-4.77517728,6.86790815,-6.86784923,-0.392394061,-4.36757916,-4.77540444
0.00796122965,-0.361798755,-4.47377104,6.86790812,-6.8678523,-0.361722564,-4.03038241,-4.47411595
0.00796476485,-0.32937741,-4.13612091,6.86790809,-6.86785583,-0.329289006,-3.67385579,-4.13658111
0.00796976485,-0.283248689,-3.64167182,6.86790804,-6.86786101,-0.283144976,-3.16662819,-3.64227933
0.00797476485,-0.236840435,-3.13722016,6.867908,-6.8678663,-0.236723728,-2.65631756,-3.13795606
0.00797976485,-0.190198449,-2.62777325,6.86790795,-6.86787166,-0.190071073,-2.1434219,-2.62861833
0.00798476485,-0.14336876,-2.11516855,6.8679079,-6.86787705,-0.143233053,-1.62843447,-2.11610347
0.00798976485,-0.0963975832,-1.60035177,6.86790785,-6.86788246,-0.0962558913,-1.11186694,-1.60135705
0.00799476485,-0.0493312736,-1.08393126,6.8679078,-6.86788789,-0.0491859475,-0.594225279,-1.08498738
0.00799976485,-0.00221628002,-0.566479242,6.86790775,-6.86789333,-0.00206967436,-0.0760223551,-0.567566619
0.00800476485,0.0449009008,-0.0484944584,6.8679077,-6.86789878,0.0450464302,0.442231925,-0.0495934834
0.00800976485,0.0919737698,0.469485892,6.86790765,-6.86790423,0.0921158683,0.96002521,0.46839484
0.00801476485,0.138955872,0.98697116,6.86790759,-6.86790967,0.139092188,1.47684712,0.985907693
0.00801976485,0.185800841,1.50342976,6.86790754,-6.86791511,0.18592903,1.99218726,1.50241345
0.00802476485,0.232462447,2.0183716,6.86790749,-6.86792053,0.232580172,2.5055373,2.017422
0.00802976485,0.278894641,2.53126979,6.86790744,-6.86792593,0.278999575,3.01639052,2.53040636
0.00803476485,0.3250516,3.04163599,6.86790739,-6.8679313,0.325141428,3.52424284,3.04087811
0.00803976485,0.370887772,3.54894967,6.86790735,-6.86793664,0.370960195,4.02859308,3.54831661
0.00804476485,0.416357923,4.05272622,6.8679073,-6.86794195,0.41641066,4.52894351,4.05223713
0.00804976485,0.461417178,4.55244055,6.86790725,-6.86794721,0.461447967,5.02476276,4.55211444
0.00805149174,0.476876135,4.72141935,6.86790855,-6.867949,0.476898821,5.17723457,4.7211539
0.00805242018,0.485164303,4.80623534,6.86791221,-6.86794991,0.485182523,5.21313076,4.8060034
0.00805327485,0.492779372,4.87548829,6.86791977,-6.86795067,0.492793412,5.23249337,4.87528769
0.00805439523,0.502740403,4.95306416,6.86793542,-6.86795149,0.502748865,5.24871159,4.95290527
0.00805545764,0.512162912,5.01406037,6.8679549,-6.8679521,0.512165983,5.25938801,5.01394159
0.00805685796,0.524547486,5.0787868,6.86798489,-6.86795268,0.524543298,5.26961592,5.07872156
0.00805828423,0.537119814,5.12961894,6.86801854,-6.86795305,0.537108054,5.2773712,5.12960884
0.00805914647,0.544699495,5.15403383,6.86803994,-6.86795319,0.544683071,5.28121501,5.15405732
0.00806013937,0.553407938,5.17733666,6.86806552,-6.86795329,0.553386062,5.28506865,5.177399
0.00806147424,0.5650816,5.20152803,6.86810187,-6.86795332,0.565052259,5.28951931,5.20164285
0.00806272201,0.575957692,5.21825913,6.8681382,-6.86795327,0.575921232,5.29310488,5.21842321
0.00806453197,0.591670965,5.23528189,6.86819472,-6.86795308,0.591623938,5.29757391,5.23551764
0.00806625913,0.606594091,5.24619822,6.86825147,-6.8679528,0.606536717,5.30122884,5.24650254
0.00806831068,0.624227045,5.25487996,6.86831963,-6.86795238,0.624157046,5.30498989,5.25526588
0.00807187429,0.654607821,5.26390619,6.86843413,-6.86795158,0.654515037,5.31042889,5.2644341
0.00807687429,0.696677569,5.27035644,6.86858216,-6.86795047,0.696551006,5.31646077,5.27108386
0.00808187429,0.73805978,5.27367082,6.86871691,-6.86794942,0.737897354,5.32124865,5.27459794
0.00808687429,0.778713614,5.27576904,6.86884231,-6.86794844,0.778513277,5.3251925,5.27689596
0.00809187429,0.818598953,5.27722529,6.86896038,-6.86794751,0.818358692,5.32848543,5.27855207
0.00809687429,0.857676433,5.27834871,6.86907162,-6.86794662,0.857394276,5.33129198,5.27987542
0.00810187429,0.89590749,5.27923347,6.86917609,-6.86794579,0.895581507,5.33370816,5.28096012
0.00810687429,0.933254395,5.27994793,6.86927371,-6.867945,0.932882698,5.33580085,5.28187458
0.00811187429,0.96968029,5.28052628,6.86936438,-6.86794427,0.969261038,5.33761932,5.28265293
0.00811687429,1.00514923,5.28099504,6.86944796,-6.86794359,1.00468063,5.33920114,5.28332172
0.00812187429,1.0396262,5.28137103,6.86952436,-6.86794296,1.03910651,5.34057523,5.28389776
0.00812687429,1.0730772,5.28166798,6.86959351,-6.8679424,1.0725047,5.34176474,5.28439476
0.00813187429,1.10546919,5.28189549,6.86965539,-6.86794189,1.10484226,5.34278824,5.28482233
0.00813687429,1.13677022,5.28206184,6.86971001,-6.86794143,1.13608727,5.34366123,5.28518876
0.00814187429,1.16694939,5.28217304,6.86975744,-6.86794104,1.16620888,5.34439662,5.28550005
0.00814687429,1.19597693,5.28223468,6.8697978,-6.8679407,1.19517738,5.34500566,5.28576177
0.00815187429,1.22382418,5.28225082,6.86983125,-6.86794041,1.22296418,5.34549808,5.285978
0.00815687429,1.25046366,5.2822256,6.869858,-6.86794018,1.24954185,5.34588278,5.28615285
0.00816187429,1.27586909,5.28216204,6.86987834,-6.86794001,1.27488416,5.34616781,5.28628938
0.00816687429,1.30001539,5.2820635,6.86989259,-6.86793988,1.29896611,5.34636094,5.28639093
0.00817187429,1.32287873,5.28193251,6.86990112,-6.8679398,1.32176393,5.34646941,5.28646
0.00817687429,1.34443655,5.28177245,6.86990452,-6.86793976,1.34325512,5.3465043,5.28650001
0.00818187429,1.36466757,5.28158971,6.86990489,-6.86793975,1.36341848,5.3465046,5.28651734
0.00818687429,1.38355183,5.2813953,6.86990484,-6.86793976,1.3822341,5.34650455,5.28652298
0.00819187429,1.4010707,5.28119682,6.8699049,-6.86793976,1.39968341,5.34650459,5.28652456
0.00819687429,1.41720687,5.28099736,6.86990488,-6.86793976,1.41574919,5.34650459,5.28652514
0.00820187429,1.43194443,5.28079742,6.86990489,-6.86793976,1.4304156,5.34650458,5.28652523
0.00820687429,1.44526884,5.28059751,6.86990489,-6.86793976,1.44366815,5.3465046,5.28652534
0.00821187429,1.45716694,5.28039744,6.86990489,-6.86793976,1.45549377,5.34650458,5.2865253
0.00821687429,1.46762699,5.2801975,6.86990489,-6.86793976,1.46588079,5.3465046,5.28652536
0.00822187429,1.47663867,5.27999743,6.86990489,-6.86793976,1.47481895,5.34650458,5.28652531
0.00822687429,1.48419309,5.2797975,6.86990489,-6.86793976,1.48229944,5.3465046,5.28652536
0.00823187429,1.49028279,5.27959745,6.86990489,-6.86793976,1.48831487,5.34650458,5.28652531
0.00823687429,1.49490176,5.27939753,6.86990489,-6.86793976,1.4928593,5.3465046,5.28652536
0.00824187429,1.49804544,5.2791975,6.86990489,-6.86793976,1.49592826,5.34650458,5.28652531
0.00824687429,1.49971073,5.27899759,6.86990489,-6.86793976,1.49751872,5.3465046,5.28652536
0.00825187429,1.49989599,5.27879757,6.86990489,-6.86793976,1.49762909,5.34650458,5.28652531
0.00825687429,1.49860103,5.27859768,6.86990489,-6.86793976,1.49625929,5.3465046,5.28652536
0.00826187429,1.49582713,5.27839768,6.86990489,-6.86793976,1.49341065,5.34650458,5.28652531
0.00826687429,1.49157703,5.2781978,6.86990489,-6.86793976,1.48908598,5.3465046,5.28652536
0.00827187429,1.48585493,5.27799782,6.86990489,-6.86793976,1.48328957,5.34650458,5.28652531
0.00827687429,1.47866647,5.27779795,6.86990489,-6.86793976,1.47602712,5.3465046,5.28652536
0.00828187429,1.47001874,5.27759799,6.86990489,-6.86793976,1.46730581,5.34650458,5.28652531
0.00828687429,1.45992028,5.27739813,6.86990489,-6.86793976,1.45713423,5.3465046,5.28652536
0.00829187429,1.44838105,5.27719819,6.86990489,-6.86793976,1.44552244,5.34650458,5.28652531
0.00829687429,1.43541245,5.27699834,6.86990489,-6.86793976,1.43248189,5.3465046,5.28652536
0.00830187429,1.42102727,5.27679841,6.86990489,-6.86793976,1.41802544,5.34650458,5.28652531
0.00830687429,1.40523971,5.27659858,6.86990489,-6.86793976,1.40216737,5.3465046,5.28652536
0.00831187429,1.38806534,5.27639867,6.86990489,-6.86793976,1.38492333,5.34650458,5.28652531
0.00831687429,1.36952113,5.27619885,6.86990489,-6.86793976,1.36631033,5.3465046,5.28652536
0.00832187429,1.34962536,5.27599896,6.86990489,-6.86793976,1.34634674,5.34650459,5.28652532
0.00832687429,1.32839767,5.27579865,6.86990467,-6.86793976,1.32505226,5.34650003,5.28652485
0.00833187429,1.30585901,5.2755929,6.8699023,-6.86793977,1.30244792,5.34645337,5.28651894
0.00833687429,1.28203163,5.27537172,6.86989507,-6.86793982,1.27855601,5.34632775,5.28649758
0.00834187429,1.25693904,5.27512616,6.86988211,-6.86793991,1.25340012,5.34611599,5.28645185
0.00834687429,1.230606,5.27485164,6.86986322,-6.86794005,1.22700507,5.34581068,5.28637713
0.00835187429,1.20305851,5.27454479,6.86983797,-6.86794024,1.19939691,5.34540392,5.28627008
0.00835687429,1.17432373,5.27420281,6.86980611,-6.86794048,1.17060289,5.34488748,5.28612789
0.00836187429,1.14443005,5.27382256,6.86976741,-6.86794077,1.14065142,5.34425224,5.28594741
0.00836687429,1.11340695,5.2734009,6.86972171,-6.86794113,1.10957206,5.34348814,5.28572551
0.00837187429,1.08128505,5.27293399,6.86966888,-6.86794153,1.07739548,5.34258354,5.28545834
0.00837687429,1.04809605,5.27241767,6.86960886,-6.867942,1.04415345,5.34152495,5.28514174
0.00838187429,1.01387271,5.2718467,6.86954163,-6.86794252,1.00987875,5.34029618,5.28477048
0.00838687429,0.978648798,5.27121499,6.86946724,-6.8679431,0.974605226,5.33887762,5.28433845
0.00839187429,0.942459078,5.27051469,6.86938575,-6.86794373,0.93836768,5.33724485,5.2838378
0.00839687429,0.905339265,5.26973608,6.86929731,-6.86794442,0.901201876,5.33536702,5.28325882
0.00840187429,0.867325992,5.26886625,6.86920206,-6.86794516,0.863144492,5.33320397,5.28258858
0.00840687429,0.828456772,5.26788821,6.86910022,-6.86794595,0.824233086,5.33070233,5.2818101
0.00841187429,0.788769966,5.26677831,6.86899204,-6.86794678,0.784506059,5.32778853,5.28089972
0.00841687429,0.748304739,5.26550306,6.86887775,-6.86794766,0.744002618,5.32435759,5.27982394
0.00842187429,0.707101025,5.26401215,6.86875765,-6.86794858,0.702762733,5.32025183,5.27853246
0.00842687429,0.665199488,5.26222629,6.86863198,-6.86794954,0.660827105,5.31521924,5.27694596
0.00843187429,0.62264148,5.26000933,6.86850095,-6.86795053,0.618237118,5.30881996,5.27492829
0.00843687429,0.579469,5.25710037,6.86836463,-6.86795155,0.575034804,5.30018292,5.27221851
0.00844187429,0.535724653,5.25283175,6.86822269,-6.86795259,0.531262798,5.28680159,5.26814894
0.00844687429,0.491451612,5.24480641,6.86807348,-6.86795363,0.486964299,5.25915569,5.26032243
0.00844857592,0.476271471,5.23968469,6.8680209,-6.86795397,0.471776001,5.23421203,5.25526829
0.00844939521,0.468943155,5.23578222,6.8679956,-6.86795412,0.464443849,5.20581422,5.25139832
0.00844975486,0.465722216,5.23336475,6.86798475,-6.86795418,0.461221246,5.1792022,5.24899512
0.00845007825,0.462824008,5.23040168,6.86797549,-6.86795423,0.458321551,5.13784259,5.24604486
0.00845040014,0.459937355,5.22609137,6.8679669,-6.86795426,0.455433427,5.08826264,5.2417473
0.00845059709,0.458170265,5.22240504,6.86796187,-6.86795426,0.453665442,5.06053166,5.23806876
0.00845079597,0.456385063,5.21756304,6.86795684,-6.86795427,0.451879338,5.03493337,5.23323463
0.00845100379,0.45451887,5.21102119,6.86795156,-6.86795426,0.450012209,5.01012791,5.22670099
0.00845122472,0.452534063,5.20189927,6.86794591,-6.86795425,0.448026409,4.98528382,5.21758779
0.00845145392,0.450474161,5.18997246,6.86794015,-6.86795422,0.445965483,4.96060561,5.20567
0.00845167285,0.448505602,5.17665636,6.86793494,-6.86795418,0.443995949,4.93771186,5.1923625
0.00845179456,0.447410848,5.16899553,6.86793223,-6.86795416,0.442900656,4.92518162,5.18470643
0.00845192057,0.446277132,5.16118056,6.86792963,-6.86795413,0.441766382,4.91231289,5.1768964
0.00845206402,0.44498622,5.15244894,6.86792692,-6.86795409,0.440474837,4.89776183,5.16817038
0.00845223889,0.443412033,5.14189201,6.86792399,-6.86795403,0.438899881,4.88012828,5.15762027
0.00845240367,0.441928151,5.13189137,6.86792157,-6.86795398,0.437415277,4.86358856,5.14762604
0.00845260989,0.44007046,5.119171,6.867919,-6.8679539,0.435556686,4.84296013,5.13491368
0.00845284126,0.437985345,5.10462081,6.86791662,-6.86795381,0.433470565,4.81987704,5.12037245
0.00845318181,0.434914596,5.08257717,6.86791391,-6.86795365,0.430398346,4.78596483,5.09834195
0.00845356762,0.431433407,5.05671674,6.86791175,-6.86795345,0.426915503,4.74758754,5.07249634
0.00845409325,0.426686405,5.01995666,6.86790985,-6.86795314,0.422166269,4.69530931,5.03575631
0.00845467207,0.421453732,4.97762342,6.86790865,-6.86795276,0.416931168,4.63771445,4.993445
0.0084557685,0.411526432,4.89279327,6.86790761,-6.86795194,0.40699935,4.5284801,4.90865584
0.0084572341,0.398226247,4.77167515,6.86790726,-6.86795073,0.393693297,4.38216503,4.78759137
0.0084601653,0.371525702,4.51118504,6.86790721,-6.86794805,0.366981602,4.08849259,4.52720433
0.00846407429,0.335723753,4.14041343,6.86790726,-6.86794419,0.331166007,3.69478182,4.15656083
0.00846881299,0.292053211,3.67289191,6.8679073,-6.86793929,0.287480805,3.21457538,3.68917955
0.00847381299,0.245694651,3.1694203,6.86790735,-6.86793401,0.241109028,2.70480839,3.18583752
0.00847881299,0.19909362,2.66059241,6.8679074,-6.86792866,0.194497105,2.19235666,2.67712005
0.00848381299,0.152296107,2.14845886,6.86790745,-6.86792328,0.147691036,1.67771951,2.16507759
0.00848881299,0.105348297,1.6339725,6.8679075,-6.86791787,0.100737013,1.16140342,1.65066286
0.00849381299,0.0582965206,1.11779891,6.86790755,-6.86791244,0.0536813747,0.64391718,1.13454139
0.00849881299,0.0111872126,0.60047464,6.8679076,-6.867907,0.00657055857,0.125771482,0.617249662
0.00850381299,-0.0359331358,0.0825382898,6.86790765,-6.86790155,-0.0405489422,-0.39252245,0.0993262484
0.00850881299,-0.0830180226,-0.435509205,6.8679077,-6.8678961,-0.0876306263,-0.910453055,-0.418727932
0.00851381299,-0.130020981,-0.953141911,6.86790775,-6.86789065,-0.13462803,-1.42750922,-0.936386938
0.00851881299,-0.176895624,-1.46986129,6.8679078,-6.86788522,-0.181494771,-1.94318064,-1.4531522
0.00852381299,-0.223595692,-1.98514526,6.86790785,-6.86787979,-0.2281846,-2.4569584,-1.96850161
0.00852881299,-0.270075098,-2.49849652,6.8679079,-6.86787439,-0.274651437,-2.96833543,-2.48193779
0.00853381299,-0.316287973,-3.00939779,6.86790795,-6.86786901,-0.320849426,-3.47680706,-2.99294338
0.00853881299,-0.36218871,-3.5173548,6.867908,-6.86786366,-0.366732975,-3.98187145,-3.501024
0.00854381299,-0.40773201,-4.02185689,6.86790805,-6.86785835,-0.412256803,-4.48303017,-4.00566888
0.00854881299,-0.452872928,-4.52241259,6.8679081,-6.86785308,-0.457375982,-4.97978199,-4.5063864
0.00855073854,-0.470140389,-4.71255947,6.86790811,-6.86785181,-0.47463447,-5.16072784,-4.69660063
0.0085515744,-0.477614716,-4.79129103,6.86790811,-6.86785315,-0.482104798,-5.20201071,-4.77536228
0.00855244341,-0.485371473,-4.86524698,6.86790809,-6.86785842,-0.489857333,-5.22579467,-4.84935003
0.00855326296,-0.492673533,-4.92659323,6.86790805,-6.86786732,-0.497155349,-5.24035284,-4.91072667
0.00855417111,-0.500749795,-4.98552486,6.86790796,-6.86788097,-0.505227059,-5.25181779,-4.9696924
0.00855538895,-0.511554398,-5.05131472,6.8679078,-6.86790381,-0.516025445,-5.26292245,-5.03552856
0.00855668974,-0.5230619,-5.107415,6.86790757,-6.86793201,-0.527526159,-5.27163096,-5.09167889
0.00855748398,-0.530071062,-5.13548251,6.86790741,-6.8679505,-0.534531104,-5.27592667,-5.11977722
0.00855873133,-0.541052132,-5.17187213,6.86790714,-6.86798093,-0.545505439,-5.28158995,-5.15621554
0.00855958448,-0.548543793,-5.19175035,6.86790695,-6.86800271,-0.552992414,-5.28489514,-5.17612725
0.00856044445,-0.55607933,-5.20845065,6.86790675,-6.86802561,-0.560523163,-5.28786638,-5.19286143
0.00856213267,-0.570825183,-5.23298929,6.86790633,-6.8680738,-0.575259429,-5.29289291,-5.21746684
0.00856360897,-0.583667368,-5.24777918,6.86790592,-6.86811944,-0.588093028,-5.29662669,-5.23231534
0.00856517138,-0.597203846,-5.25881351,6.86790547,-6.86817034,-0.601620212,-5.30007577,-5.24341185
0.00856733032,-0.615813706,-5.26909477,6.86790481,-6.86824227,-0.620216884,-5.30419412,-5.2537792
0.00857028015,-0.641056969,-5.27769747,6.86790392,-6.8683388,-0.64544148,-5.30892247,-5.26249975
0.00857443953,-0.676274956,-5.28439632,6.86790271,-6.8684663,-0.680631891,-5.31434947,-5.26936501
0.00857943953,-0.717997108,-5.2886423,6.86790139,-6.86860644,-0.722318971,-5.31956582,-5.27381123
0.00858443953,-0.759010684,-5.29115542,6.86790018,-6.86873581,-0.763295409,-5.32381837,-5.27652473
0.00858943953,-0.799275208,-5.29279705,6.86789904,-6.86885725,-0.803520764,-5.32733914,-5.27836681
0.00859443953,-0.838750944,-5.29404814,6.86789797,-6.86897179,-0.84295534,-5.33032592,-5.27981841
0.00859943953,-0.877398934,-5.29502049,6.86789696,-6.86907948,-0.881560219,-5.33289017,-5.28099132
0.00860443953,-0.915181037,-5.29580297,6.86789602,-6.86918036,-0.919297302,-5.33510742,-5.28197438
0.00860943953,-0.952059967,-5.29643567,6.86789513,-6.86927435,-0.956129348,-5.33703326,-5.28280768
0.00861443953,-0.987999329,-5.29694943,6.86789432,-6.86936128,-0.992020008,-5.33870915,-5.28352208
0.00861943953,-1.02296365,-5.29736408,6.86789357,-6.86944107,-1.02693386,-5.34016714,-5.28413738
0.00862443953,-1.05691844,-5.29769425,6.86789288,-6.86951362,-1.06083645,-5.34143229,-5.28466821
0.00862943953,-1.08983017,-5.29795146,6.86789227,-6.8695789,-1.09369433,-5.34252488,-5.2851261
0.00863443953,-1.12166637,-5.29814401,6.86789172,-6.86963689,-1.12547505,-5.34346142,-5.28551933
0.00863943953,-1.15239563,-5.29827925,6.86789123,-6.86968766,-1.15614726,-5.3442558,-5.28585527
0.00864443953,-1.18198761,-5.29836244,6.86789082,-6.86973128,-1.1856807,-5.34491978,-5.28613914
0.00864943953,-1.2104131,-5.2983987,6.86789047,-6.8697679,-1.21404621,-5.34546369,-5.2863761
0.00865443953,-1.23764407,-5.29839166,6.86789018,-6.86979772,-1.24121579,-5.34589662,-5.28656976
0.00865943953,-1.26365363,-5.29834526,6.86788995,-6.86982098,-1.26716265,-5.34622699,-5.28672405
0.00866443953,-1.28841612,-5.29826225,6.86788978,-6.86983799,-1.29186116,-5.34646254,-5.28684173
0.00866943953,-1.3119071,-5.29814592,6.86788967,-6.8698491,-1.31528696,-5.34661081,-5.2869261
0.00867443953,-1.33410338,-5.29799865,6.86788961,-6.86985471,-1.33741693,-5.346679,-5.28697951
0.00867943953,-1.35498307,-5.29782547,6.86788959,-6.86985615,-1.35822922,-5.3466925,-5.28700702
0.00868443953,-1.37452554,-5.2976352,6.86788959,-6.86985606,-1.37770331,-5.34669265,-5.28701742
0.00868943953,-1.39271153,-5.29743814,6.86788959,-6.86985608,-1.39581996,-5.34669558,-5.28702102
0.00869443953,-1.40952308,-5.29723897,6.86788959,-6.86985611,-1.4125613,-5.34669764,-5.2870225
0.00869943953,-1.42494361,-5.29703934,6.86788959,-6.86985609,-1.42791081,-5.34669967,-5.28702352
0.00870443953,-1.43895788,-5.29683931,6.86788959,-6.8698561,-1.44185334,-5.34670148,-5.28702413
0.00870943953,-1.45155208,-5.29663934,6.86788959,-6.8698561,-1.45437514,-5.34670313,-5.2870248
0.00871443953,-1.46271377,-5.29643915,6.86788959,-6.8698561,-1.46546383,-5.34670459,-5.28702523
0.00871943953,-1.47243193,-5.29623906,6.86788959,-6.8698561,-1.47510849,-5.34670588,-5.28702576
0.00872443953,-1.48069699,-5.29603877,6.86788959,-6.8698561,-1.48329958,-5.34670696,-5.28702608
0.00872943953,-1.48750078,-5.29583858,6.86788959,-6.8698561,-1.49002904,-5.34670788,-5.2870265
0.00873443953,-1.49283658,-5.2956382,6.86788959,-6.8698561,-1.49529021,-5.3467086,-5.28702671
0.00873943953,-1.49669913,-5.29543791,6.86788959,-6.86985611,-1.49907791,-5.34670915,-5.28702702
0.00874443953,-1.49908462,-5.29523744,6.86788959,-6.86985611,-1.50138839,-5.3467095,-5.28702712
0.00874943953,-1.4999907,-5.29503705,6.86788959,-6.86985612,-1.50221938,-5.34670967,-5.28702731
0.00875443953,-1.49941647,-5.29483648,6.86788959,-6.86985612,-1.50157005,-5.34670964,-5.2870273
0.00875943953,-1.49736249,-5.29463599,6.86788959,-6.86985613,-1.49944105,-5.34670944,-5.28702738
0.00876443953,-1.4938308,-5.29443533,6.86788959,-6.86985613,-1.49583448,-5.34670904,-5.28702726
0.00876943953,-1.48882487,-5.29423474,6.86788959,-6.86985614,-1.49075389,-5.34670847,-5.28702722
0.00877443953,-1.48234966,-5.29403398,6.86788959,-6.86985614,-1.4842043,-5.34670769,-5.28702699
0.00877943953,-1.47441155,-5.2938333,6.86788959,-6.86985615,-1.47619218,-5.34670675,-5.28702684
0.00878443953,-1.46501837,-5.29363245,6.86788959,-6.86985616,-1.46672543,-5.34670561,-5.2870265
0.00878943953,-1.45417939,-5.29343166,6.86788959,-6.86985617,-1.45581339,-5.34670429,-5.28702623
0.00879443953,-1.44190531,-5.29323072,6.86788959,-6.86985618,-1.44346684,-5.34670279,-5.28702579
0.00879943953,-1.42820825,-5.29302984,6.86788959,-6.86985619,-1.42969795,-5.34670111,-5.28702541
0.00880443953,-1.41310172,-5.2928288,6.86788959,-6.8698562,-1.41452031,-5.34669924,-5.28702486
0.00880943953,-1.39660063,-5.29262782,6.86788959,-6.86985621,-1.39794891,-5.34669721,-5.28702437
0.00881443953,-1.37872126,-5.29242669,6.86788959,-6.86985622,-1.3800001,-5.34669499,-5.28702371
0.00881943953,-1.35948126,-5.29222563,6.86788959,-6.86985623,-1.36069158,-5.34669261,-5.28702311
0.00882443953,-1.33889962,-5.29202441,6.86788959,-6.86985624,-1.34004242,-5.34669005,-5.28702236
0.00882943953,-1.31699664,-5.29182108,6.86788959,-6.8698553,-1.31807299,-5.34666787,-5.28701948
0.00883443953,-1.29379395,-5.29160771,6.86788963,-6.86985084,-1.29480498,-5.34658378,-5.28700655
0.00883943953,-1.26931444,-5.29137427,6.86788971,-6.86984088,-1.27026134,-5.34641521,-5.28697354
0.00884443953,-1.24358227,-5.29111377,6.86788984,-6.86982508,-1.24446631,-5.34615807,-5.28691347
0.00884943953,-1.21662283,-5.29082273,6.86789003,-6.86980314,-1.21744532,-5.34580414,-5.28682285
0.00885443953,-1.18846273,-5.29049799,6.86789028,-6.8697747,-1.18922506,-5.34534556,-5.28669851
0.00885943953,-1.15912977,-5.29013678,6.8678906,-6.86973953,-1.15983337,-5.34477379,-5.2865377
0.00886443953,-1.12865288,-5.28973583,6.86789097,-6.86969743,-1.12929926,-5.34407935,-5.28633712
0.00886943953,-1.09706215,-5.28929186,6.86789141,-6.86964825,-1.09765286,-5.3432516,-5.28609351
0.00887443953,-1.06438875,-5.28880075,6.86789192,-6.8695919,-1.06492539,-5.34227818,-5.28580275
0.00887943953,-1.03066493,-5.28825806,6.8678925,-6.86952833,-1.03114917,-5.34114462,-5.28546038
0.00888443953,-0.995923965,-5.28765805,6.86789314,-6.86945756,-0.996357523,-5.33983339,-5.28506067
0.00888943953,-0.960200144,-5.28699406,6.86789385,-6.86937964,-0.96058478,-5.33832311,-5.28459695
0.00889443953,-0.923528722,-5.28625735,6.86789462,-6.86929468,-0.923866248,-5.33658692,-5.2840605
0.00889943953,-0.885945889,-5.28543709,6.86789546,-6.86920282,-0.886238164,-5.33459052,-5.28344046
0.00890443953,-0.847488733,-5.28451864,6.86789635,-6.86910425,-0.847737661,-5.33228888,-5.2827222
0.00890943953,-0.808195209,-5.2834826,6.86789731,-6.86899918,-0.808402735,-5.32962131,-5.2818863
0.00891443953,-0.768104094,-5.28230146,6.86789833,-6.86888786,-0.768272205,-5.32650298,-5.28090528
0.00891943953,-0.727254952,-5.28093572,6.86789941,-6.86877057,-0.727385674,-5.3228105,-5.2797396
0.00892443953,-0.685688098,-5.2793246,6.86790053,-6.86864757,-0.685783492,-5.31835406,-5.27832848
0.00892943953,-0.643444553,-5.27736947,6.86790171,-6.86851911,-0.643506716,-5.31282023,-5.27657329
0.00893443953,-0.600566005,-5.27489374,6.86790294,-6.86838533,-0.600597068,-5.30563601,-5.27429741
0.00893943953,-0.557094771,-5.27153675,6.86790422,-6.8682462,-0.557096893,-5.29558308,-5.27114017
0.00894443953,-0.513073752,-5.26622763,6.86790555,-6.86810104,-0.513049122,-5.27848878,-5.26603062
0.00894735419,-0.487176026,-5.26098437,6.86790635,-6.86801303,-0.487136821,-5.25915162,-5.26090359
0.00894878258,-0.47442415,-5.25691788,6.86790675,-6.86796886,-0.474378079,-5.24020079,-5.25689401
0.00894949951,-0.468009316,-5.25401947,6.86790696,-6.86794654,-0.467959867,-5.22233319,-5.25402414
0.00894984389,-0.464924553,-5.25224159,6.86790706,-6.86793586,-0.464873498,-5.20804887,-5.25225997
0.00895015319,-0.462152188,-5.25027382,6.86790715,-6.86792643,-0.462099699,-5.18769586,-5.2503045
0.00895043716,-0.459605277,-5.24795485,6.86790723,-6.86791808,-0.45955148,-5.15682964,-5.24799683
0.00895078726,-0.456463284,-5.24387463,6.86790732,-6.86790844,-0.456407884,-5.10398675,-5.24393052
0.008950991,-0.454633733,-5.24053472,6.86790738,-6.86790314,-0.454577405,-5.07394419,-5.2405987
0.00895117497,-0.452981097,-5.23658967,6.86790743,-6.86789844,-0.452923934,-5.04915811,-5.23666095
0.00895137049,-0.451224103,-5.23123737,6.86790748,-6.86789344,-0.451166056,-5.02481628,-5.2313164
0.00895160611,-0.449105741,-5.22283162,6.86790754,-6.86788736,-0.449046634,-4.99748545,-5.22291999
0.00895182239,-0.447160467,-5.21264073,6.86790759,-6.86788181,-0.447100391,-4.9737115,-5.21273764
0.0089520474,-0.445135778,-5.19981368,6.86790765,-6.86787622,-0.445074698,-4.94983663,-5.19991947
0.00895217339,-0.444001723,-5.19195767,6.86790768,-6.86787325,-0.443940083,-4.93673391,-5.19206841
0.00895230117,-0.442851197,-5.1839018,6.86790771,-6.86787043,-0.44278899,-4.92358065,-5.18401757
0.00895244424,-0.441562779,-5.17505379,6.86790775,-6.86786752,-0.44149994,-4.90897766,-5.17517517
0.00895259431,-0.440210865,-5.16595973,6.86790778,-6.86786478,-0.440147364,-4.89376563,-5.16608699
0.00895273481,-0.43894477,-5.15748448,6.86790781,-6.86786249,-0.438880652,-4.87959661,-5.15761724
0.00895290279,-0.437430674,-5.14725585,6.86790784,-6.86786008,-0.43736582,-4.8627244,-5.14739516
0.00895309103,-0.435733378,-5.13563781,6.86790788,-6.86785778,-0.435667703,-4.84387877,-5.13578445
0.00895341503,-0.432810501,-5.11513895,6.86790794,-6.86785467,-0.432743419,-4.81153256,-5.11529817
0.00895372483,-0.430014086,-5.09495747,6.86790798,-6.86785251,-0.429945668,-4.78066602,-5.09512868
0.00895406898,-0.426905736,-5.0717619,6.86790802,-6.86785083,-0.426835844,-4.74640438,-5.07194636
0.00895447301,-0.423253887,-5.04360206,6.86790806,-6.86784955,-0.423182278,-4.70618567,-5.043802
0.00895528109,-0.41594203,-4.98442535,6.86790811,-6.86784837,-0.415867031,-4.62570445,-4.98465599
0.00895616506,-0.407931086,-4.91587324,6.86790814,-6.86784826,-0.407852447,-4.53755941,-4.91613703
0.00895762618,-0.39466234,-4.79550644,6.86790815,-6.86784906,-0.394577839,-4.39158998,-4.79582397
0.00896054843,-0.368026181,-4.53631173,6.86790813,-6.86785164,-0.36793054,-4.09862705,-4.53673256
0.00896436225,-0.333078133,-4.17495201,6.8679081,-6.86785542,-0.332969127,-3.71430933,-4.17549868
0.00896859106,-0.294104573,-3.75846684,6.86790806,-6.86785978,-0.293982313,-3.28575522,-3.75914059
0.00897359106,-0.247757838,-3.25581414,6.86790801,-6.86786506,-0.247622039,-2.77612813,-3.25662074
0.00897859106,-0.201166595,-2.7473452,6.86790796,-6.8678704,-0.201019583,-2.26379258,-2.7482655
0.00898359106,-0.154376826,-2.23538772,6.86790791,-6.86787578,-0.154220934,-1.74925211,-2.23640238
0.00898859106,-0.107434705,-1.72103289,6.86790786,-6.86788119,-0.107272278,-1.233009,-1.72212249
0.00899359106,-0.0603865592,-1.20493682,6.86790781,-6.86788662,-0.0602199463,-0.715574237,-1.20608184
0.00899859106,-0.0132788191,-0.687681752,6.86790776,-6.86789206,-0.0131103748,-0.197456799,-0.688862609
0.00900359106,0.0338420256,-0.16977403,6.86790771,-6.8678975,0.0340099456,0.320831115,-0.170971126
0.00900859106,0.0809294722,0.348251789,6.86790766,-6.86790295,0.0810945128,0.83877869,0.347058073
0.00901359106,0.127937051,0.865900632,6.86790761,-6.8679084,0.12809686,1.35587438,0.864729911
0.00901859106,0.174818372,1.38264475,6.86790756,-6.86791384,0.174970602,1.87160817,1.38151662
0.00902359106,0.221527168,1.89798952,6.86790751,-6.86791926,0.221669481,2.38547094,1.89692352
0.00902859106,0.268017343,2.41141195,6.86790746,-6.86792466,0.268147409,2.8969557,2.41042757
0.00903359106,0.314243018,2.92241879,6.86790741,-6.86793004,0.314358519,3.40555761,2.92153543
0.00903859106,0.360158573,3.43049334,6.86790736,-6.86793539,0.360257206,3.91077483,3.4297303
0.00904359106,0.405718695,3.93514571,6.86790731,-6.86794071,0.405798175,4.41210874,3.93452217
0.00904859106,0.450878421,4.4358672,6.86790726,-6.86794598,0.450936481,4.90906421,4.4354022
0.00905052747,0.468250891,4.62850461,6.86790731,-6.86794801,0.46830005,5.09940276,4.6281061
0.00905146184,0.476608992,4.71974776,6.86790811,-6.86794898,0.476653736,5.17425672,4.71938233
0.00905209643,0.48227608,4.77876747,6.86791013,-6.86794961,0.482317781,5.20278631,4.77842488
0.00905274239,0.488036893,4.83432128,6.86791438,-6.86795022,0.48807546,5.22139633,4.83400221
0.00905358939,0.495578392,4.89950052,6.8679235,-6.86795093,0.495612793,5.23772599,4.89921268
0.00905449822,0.503654794,4.96009229,6.86793719,-6.86795157,0.503684653,5.24992024,4.95983839
0.00905594616,0.516487976,5.03909292,6.8679649,-6.86795234,0.516510449,5.26335977,5.03889386
0.00905745851,0.529846432,5.10235955,6.86799878,-6.86795286,0.529860992,5.27314512,5.10221858
0.0090583481,0.537681869,5.13187346,6.86802016,-6.86795306,0.53769168,5.27768707,5.13176698
0.00905956548,0.54837714,5.16484156,6.86805068,-6.86795324,0.548380339,5.28291636,5.16478256
0.00906052631,0.556795834,5.1853512,6.86807588,-6.86795331,0.556793724,5.2864441,5.18532987
0.00906148555,0.565180381,5.20191684,6.86810226,-6.86795333,0.565172889,5.28956184,5.20193325
0.00906326898,0.580714219,5.2243591,6.86815495,-6.86795323,0.580696509,5.29454291,5.22444595
0.00906475597,0.593610337,5.23713409,6.86820213,-6.86795305,0.593583895,5.29808349,5.23727986
0.00906638509,0.607679654,5.24696012,6.86825581,-6.86795277,0.607643427,5.3014815,5.24717059
0.00906902627,0.630353288,5.25730512,6.86834321,-6.86795223,0.630300712,5.30618502,5.25762068
0.00907241443,0.65918444,5.26496249,6.86845099,-6.86795146,0.659110019,5.31116194,5.26541309
0.00907741443,0.701181902,5.2708936,6.86859727,-6.86795035,0.701073475,5.31703168,5.27154374
0.00908241443,0.742487382,5.27403898,6.8687309,-6.86794931,0.742342868,5.32171183,5.27488883
0.00908741443,0.783060117,5.27604531,6.86885548,-6.86794834,0.78287747,5.32557714,5.27709498
0.00909241443,0.822860066,5.27746038,6.86897277,-6.86794741,0.822637279,5.32881169,5.27870993
0.00909741443,0.861847952,5.27855318,6.8690833,-6.86794653,0.861583057,5.33157187,5.28000265
0.00910241443,0.899985297,5.27941768,6.86918702,-6.8679457,0.89967637,5.33395011,5.28106711
0.00910741443,0.937234466,5.28011554,6.86928389,-6.86794492,0.936879623,5.33601087,5.28196497
0.00911241443,0.973558698,5.28068122,6.8693738,-6.86794419,0.973156101,5.33780206,5.28273065
0.00911741443,1.00892214,5.28113893,6.86945661,-6.86794352,1.00847001,5.33936002,5.2833884
0.00912241443,1.04328991,5.28150597,6.86953223,-6.8679429,1.04278648,5.34071308,5.28395549
0.00912741443,1.07662807,5.28179475,6.86960059,-6.86794234,1.07607167,5.34188371,5.28444433
0.00913241443,1.10890373,5.28201544,6.86966168,-6.86794183,1.10829272,5.3428902,5.28486509
0.00913741443,1.14008503,5.28217534,6.86971551,-6.86794139,1.13941783,5.34374764,5.28522508
0.00914241443,1.17014121,5.28228109,6.86976217,-6.867941,1.16941629,5.34446881,5.28553091
0.00914741443,1.1990426,5.28233742,6.86980177,-6.86794066,1.19825848,5.34506471,5.28578733
0.00915241443,1.22676068,5.28234905,6.86983448,-6.86794039,1.22591596,5.34554503,5.28599905
0.00915741443,1.2532681,5.28231934,6.86986052,-6.86794016,1.25236142,5.34591849,5.28616943
0.00916241443,1.27853869,5.28225199,6.86988018,-6.86793999,1.27756876,5.34619318,5.28630216
0.00916741443,1.30254752,5.28214964,6.86989379,-6.86793987,1.30151311,5.34637673,5.28639989
0.00917241443,1.32527089,5.28201545,6.86990172,-6.86793979,1.32417083,5.34647648,5.28646578
0.00917741443,1.34668638,5.28185239,6.86990467,-6.86793976,1.34551958,5.3465054,5.2865028
0.00918241443,1.36677285,5.28166798,6.86990488,-6.86793975,1.36553827,5.34650436,5.28651846
0.00918741443,1.38551048,5.28147267,6.86990484,-6.86793976,1.38420716,5.3465046,5.2865232
0.00919241443,1.40288078,5.28127413,6.8699049,-6.86793976,1.40150781,5.34650459,5.28652472
0.00919741443,1.41886661,5.28107447,6.86990488,-6.86793976,1.41742316,5.34650458,5.2865251
0.00920241443,1.43345218,5.28087465,6.8699049,-6.86793976,1.4319375,5.3465046,5.28652531
0.00920741443,1.44662312,5.28067458,6.86990489,-6.86793976,1.44503651,5.34650459,5.28652528
0.00921241443,1.45836641,5.28047465,6.86990489,-6.86793976,1.45670725,5.34650459,5.28652537
0.00921741443,1.46867046,5.28027457,6.86990489,-6.86793976,1.46693822,5.34650459,5.2865253
0.00922241443,1.47752512,5.28007463,6.86990489,-6.86793976,1.47571931,5.34650459,5.28652537
0.00922741443,1.48492164,5.27987456,6.86990489,-6.86793976,1.48304186,5.34650459,5.2865253
0.00923241443,1.49085272,5.27967464,6.86990489,-6.86793976,1.48889864,5.34650459,5.28652537
0.00923741443,1.49531251,5.27947459,6.86990489,-6.86793976,1.49328387,5.34650459,5.2865253
0.00924241443,1.49829661,5.27927468,6.86990489,-6.86793976,1.49619323,5.34650459,5.28652537
0.00924741443,1.49980206,5.27907465,6.86990489,-6.86793976,1.49762384,5.34650459,5.2865253
0.00925241443,1.4998274,5.27887475,6.86990489,-6.86793976,1.49757429,5.34650459,5.28652537
0.00925741443,1.49837259,5.27867473,6.86990489,-6.86793976,1.49604463,5.34650459,5.28652531
0.00926241443,1.49543906,5.27847485,6.86990489,-6.86793976,1.49303638,5.34650459,5.28652536
0.00926741443,1.49102971,5.27827485,6.86990489,-6.86793976,1.48855249,5.34650459,5.28652531
0.00927241443,1.4851489,5.27807498,6.86990489,-6.86793976,1.4825974,5.34650459,5.28652536
0.00927741443,1.47780243,5.277875,6.86990489,-6.86793976,1.47517698,5.34650459,5.28652531
0.00928241443,1.46899754,5.27767514,6.86990489,-6.86793976,1.46629855,5.34650459,5.28652536
0.00928741443,1.45874293,5.27747517,6.86990489,-6.86793976,1.45597089,5.34650459,5.28652531
0.00929241443,1.44704872,5.27727533,6.86990489,-6.86793976,1.44420417,5.34650459,5.28652536
0.00929741443,1.43392645,5.27707538,6.86990489,-6.86793976,1.43101001,5.34650459,5.28652531
0.00930241443,1.41938906,5.27687555,6.86990489,-6.86793976,1.41640143,5.34650459,5.28652536
0.00930741443,1.40345091,5.27667562,6.86990489,-6.86793976,1.40039286,5.34650459,5.28652531
0.00931241443,1.38612772,5.2764758,6.86990489,-6.86793976,1.38300008,5.34650459,5.28652536
0.00931741443,1.36743659,5.27627589,6.86990489,-6.86793976,1.36424027,5.34650459,5.28652531
0.00932241443,1.34739596,5.27607608,6.86990489,-6.86793976,1.34413193,5.34650459,5.28652536
0.00932741443,1.32602562,5.27587541,6.86990456,-6.86793976,1.32269492,5.34649762,5.28652454
0.00933241443,1.30334665,5.2756686,6.86990179,-6.86793977,1.29995038,5.34644403,5.28651757
0.00933741443,1.27938143,5.27544511,6.86989396,-6.86793982,1.27592077,5.34630926,5.28649391
0.00934241443,1.25415362,5.2751967,6.86988038,-6.86793992,1.25062979,5.3460879,5.28644533
0.00934741443,1.22768812,5.27491878,6.86986082,-6.86794006,1.22410241,5.34577206,5.28636722
0.00935241443,1.20001103,5.27460837,6.86983487,-6.86794026,1.19636481,5.34535394,5.28625661
0.00935741443,1.17114967,5.27426236,6.86980229,-6.86794051,1.16744436,5.34482518,5.28611039
0.00936241443,1.14113253,5.27387789,6.86976285,-6.86794081,1.1373696,5.34417662,5.28592569
0.00936741443,1.10998924,5.27345148,6.86971638,-6.86794117,1.10617021,5.343398,5.28569904
0.00937241443,1.07775051,5.27297954,6.86966278,-6.86794158,1.07387699,5.34247754,5.28542684
0.00937741443,1.04444818,5.27245754,6.86960199,-6.86794205,1.04052179,5.34140147,5.28510457
0.00938241443,1.0101151,5.27188042,6.86953399,-6.86794258,1.00613754,5.34015332,5.28472716
0.00938741443,0.974785166,5.27124168,6.86945882,-6.86794316,0.970758182,5.33871298,5.28428809
0.00939241443,0.938493232,5.27053353,6.86937658,-6.8679438,0.934418617,5.33705549,5.2837796
0.00939741443,0.901275118,5.26974572,6.86928739,-6.8679445,0.897154712,5.33514909,5.28319142
0.00940241443,0.863167555,5.26886522,6.86919143,-6.86794524,0.859003243,5.33295249,5.28251051
0.00940741443,0.82420815,5.26787421,6.8690889,-6.86794603,0.820001861,5.33041048,5.28171906
0.00941241443,0.784435351,5.26674842,6.86898004,-6.86794687,0.780189055,5.32744683,5.28079279
0.00941741443,0.743888408,5.2654527,6.86886512,-6.86794776,0.739604116,5.32395208,5.27969654
0.00942241443,0.702607338,5.26393464,6.8687444,-6.86794868,0.698287096,5.31976102,5.2783779
0.00942741443,0.660632879,5.26211029,6.86861814,-6.86794965,0.656278771,5.31460728,5.27675291
0.00943241443,0.618006455,5.25983483,6.86848655,-6.86795064,0.613620598,5.30802085,5.27467672
0.00943741443,0.574770134,5.25682554,6.86834965,-6.86795166,0.570354675,5.29905454,5.27186661
0.00944241443,0.530966583,5.25233512,6.86820706,-6.8679527,0.526523701,5.28487206,5.26757523
0.00944682831,0.491860996,5.24510946,6.86807514,-6.86795362,0.487395736,5.25954791,5.26052508
0.00944849056,0.477034261,5.24022996,6.86802384,-6.86795396,0.472561022,5.23628067,5.2557116
0.00944927992,0.469975172,5.2366816,6.86799941,-6.8679541,0.46549823,5.21162367,5.25219457
0.00944962365,0.466897622,5.23458762,6.86798894,-6.86795416,0.462419085,5.19089194,5.25011422
0.00944991002,0.464331975,5.23234779,6.8679805,-6.8679542,0.459852118,5.16164856,5.24788575
0.00945021835,0.461567851,5.22903491,6.86797195,-6.86795424,0.45708658,5.11623984,5.24458509
0.00945043308,0.459641888,5.22586263,6.86796634,-6.86795426,0.455159637,5.08371521,5.2414213
0.00945061404,0.458018126,5.22235635,6.86796173,-6.86795426,0.453535053,5.05855131,5.23792219
0.00945080419,0.456311233,5.21766709,6.86795691,-6.86795427,0.451827299,5.03418949,5.23324045
0.00945102347,0.454342106,5.21067461,6.86795132,-6.86795426,0.449857183,5.00812055,5.22625663
0.00945124063,0.452391146,5.20154428,6.86794575,-6.86795424,0.447905248,4.98379267,5.21713487
0.00945146712,0.450355424,5.18962531,6.86794005,-6.86795422,0.445868515,4.95945889,5.20522481
0.00945166448,0.448580889,5.17759433,6.86793532,-6.86795418,0.444093101,4.93882668,5.19320159
0.00945178567,0.447490822,5.16995177,6.8679326,-6.86795416,0.443002496,4.92634082,5.18556377
0.00945191159,0.446357903,5.16211254,6.86792997,-6.86795413,0.44186902,4.91347234,5.17772947
0.00945205589,0.445059377,5.15330532,6.86792721,-6.86795409,0.440569857,4.89882833,5.16892789
0.00945223364,0.443459239,5.14256406,6.86792419,-6.86795404,0.438968938,4.88089851,5.15819356
0.0094523948,0.442008031,5.13278725,6.8679218,-6.86795398,0.437517024,4.86471952,5.14842303
0.00945260255,0.440136604,5.11997607,6.86791917,-6.86795391,0.435644689,4.84393484,5.13561991
0.00945282025,0.438174755,5.10630524,6.86791688,-6.86795382,0.433681894,4.82221266,5.12195751
0.0094531428,0.435266436,5.08548445,6.86791423,-6.86795367,0.430772181,4.7900876,5.10114918
0.00945352041,0.43185945,5.06027615,6.86791201,-6.86795348,0.427363575,4.7525223,5.07595538
0.00945403227,0.427237327,5.02464935,6.86791004,-6.86795318,0.422739275,4.70161481,5.04034814
0.00945461663,0.421955174,4.98210064,6.86790874,-6.8679528,0.417454668,4.64347298,4.99782158
0.00945554035,0.413593757,4.91122627,6.86790776,-6.86795212,0.409089432,4.55146575,4.92698183
0.00945717412,0.398771192,4.77716389,6.86790725,-6.86795079,0.394260305,4.38839943,4.7929794
0.00946024952,0.370756581,4.50387272,6.86790721,-6.86794797,0.366233998,4.08027389,4.51979636
0.00946372102,0.338967998,4.17487401,6.86790726,-6.86794455,0.334433252,3.73069633,4.19091176
0.00946872102,0.292903387,3.68246548,6.8679073,-6.86793939,0.28835307,3.22416529,3.69865204
0.00947372102,0.246549717,3.17909141,6.86790735,-6.86793411,0.241986139,2.71445,3.19540793
0.00947872102,0.199952731,2.6703294,6.8679074,-6.86792876,0.195378217,2.20204479,2.6867567
0.00948372102,0.153158416,2.15824183,6.86790745,-6.86792338,0.148575302,1.68744223,2.17476059
0.00948872102,0.106212953,1.64379278,6.8679075,-6.86791797,0.101623582,1.17115313,1.66038355
0.00949372102,0.0591626699,1.12764342,6.86790755,-6.86791254,0.054569392,0.653683334,1.14428667
0.00949872102,0.0120540005,0.610336794,6.8679076,-6.8679071,0.00745917004,0.135545439,0.627012963
0.00950372102,-0.0350665647,0.0924056437,6.86790765,-6.86790165,-0.039660592,-0.38275059,0.109095122
0.00950872102,-0.0821525234,-0.425643141,6.8679077,-6.8678962,-0.0867433924,-0.900692383,-0.408959975
0.00951372102,-0.129157408,-0.943289435,6.86790775,-6.86789076,-0.133742766,-1.41776934,-0.926632195
0.00951872102,-0.176034829,-1.46002896,6.8679078,-6.86788532,-0.180612331,-1.93347079,-1.44341723
0.00952372102,-0.222738525,-1.97534522,6.86790785,-6.8678799,-0.227305831,-2.447288,-1.95879856
0.00952872102,-0.269222405,-2.48873539,6.8679079,-6.86787449,-0.273777186,-2.95871376,-2.47227328
0.00953372102,-0.315440595,-2.99968754,6.86790795,-6.86786911,-0.319980534,-3.46724338,-2.98332938
0.00953872102,-0.361347484,-3.50770206,6.867908,-6.86786376,-0.365870278,-3.97237498,-3.49146714
0.00954372102,-0.406897766,-4.01227341,6.86790805,-6.86785845,-0.41140113,-4.47361002,-3.99618092
0.00954872102,-0.452046489,-4.51290569,6.8679081,-6.86785318,-0.456528156,-4.97044924,-4.49697466
0.00955064759,-0.469326283,-4.70353751,6.86790811,-6.86785173,-0.473798989,-5.15369341,-4.68767374
0.00955147685,-0.476743109,-4.78223969,6.86790811,-6.86785277,-0.481211856,-5.1982708,-4.76640571
0.00955235146,-0.484551426,-4.85764775,6.8679081,-6.86785761,-0.48901593,-5.22372824,-4.84184571
0.0095531426,-0.491601999,-4.91788684,6.86790806,-6.86786575,-0.496062607,-5.23848732,-4.90211409
0.00955401803,-0.499389521,-4.97603199,6.86790798,-6.86787839,-0.503845753,-5.25009446,-4.96029205
0.00955528154,-0.510602688,-5.04591805,6.86790781,-6.86790157,-0.515052483,-5.26205915,-5.03022607
0.00955661561,-0.522407025,-5.10443687,6.86790758,-6.86793025,-0.52684987,-5.27118055,-5.08879619
0.00955742848,-0.529581684,-5.13352453,6.86790742,-6.86794912,-0.534020218,-5.27563317,-5.11791537
0.00955874283,-0.541153178,-5.17206513,6.86790714,-6.86798115,-0.545584618,-5.28162653,-5.15650728
0.0095596045,-0.548719409,-5.19206849,6.86790695,-6.86800317,-0.553146115,-5.2849588,-5.17654446
0.00956047569,-0.556352794,-5.20889508,6.86790674,-6.86802639,-0.560774649,-5.28796023,-5.19340538
0.00956212371,-0.570747085,-5.23277088,6.86790633,-6.86807347,-0.57515958,-5.2928618,-5.21734637
0.00956360303,-0.583615761,-5.24761977,6.86790593,-6.86811918,-0.588019653,-5.29660679,-5.23225398
0.00956515607,-0.597071531,-5.25861662,6.86790548,-6.86816976,-0.601466187,-5.3000389,-5.24331263
0.0095673024,-0.615573742,-5.26888387,6.86790482,-6.86824126,-0.619955291,-5.30414042,-5.25366548
0.00957028654,-0.64111145,-5.27761095,6.86790391,-6.86833892,-0.645474119,-5.30892807,-5.26251176
0.00957437863,-0.675762634,-5.2842235,6.86790273,-6.86846444,-0.680098183,-5.31427521,-5.26928803
0.00957937863,-0.717493164,-5.28850295,6.86790141,-6.86860473,-0.721793667,-5.31950644,-5.27376772
0.00958437863,-0.758515614,-5.29103285,6.86790019,-6.86873421,-0.762779005,-5.32376957,-5.27649799
0.00958937863,-0.798789502,-5.29268041,6.86789906,-6.86885575,-0.803013749,-5.32729798,-5.278346
0.00959437863,-0.83827508,-5.29393592,6.86789798,-6.86897037,-0.842458192,-5.33029073,-5.27980201
0.00959937863,-0.876933382,-5.29491101,6.86789697,-6.86907815,-0.881073408,-5.3328598,-5.28097765
0.00960437863,-0.914726257,-5.29569566,6.86789603,-6.86917912,-0.918821287,-5.33508107,-5.28196288
0.00960937863,-0.951616407,-5.29633002,6.86789515,-6.86927319,-0.955664577,-5.33701032,-5.28279785
0.00961437863,-0.987567427,-5.29684516,6.86789433,-6.86936021,-0.991566918,-5.33868915,-5.28351362
0.00961937863,-1.02254384,-5.29726097,6.86789358,-6.86944009,-1.02649288,-5.34014973,-5.28413007
0.00962437863,-1.05651112,-5.29759214,6.86789289,-6.86951274,-1.06040799,-5.34141719,-5.28466189
0.00962937863,-1.08943575,-5.29785023,6.86789227,-6.86957811,-1.09327878,-5.34251187,-5.28512066
0.00963437863,-1.12128525,-5.29804354,6.86789172,-6.86963619,-1.12507282,-5.3434503,-5.28551465
0.00963937863,-1.15202816,-5.29817949,6.86789124,-6.86968705,-1.15575872,-5.34424641,-5.28585129
0.00964437863,-1.18163417,-5.2982633,6.86789082,-6.86973076,-1.1853062,-5.34491198,-5.28613579
0.00964937863,-1.21007405,-5.29830015,6.86789047,-6.86976747,-1.2136861,-5.34545737,-5.28637333
0.00965437863,-1.23731973,-5.29829364,6.86789018,-6.86979737,-1.24087042,-5.34589168,-5.28656751
0.00965937863,-1.26334432,-5.29824773,6.86788995,-6.86982072,-1.26683232,-5.34622331,-5.28672229
0.00966437863,-1.28812214,-5.29816516,6.86788978,-6.8698378,-1.29154619,-5.34646004,-5.28684042
0.00966937863,-1.31162875,-5.29804927,6.86788967,-6.86984899,-1.31498763,-5.3466094,-5.28692521
0.00967437863,-1.33384093,-5.29790238,6.86788961,-6.86985467,-1.33713352,-5.34667859,-5.286979
0.00967937863,-1.35473678,-5.29772951,6.86788959,-6.86985615,-1.35796199,-5.3466925,-5.2870068
0.00968437863,-1.37429566,-5.29753938,6.86788959,-6.86985606,-1.37745249,-5.34669261,-5.28701734
0.00968937863,-1.39249828,-5.29734237,6.86788959,-6.86985607,-1.39558578,-5.34669555,-5.28702099
0.00969437863,-1.40932668,-5.29714321,6.86788959,-6.86985611,-1.41234398,-5.34669761,-5.28702248
0.00969937863,-1.42476423,-5.29694359,6.86788959,-6.86985609,-1.42771054,-5.34669964,-5.28702351
0.00970437863,-1.43879572,-5.29674356,6.86788959,-6.8698561,-1.44167029,-5.34670146,-5.28702412
0.00970937863,-1.45140729,-5.2965436,6.86788959,-6.8698561,-1.45420946,-5.34670311,-5.28702479
0.00971437863,-1.46258649,-5.29634341,6.86788959,-6.8698561,-1.46531568,-5.34670457,-5.28702522
0.00971937863,-1.4723223,-5.29614333,6.86788959,-6.8698561,-1.47497798,-5.34670586,-5.28702576
0.00972437863,-1.48060511,-5.29594304,6.86788959,-6.8698561,-1.48318684,-5.34670695,-5.28702608
0.00972937863,-1.48742673,-5.29574286,6.86788959,-6.8698561,-1.48993414,-5.34670787,-5.2870265
0.00973437863,-1.49278045,-5.29554248,6.86788959,-6.8698561,-1.49521322,-5.34670859,-5.28702671
0.00973937863,-1.49666097,-5.2953422,6.86788959,-6.86985611,-1.49901889,-5.34670914,-5.28702701
0.00974437863,-1.49906447,-5.29514172,6.86788959,-6.86985611,-1.50134738,-5.34670949,-5.28702712
0.00974937863,-1.49998857,-5.29494135,6.86788959,-6.86985612,-1.5021964,-5.34670967,-5.28702731
0.00975437863,-1.49943236,-5.29474078,6.86788959,-6.86985612,-1.5015651,-5.34670964,-5.2870273
0.00975937863,-1.4973964,-5.2945403,6.86788959,-6.86985613,-1.49945411,-5.34670944,-5.28702738
0.00976437863,-1.49388268,-5.29433963,6.86788959,-6.86985613,-1.49586552,-5.34670905,-5.28702726
0.00976937863,-1.48889469,-5.29413906,6.86788959,-6.86985614,-1.49080286,-5.34670847,-5.28702722
0.00977437863,-1.48243733,-5.2939383,6.86788959,-6.86985614,-1.48427113,-5.3467077,-5.28702699
0.00977937863,-1.47451699,-5.29373762,6.86788959,-6.86985615,-1.47627677,-5.34670676,-5.28702684
0.00978437863,-1.46514148,-5.29353677,6.86788959,-6.86985616,-1.46682768,-5.34670562,-5.2870265
0.00978937863,-1.45432005,-5.29333599,6.86788959,-6.86985617,-1.45593319,-5.34670431,-5.28702624
0.00979437863,-1.44206338,-5.29313505,6.86788959,-6.86985618,-1.44360403,-5.3467028,-5.28702579
0.00979937863,-1.42838357,-5.29293417,6.86788959,-6.86985619,-1.42985239,-5.34670113,-5.28702542
0.00980437863,-1.41329412,-5.29273314,6.86788959,-6.8698562,-1.41469182,-5.34669926,-5.28702486
0.00980937863,-1.39680992,-5.29253217,6.86788959,-6.86985621,-1.3981373,-5.34669724,-5.28702438
0.00981437863,-1.37894723,-5.29233104,6.86788959,-6.86985622,-1.38020516,-5.34669502,-5.28702372
0.00981937863,-1.35972369,-5.29212998,6.86788959,-6.86985623,-1.36091309,-5.34669264,-5.28702312
0.00982437863,-1.33915827,-5.29192877,6.86788959,-6.86985624,-1.34028014,-5.34669008,-5.28702236
0.00982937863,-1.31727126,-5.2917255,6.86788959,-6.86985533,-1.31832666,-5.34666837,-5.28701954
0.00983437863,-1.29408426,-5.29151231,6.86788962,-6.86985092,-1.29507433,-5.3465852,-5.28700679
0.00983937863,-1.26962015,-5.29127914,6.86788971,-6.86984102,-1.27054609,-5.34641759,-5.28697406
0.00984437863,-1.24390309,-5.29101897,6.86788984,-6.86982529,-1.24476614,-5.34616152,-5.28691431
0.00984937863,-1.21695844,-5.29072831,6.86789003,-6.86980343,-1.21775993,-5.34580874,-5.28682406
0.00985437863,-1.1888128,-5.29040398,6.86789028,-6.86977506,-1.18955411,-5.34535142,-5.28670013
0.00985937863,-1.15949395,-5.29004322,6.86789059,-6.86973998,-1.16017652,-5.34478101,-5.28653975
0.00986437863,-1.12903081,-5.28964274,6.86789097,-6.86969795,-1.12965614,-5.34408805,-5.28633965
0.00986937863,-1.09745346,-5.2891993,6.86789141,-6.86964886,-1.0980231,-5.34326191,-5.28609656
0.00987437863,-1.06479306,-5.28870877,6.86789192,-6.86959259,-1.06530861,-5.34229028,-5.28580637
0.00987937863,-1.03108183,-5.28816671,6.86789249,-6.86952911,-1.03154497,-5.34115867,-5.28546464
0.00988437863,-0.996353049,-5.2875674,6.86789313,-6.86945842,-0.99676548,-5.33984964,-5.28506563
0.00988937863,-0.960640989,-5.28690421,6.86789384,-6.86938059,-0.961004477,-5.33834182,-5.28460271
0.00989437863,-0.923980891,-5.28616841,6.86789461,-6.86929571,-0.924297249,-5.33660845,-5.28406716
0.00989937863,-0.886408936,-5.28534921,6.86789545,-6.86920393,-0.886680021,-5.33461534,-5.28344818
0.00990437863,-0.847962202,-5.28443201,6.86789634,-6.86910543,-0.848189918,-5.33231758,-5.28273116
0.00990937863,-0.808678632,-5.28339749,6.8678973,-6.86900043,-0.808864923,-5.32965472,-5.28189679
0.00991437863,-0.768596994,-5.28221825,6.86789832,-6.86888919,-0.768743846,-5.32654229,-5.28091766
0.00991937863,-0.727756844,-5.28085497,6.86789939,-6.86877197,-0.727866282,-5.32285746,-5.27975443
0.00992437863,-0.686198485,-5.27924719,6.86790052,-6.86864904,-0.686272572,-5.31841144,-5.27834665
0.00992937863,-0.643962931,-5.2772969,6.8679017,-6.86852064,-0.644003763,-5.3128928,-5.2765963
0.00993437863,-0.601091864,-5.2748288,6.86790292,-6.86838692,-0.60110157,-5.305733,-5.27432805
0.00993937863,-0.557627591,-5.27148563,6.8679042,-6.86824785,-0.557608331,-5.29572583,-5.27118462
0.00994437863,-0.513613008,-5.26621176,6.86790553,-6.86810277,-0.51356697,-5.27876393,-5.26611033
0.00994735026,-0.487211056,-5.26088563,6.86790635,-6.86801307,-0.487150151,-5.25916904,-5.26090269
0.009948789,-0.474366805,-5.25678268,6.86790676,-6.86796858,-0.474298984,-5.24003786,-5.25685706
0.00994950763,-0.467936631,-5.25386488,6.86790696,-6.8679462,-0.467865425,-5.22197962,-5.25396787
0.00994984944,-0.464874801,-5.25209109,6.86790706,-6.86793561,-0.464802001,-5.20764038,-5.25220768
0.00995015707,-0.462117344,-5.25012388,6.86790715,-6.86792623,-0.462043118,-5.18716371,-5.25025271
0.00995044284,-0.459554304,-5.24777348,6.86790723,-6.86791784,-0.459478762,-5.1557416,-5.24791367
0.00995079131,-0.456426884,-5.24367689,6.86790733,-6.86790826,-0.456349747,-5.10299095,-5.24383093
0.00995099309,-0.45461493,-5.2403449,6.86790738,-6.86790301,-0.454536873,-5.07330896,-5.24050696
0.00995117696,-0.452963194,-5.23637878,6.86790743,-6.86789831,-0.452884304,-5.04858714,-5.23654813
0.00995137245,-0.451206498,-5.23099664,6.86790748,-6.86789331,-0.451126723,-5.02429074,-5.23117375
0.009951609,-0.449079804,-5.22250812,6.86790754,-6.86788722,-0.448998966,-4.99688945,-5.22269459
0.00995182545,-0.447132958,-5.21224874,6.8679076,-6.86788166,-0.447051149,-4.97312141,-5.21244377
0.00995205053,-0.445107623,-5.19936844,6.86790765,-6.86787608,-0.445024811,-4.94925632,-5.19957234
0.00995217499,-0.443987273,-5.19159924,6.86790768,-6.86787316,-0.443903908,-4.93631791,-5.19180804
0.00995230311,-0.442833737,-5.18352568,6.86790771,-6.86787033,-0.442749804,-4.92313433,-5.18373952
0.00995244825,-0.44152668,-5.17455709,6.86790775,-6.8678674,-0.441442105,-4.90832457,-5.17477662
0.00995259945,-0.440164507,-5.16540037,6.86790778,-6.86786464,-0.440079266,-4.89300168,-5.16562583
0.00995273863,-0.438910379,-5.15700514,6.86790781,-6.86786239,-0.438824526,-4.87896981,-5.15723604
0.00995290744,-0.43738877,-5.14672054,6.86790785,-6.86785999,-0.437302178,-4.86201659,-5.14695803
0.00995309529,-0.435694939,-5.13512017,6.86790788,-6.86785771,-0.435607527,-4.84321168,-5.13536497
0.00995339544,-0.432987345,-5.11614416,6.86790793,-6.86785481,-0.43289863,-4.81324717,-5.11640062
0.00995371952,-0.430062002,-5.09504188,6.86790798,-6.86785253,-0.429971888,-4.78095497,-5.09531087
0.00995411635,-0.426477727,-5.06824627,6.86790803,-6.86785063,-0.426385914,-4.74144938,-5.06853054
0.00995454245,-0.422626049,-5.0383898,6.86790807,-6.86784938,-0.422532428,-4.69903391,-5.03869038
0.00995539464,-0.414913634,-4.97554828,6.86790811,-6.8678483,-0.414816446,-4.61414859,-4.97588118
0.00995625758,-0.407091921,-4.90819904,6.86790814,-6.86784829,-0.406991187,-4.52808785,-4.90856426
0.00995798345,-0.391412821,-4.76470441,6.86790815,-6.86784933,-0.391305199,-4.35560675,-4.76513286
0.0099614352,-0.359918391,-4.45396791,6.86790812,-6.8678525,-0.359797807,-4.00922341,-4.45451689
0.00996504927,-0.326761669,-4.10776655,6.86790809,-6.86785612,-0.326628682,-3.64461243,-4.10843274
0.00997004927,-0.280615822,-3.61249504,6.86790804,-6.86786131,-0.28046766,-3.13719723,-3.61330744
0.00997504927,-0.234193042,-3.10767192,6.86790799,-6.86786661,-0.234032019,-2.62672613,-3.1086116
0.00998004927,-0.187539142,-2.59801036,6.86790794,-6.86787197,-0.187367586,-2.11369812,-2.5990581
0.00998504927,-0.140700163,-2.08525886,6.86790789,-6.86787736,-0.140520411,-1.59860711,-2.0863953
0.00999004927,-0.09372233,-1.57033583,6.86790784,-6.86788277,-0.0935367289,-1.08196489,-1.5715415
0.00999504927,-0.0466520044,-1.05384178,6.86790779,-6.8678882,-0.0464629051,-0.564277577,-1.05509716
0.01,-3.6739404e-15,-0.541448315,6.86790774,-6.86789359,0.000190242832,-0.0511654224,-0.542733607
