tiempo_s,entrada_v,entrada_pcm1808_v,riel_positivo_v,riel_negativo_v,entrada_no_inversora_v,salida_etapa_a_v,salida_etapa_b_v
0,0,0,8.9657501,-8.96574855,-3.90133279e-05,-0.000308051572,-0.000297254453
5e-08,0.00047123889,1.35650671e-06,8.9657501,-8.96574855,0.000432225327,-8.32059604e-07,-0.000295897946
5.03641445e-08,0.000474670871,1.40679813e-06,8.9657501,-8.96574855,0.000435657306,1.42179818e-06,-0.000295847654
5.10924335e-08,0.000481534833,1.31739115e-06,8.9657501,-8.96574855,0.000442521264,5.96256731e-06,-0.000295937061
5.25490115e-08,0.000495262757,1.43660043e-06,8.9657501,-8.96574855,0.000456249181,1.52450986e-05,-0.000295817852
5.54621676e-08,0.000522718604,1.5111062e-06,8.9657501,-8.96574855,0.000483705013,3.46392094e-05,-0.000295743346
6.12884796e-08,0.000577630298,1.69737064e-06,8.9657501,-8.96574855,0.000538616675,7.69176719e-05,-0.000295557082
7.29411038e-08,0.000687453683,2.15185589e-06,8.9657501,-8.96574855,0.000648439987,0.000176486319,-0.000295102596
9.62463521e-08,0.000907100443,3.44825642e-06,8.9657501,-8.96574855,0.00086808656,0.000440425014,-0.000293806195
1.42856849e-07,0.0013463939,8.8173289e-06,8.9657501,-8.96574855,0.00130737949,0.00123686824,-0.000288437121
2.03228648e-07,0.00191538436,2.53706485e-05,8.9657501,-8.96574855,0.00187636897,0.00278308032,-0.000271883793
2.81655054e-07,0.00265453496,7.41491045e-05,8.9657501,-8.96574855,0.00261551777,0.00557270932,-0.000223105308
3.58307978e-07,0.00337697028,0.000164014213,8.9657501,-8.96574855,0.00333795079,0.00904558734,-0.00013324013
4.40995245e-07,0.00415627695,0.000321319799,8.9657501,-8.96574855,0.00411725434,0.0134974101,2.40656082e-05
5.35150052e-07,0.00504366091,0.000591345278,8.9657501,-8.96574855,0.00500463397,0.0193207551,0.000294091413
6.71649335e-07,0.00633012706,0.00118234898,8.9657501,-8.96574855,0.00629109236,0.0289170892,0.000885096029
8.38345213e-07,0.00790118095,0.00226322581,8.9657501,-8.96574856,0.00786213438,0.0420791986,0.00196597504
1.10901161e-06,0.0104521036,0.00494694666,8.9657501,-8.96574856,0.0104130322,0.0657576725,0.00464970327
1.46886107e-06,0.0138434929,0.0103915842,8.9657501,-8.96574858,0.0138043778,0.0999618936,0.0100943617
1.88702882e-06,0.017784411,0.019433018,8.9657501,-8.9657486,0.0177452297,0.141731028,0.0191358428
2.40086931e-06,0.0226268019,0.0343767395,8.9657501,-8.96574864,0.0225875169,0.194321488,0.034079669
3.0603041e-06,0.0288409093,0.05922913,8.9657501,-8.96574869,0.0288014545,0.262525052,0.0589322933
3.9926731e-06,0.0376261105,0.103835422,8.9657501,-8.96574879,0.0375863459,0.359275695,0.103539161
5.4022606e-06,0.0509053302,0.188353367,8.9657501,-8.96574898,0.0508649416,0.505572953,0.188058666
7.39908917e-06,0.0697096555,0.334206661,8.9657501,-8.96574929,0.0696680628,0.712650249,0.333915912
9.95449406e-06,0.0937577384,0.550623264,8.9657501,-8.96574976,0.0937140571,0.977363602,0.550341081
1.2998492e-05,0.122371752,0.834184109,8.9657501,-8.96575036,0.122324781,1.29224746,0.833917892
1.66139449e-05,0.156298517,1.18979439,8.9657501,-8.96575112,0.156246509,1.66553459,1.18955589
2.10874455e-05,0.1981635,1.64210335,8.96575009,-8.96575208,0.198103564,2.12613238,1.64191284
2.60874455e-05,0.244768893,2.15297202,8.96575009,-8.96575316,0.244697885,2.63888447,2.15285338
3.10874455e-05,0.291132729,2.66416431,8.96575009,-8.96575424,0.291048326,3.14899745,2.66413691
3.60874455e-05,0.337209252,3.17343971,8.96575009,-8.96575532,0.337109143,3.65597316,3.17352287
4.10874455e-05,0.38295299,3.67976806,8.96575009,-8.9657564,0.38283488,4.15931427,3.67998102
4.60874455e-05,0.4283188,4.18248956,8.96575008,-8.96575746,0.428180413,4.65852405,4.18285142
5.10874455e-05,0.47326191,4.68105937,8.96575008,-8.96575852,0.473100989,5.15311046,4.6815891
5.60874455e-05,0.517737969,5.17497075,8.96575008,-8.96575957,0.51755228,5.6425852,5.17568715
6.10874455e-05,0.561703082,5.66373179,8.96575008,-8.9657606,0.561490415,6.12646543,5.66465347
6.60874455e-05,0.605113863,6.14685883,8.96575008,-8.96576162,0.604872034,6.60427353,6.14800419
7.10874455e-05,0.647927469,6.62387261,8.96575007,-8.96576264,0.647654325,7.07553195,6.62525984
7.30163239e-05,0.66427529,6.80514621,8.96575025,-8.96576302,0.663989496,7.2491764,6.80663156
7.38568618e-05,0.671368719,6.88094534,8.96575095,-8.96576318,0.671077313,7.29372275,6.88247427
7.47460249e-05,0.678852118,6.95393554,8.96575274,-8.96576333,0.678554712,7.31953931,6.95551106
7.55453311e-05,0.685561183,7.01193551,8.96575506,-8.96576345,0.685258326,7.33443193,7.01355332
7.64332939e-05,0.692994113,7.06814925,8.9657582,-8.96576357,0.692685138,7.34617412,7.06981441
7.78982198e-05,0.705209411,7.14420923,8.96576417,-8.96576372,0.704890199,7.35965003,7.14595326
7.94266157e-05,0.717890253,7.20496458,8.96577103,-8.96576384,0.71756017,7.36943181,7.20679168
8.02889644e-05,0.725015875,7.23216559,8.96577508,-8.9657639,0.724679573,7.37379291,7.23403985
8.1492485e-05,0.734924985,7.26328195,8.96578098,-8.96576396,0.734579901,7.37892796,7.26522229
8.25197817e-05,0.743349943,7.28410763,8.96578628,-8.965764,0.742997269,7.38265783,7.28610458
8.35373942e-05,0.751664948,7.30055922,8.96579185,-8.96576403,0.751304671,7.38590072,7.30261238
8.53769639e-05,0.766618024,7.32199048,8.96580267,-8.96576408,0.766243788,7.39090448,7.32414554
8.69808606e-05,0.77957191,7.33456831,8.96581267,-8.9657641,0.779185279,7.39459182,7.33681242
8.86798e-05,0.793207034,7.34377927,8.96582341,-8.96576412,0.792807049,7.39798642,7.34611783
9.15257896e-05,0.8158447,7.35362735,8.96584102,-8.96576413,0.815421829,7.40279744,7.35612435
9.55208467e-05,0.847180572,7.36120117,8.96586416,-8.96576413,0.846724497,7.40824732,7.36392085
0.000100520847,0.885644505,7.36598217,8.96589052,-8.96576413,0.885145132,7.41363554,7.36898077
0.000105520847,0.923234415,7.36863989,8.96591473,-8.96576413,0.922689844,7.41797256,7.37191756
0.000110520847,0.959913203,7.37023127,8.96593739,-8.96576412,0.95932158,7.42152187,7.37378808
0.000115520847,0.995644673,7.37139953,8.96595871,-8.96576411,0.99500419,7.42451033,7.37523554
0.000120520847,1.03039356,7.37226135,8.96597874,-8.9657641,1.02970246,7.42706244,7.37637659
0.000125520847,1.06412558,7.37292643,8.96599752,-8.96576409,1.06338215,7.42926186,7.37732094
0.000130520847,1.09680743,7.373437,8.96601506,-8.96576408,1.09601001,7.43116972,7.3781108
0.000135520847,1.12840686,7.37383013,8.96603136,-8.96576407,1.12755385,7.43283198,7.37878323
0.000140520847,1.1588927,7.37412642,8.96604642,-8.96576406,1.15798255,7.43428387,7.37935884
0.000145520847,1.18823484,7.37434344,8.96606026,-8.96576406,1.18726606,7.43555335,7.37985519
0.000150520847,1.21640435,7.37449292,8.9660729,-8.96576405,1.21537549,7.43666287,7.380284
0.000155520847,1.2433734,7.37458506,8.96608435,-8.96576404,1.24228311,7.43763107,7.38065548
0.000160520847,1.2691154,7.37462713,8.96609466,-8.96576403,1.26796235,7.43847356,7.3809769
0.000165520847,1.29360494,7.37462587,8.96610385,-8.96576403,1.29238787,7.43920379,7.38125497
0.000170520847,1.31681784,7.37458611,8.96611198,-8.96576402,1.31553558,7.43983345,7.38149455
0.000175520847,1.3387312,7.37451269,8.96611911,-8.96576402,1.33738261,7.44037299,7.38170047
0.000180520847,1.3593234,7.37440909,8.96612528,-8.96576401,1.35790743,7.44083177,7.38187621
0.000185520847,1.37857411,7.37427906,8.96613057,-8.96576401,1.37708976,7.44121841,7.38202551
0.000190520847,1.39646433,7.37412525,8.96613504,-8.96576401,1.39491068,7.44154084,7.38215103
0.000195520847,1.41297641,7.37395076,8.96613877,-8.965764,1.4113526,7.44180653,7.38225585
0.000200520847,1.42809406,7.37375774,8.96614183,-8.965764,1.4263993,7.44202242,7.38234215
0.000205520847,1.44180234,7.37354885,8.9661443,-8.965764,1.44003592,7.44219514,7.38241256
0.000210520847,1.45408774,7.37332591,8.96614625,-8.965764,1.45224901,7.44233084,7.38246892
0.000215520847,1.46493814,7.37309122,8.96614776,-8.965764,1.46302652,7.44243535,7.38251352
0.000220520847,1.47434281,7.37284636,8.96614891,-8.965764,1.47235781,7.44251399,7.38254794
0.000225520847,1.48229249,7.3725933,8.96614975,-8.965764,1.48023367,7.44257164,7.38257415
0.000230520847,1.48877933,7.3723333,8.96615036,-8.96576399,1.48664633,7.4426125,7.38259341
0.000235520847,1.49379691,7.372068,8.96615077,-8.96576399,1.49158947,7.4426404,7.38260736
0.000240520847,1.49734031,7.3717983,8.96615104,-8.96576399,1.49505819,7.44265834,7.3826169
0.000245520847,1.499406,7.37152543,8.96615119,-8.96576399,1.49704908,7.4426685,7.38262326
0.000250520847,1.49999197,7.37124983,8.96615125,-8.96576399,1.49756018,7.44267227,7.38262688
0.000255520847,1.49909762,7.37097223,8.96615123,-8.96576399,1.49659098,7.44267025,7.38262849
0.000260520847,1.49672385,7.37069257,8.96615112,-8.96576399,1.49414243,7.44266211,7.38262803
0.000265520847,1.49287299,7.37041105,8.96615091,-8.96576399,1.49021696,7.44264673,7.38262569
0.000270520847,1.48754884,7.37012709,8.96615056,-8.96576399,1.48481844,7.44262207,7.38262091
0.000275520847,1.48075666,7.36984035,8.96615005,-8.96576399,1.47795219,7.4425855,7.38261333
0.000280520847,1.47250316,7.36954978,8.96614932,-8.96576399,1.46962499,7.44253339,7.38260192
0.000285520847,1.46279647,7.36925453,8.96614832,-8.965764,1.45984506,7.44246159,7.38258582
0.000290520847,1.45164618,7.36895313,8.96614698,-8.965764,1.44862206,7.44236546,7.38256355
0.000295520847,1.43906329,7.36864435,8.96614524,-8.965764,1.43596705,7.44223981,7.38253389
0.000300520847,1.42506022,7.36832637,8.96614301,-8.965764,1.42189253,7.44207893,7.38249502
0.000305520847,1.40965078,7.36799764,8.96614023,-8.965764,1.40641239,7.44187679,7.38244538
0.000310520847,1.39285019,7.36765602,8.96613681,-8.965764,1.38954189,7.4416269,7.38238285
0.000315520847,1.37467502,7.36729968,8.96613269,-8.965764,1.37129771,7.4413224,7.38230558
0.000320520847,1.35514322,7.3669262,8.96612778,-8.96576401,1.35169783,7.44095599,7.38221115
0.000325520847,1.33427406,7.36653339,8.96612202,-8.96576401,1.3307616,7.44051989,7.38209739
0.000330520847,1.31208812,7.36611846,8.96611534,-8.96576401,1.30850968,7.44000569,7.38196149
0.000335520847,1.28860732,7.36567878,8.96610769,-8.96576402,1.28496403,7.43940427,7.38180082
0.000340520847,1.26385481,7.36521101,8.966099,-8.96576402,1.2601479,7.43870552,7.38161204
0.000345520847,1.23785503,7.36471177,8.96608923,-8.96576403,1.23408576,7.43789817,7.38139178
0.000350520847,1.21063364,7.36417682,8.96607833,-8.96576404,1.20680335,7.43696931,7.38113579
0.000355520847,1.1822175,7.36360158,8.96606628,-8.96576404,1.17832757,7.43590404,7.38083948
0.000360520847,1.15263465,7.36298024,8.96605305,-8.96576405,1.14868655,7.43468469,7.38049705
0.000365520847,1.12191429,7.36230613,8.96603862,-8.96576406,1.11790953,7.43329003,7.38010183
0.000370520847,1.09008674,7.36157062,8.96602298,-8.96576407,1.08602687,7.43169389,7.37964518
0.000375520847,1.05718341,7.36076319,8.96600613,-8.96576407,1.05307006,7.42986336,7.37911659
0.000380520847,1.02323676,7.35986983,8.96598808,-8.96576408,1.0190716,7.42775592,7.37850202
0.000385520847,0.988280299,7.35887227,8.96596885,-8.96576409,0.984065064,7.42531516,7.37778323
0.000390520847,0.952348526,7.35774501,8.96594845,-8.9657641,0.948084985,7.42246348,7.37693469
0.000395520847,0.9154769,7.35645207,8.9659269,-8.96576411,0.911166876,7.41908999,7.37592042
0.000400520847,0.877701809,7.35493916,8.96590424,-8.96576411,0.87334717,7.41502757,7.37468615
0.000405520847,0.839060532,7.35312039,8.96588049,-8.96576412,0.834663191,7.41000728,7.37314594
0.000410520847,0.799591204,7.35084672,8.96585566,-8.96576413,0.795153116,7.40355463,7.37115075
0.000415520847,0.759332776,7.34782807,8.96582972,-8.96576413,0.754855935,7.39471294,7.36841049
0.000420520847,0.718324978,7.34329379,8.96580257,-8.96576413,0.713811419,7.3806095,7.36415445
0.000424846232,0.682276701,7.33615753,8.96577781,-8.96576412,0.677733045,7.35597475,7.3572587
0.000426495565,0.6683968,7.33132209,8.96576805,-8.96576411,0.66384208,7.33357883,7.35251489
0.000427298211,0.661616104,7.32774465,8.96576334,-8.9657641,0.657056082,7.31013003,7.34898202
0.000427630748,0.658801918,7.32576087,8.96576146,-8.96576409,0.654239716,7.29211102,7.34701669
0.000427928023,0.656283712,7.32351554,8.9657599,-8.96576408,0.651719569,7.26601046,7.34478786
0.000428258349,0.653482838,7.32009653,8.96575838,-8.96576407,0.648916546,7.22254249,7.34138718
0.000428495699,0.651468586,7.3166726,8.96575739,-8.96576406,0.646900756,7.18885489,7.3379764
0.00042868504,0.649860721,7.31309023,8.96575659,-8.96576405,0.645291669,7.16402203,7.33440453
0.000428886412,0.648149676,7.30820748,8.96575568,-8.96576404,0.643579325,7.13969146,7.32953293
0.00042909761,0.646354025,7.30164535,8.96575467,-8.96576402,0.641782317,7.11598207,7.32298248
0.000429347428,0.644228556,7.29147707,8.96575347,-8.965764,0.639655247,7.08956516,7.31282802
0.000429576121,0.642281422,7.27984733,8.96575246,-8.96576398,0.637706653,7.06641393,7.3012109
0.000429747562,0.640820876,7.27002247,8.96575181,-8.96576396,0.636245014,7.0494777,7.29139549
0.000429876958,0.639718024,7.26236663,8.96575142,-8.96576395,0.63514134,7.0368592,7.28374676
0.000430017043,0.638523591,7.25416416,8.96575108,-8.96576393,0.633946017,7.02331311,7.275552
0.000430172311,0.637199132,7.24520102,8.96575079,-8.96576392,0.632620576,7.00840395,7.26659738
0.000430340318,0.63576532,7.23554356,8.96575057,-8.9657639,0.631185701,6.99236172,7.25694914
0.000430528961,0.63415455,7.22460356,8.9657504,-8.96576387,0.629573743,6.97442681,7.24601947
0.000430746697,0.632294253,7.21176683,8.96575027,-8.96576384,0.627712076,6.95379277,7.23319465
0.000431017353,0.629980175,7.19544537,8.96575018,-8.96576381,0.625396303,6.92820231,7.21688797
0.000431403036,0.626679477,7.17142975,8.96575012,-8.96576376,0.622093199,6.89178627,7.19289333
0.000431792209,0.623345176,7.14630041,8.96575009,-8.9657637,0.618756483,6.85505481,7.1677851
0.000432324661,0.618777287,7.11046518,8.96575008,-8.96576363,0.614185312,6.80477338,7.13197862
0.000432882811,0.613981499,7.07127758,8.96575007,-8.96576354,0.609386109,6.75200606,7.09282101
0.00043399911,0.604367329,6.98853068,8.96575007,-8.96576336,0.599765189,6.64624963,7.01013355
0.000435153616,0.594392839,6.89780584,8.96575007,-8.96576317,0.589783833,6.53655019,6.91946944
0.000437462627,0.574350556,6.70489038,8.96575007,-8.96576276,0.569728162,6.31616145,6.72667295
0.000441102249,0.542514726,6.38027416,8.96575008,-8.96576207,0.537872174,5.96614534,6.40223714
0.000445083352,0.507367678,6.00824367,8.96575008,-8.96576128,0.502704412,5.57975582,6.03039346
0.000450083352,0.462778302,5.52796563,8.96575008,-8.96576026,0.458091013,5.08956938,5.55033391
0.000455083352,0.417732219,5.03895385,8.96575008,-8.96575922,0.41302315,4.59434171,5.06152226
0.000460083352,0.372273885,4.54396958,8.96575008,-8.96575817,0.3675453,4.09456054,4.56671949
0.000465083352,0.326448161,4.04415964,8.96575008,-8.96575712,0.321702344,3.59071141,4.0670722
0.000470083352,0.280300273,3.54025027,8.96575009,-8.96575605,0.275539522,3.08329414,3.56330647
0.000475083352,0.233875762,3.03277764,8.96575009,-8.96575497,0.229102393,2.57280704,3.05595833
0.000480083352,0.187220444,2.52228524,8.96575009,-8.96575389,0.182436785,2.05975531,2.54557115
0.000485083352,0.140380362,2.00926014,8.96575009,-8.9657528,0.13558875,1.5446443,2.03263187
0.000490083352,0.0934017415,1.49423218,8.96575009,-8.96575171,0.0886045229,1.02798301,1.51767026
0.000495083352,0.0463309447,0.977689316,8.9657501,-8.96575062,0.0415304708,0.510280935,1.00117421
0.000500083352,-0.000785575041,0.460161558,8.9657501,-8.96574952,-0.00558694952,-0.00795074476,0.483673688
0.000505083352,-0.0479013196,-0.0578594749,8.9657501,-8.96574842,-0.0527012388,-0.526200738,-0.0343397252
0.000510083352,-0.0949697913,-0.575844115,8.9657501,-8.96574732,-0.0997659008,-1.04395747,-0.552336367
0.000515083352,-0.141944539,-1.09329872,8.9657501,-8.96574623,-0.146734488,-1.56071003,-1.06982258
0.000520083352,-0.188779205,-1.60969577,8.96575011,-8.96574513,-0.193560649,-2.07594838,-1.58627083
0.000525083352,-0.235427569,-2.12454166,8.96575011,-8.96574404,-0.24019817,-2.58916404,-2.10118744
0.000530083352,-0.281843594,-2.63731295,8.96575011,-8.96574295,-0.286601027,-3.09985051,-2.61404892
0.000535083352,-0.327981473,-3.14751814,8.96575011,-8.96574187,-0.332723425,-3.60750377,-3.12436367
0.000540083352,-0.373795674,-3.65463982,8.96575011,-8.9657408,-0.378519847,-4.11162284,-3.63161418
0.000545083352,-0.419240984,-4.15819064,8.96575012,-8.96573973,-0.423945098,-4.61171016,-4.13531297
0.000550083352,-0.464272554,-4.65766116,8.96575012,-8.96573867,-0.468954347,-5.10727222,-4.63495046
0.000555083352,-0.508845943,-5.15257022,8.96575012,-8.96573762,-0.513503176,-5.59781992,-5.13004532
0.000560083352,-0.552917163,-5.64241823,8.96575012,-8.96573659,-0.557547621,-6.08286914,-5.62009778
0.000565083352,-0.596442719,-6.12673226,8.96575012,-8.96573556,-0.601044215,-6.56194118,-6.1046347
0.000570083352,-0.639379659,-6.60502399,8.96575013,-8.96573455,-0.643950032,-7.03456204,-6.58316756
0.000572018747,-0.655832559,-6.78819465,8.96575013,-8.9657342,-0.660390311,-7.21405629,-6.76643641
0.000572905655,-0.66333995,-6.87014141,8.96575013,-8.96573442,-0.667891812,-7.27683608,-6.84842906
0.000573625438,-0.669417558,-6.93277588,8.96575013,-8.96573529,-0.67396459,-7.30526947,-6.91110116
0.000574342753,-0.675460701,-6.98970931,8.96575012,-8.96573685,-0.680002878,-7.32325623,-6.96807242
0.000575151731,-0.68225961,-7.04689635,8.96575012,-8.96573921,-0.686796259,-7.33717622,-7.02530248
0.000576312128,-0.691981131,-7.11671967,8.96575011,-8.96574338,-0.696509754,-7.35101795,-7.09518805
0.000578233365,-0.707995661,-7.20570973,8.9657501,-8.96575144,-0.71251075,-7.3659343,-7.18428234
0.000579438745,-0.717990629,-7.24726905,8.96575009,-8.96575697,-0.722497069,-7.37256097,-7.22590765
0.000580459985,-0.726426506,-7.27564372,8.96575008,-8.96576185,-0.730925525,-7.37718444,-7.2543385
0.000581606231,-0.735859337,-7.3011243,8.96575007,-8.96576763,-0.740349924,-7.38158819,-7.27988237
0.000582746736,-0.745207054,-7.32080169,8.96575006,-8.96577376,-0.749689145,-7.38535342,-7.29962293
0.000584477062,-0.759315777,-7.34236047,8.96575004,-8.96578382,-0.763784775,-7.3902003,-7.32127781
0.000586292742,-0.774023935,-7.35740324,8.96575002,-8.96579512,-0.778478932,-7.39446476,-7.33642168
0.000588020465,-0.787926073,-7.36705791,8.96575,-8.96580612,-0.792367501,-7.39794768,-7.34617271
0.00059045178,-0.807332034,-7.37596294,8.96574997,-8.96582135,-0.811753963,-7.40214322,-7.35521352
0.00059462934,-0.840233469,-7.38454138,8.96574992,-8.96584597,-0.844620801,-7.40798809,-7.36402554
0.00059962934,-0.878849279,-7.38959137,8.96574987,-8.96587273,-0.883193417,-7.41346638,-7.36935533
0.00060462934,-0.916597771,-7.39227505,8.96574983,-8.96589725,-0.920896809,-7.41784444,-7.37231898
0.00060962934,-0.953441692,-7.39400068,8.96574978,-8.96592016,-0.957693767,-7.42146181,-7.37432465
0.00061462934,-0.98934468,-7.39519025,8.96574974,-8.96594172,-0.993547976,-7.4244889,-7.37579432
0.00061962934,-1.02427131,-7.39608492,8.9657497,-8.96596199,-1.02842405,-7.42707124,-7.37696912
0.00062462934,-1.0581871,-7.39676605,8.96574967,-8.96598101,-1.06228758,-7.42929662,-7.37793042
0.00062962934,-1.09105859,-7.39729319,8.96574964,-8.96599878,-1.09510514,-7.43122719,-7.37873775
0.00063462934,-1.12285334,-7.39769824,8.9657496,-8.96601531,-1.12684434,-7.43290956,-7.37942301
0.00063962934,-1.15353996,-7.39800537,8.96574958,-8.9660306,-1.15747386,-7.43437963,-7.38001036
0.00064462934,-1.18308818,-7.39823126,8.96574955,-8.96604466,-1.18696347,-7.43566565,-7.38051648
0.00064962934,-1.21146884,-7.39838865,8.96574953,-8.9660575,-1.21528407,-7.43679044,-7.38095411
0.00065462934,-1.23865392,-7.39848755,8.9657495,-8.96606916,-1.24240772,-7.43777277,-7.38133326
0.00065962934,-1.2646166,-7.39853571,8.96574948,-8.96607966,-1.26830763,-7.43862845,-7.38166166
0.00066462934,-1.28933126,-7.3985397,8.96574947,-8.96608905,-1.29295826,-7.43937099,-7.3819459
0.00066962934,-1.3127735,-7.39850472,8.96574945,-8.96609736,-1.31633527,-7.44001219,-7.38219116
0.00067462934,-1.3349202,-7.39843543,8.96574944,-8.96610465,-1.3384156,-7.44056249,-7.38240212
0.00067962934,-1.35574949,-7.39833559,8.96574943,-8.96611098,-1.35917745,-7.44103132,-7.38258252
0.00068462934,-1.37524081,-7.39820877,8.96574942,-8.96611641,-1.37860033,-7.44142728,-7.38273594
0.00068962934,-1.39337495,-7.39805788,8.96574941,-8.96612102,-1.39666508,-7.44175833,-7.38286529
0.00069462934,-1.41013398,-7.39788583,8.9657494,-8.96612486,-1.41335387,-7.44203189,-7.38297346
0.00069962934,-1.42550139,-7.397695,8.96574939,-8.96612803,-1.42865023,-7.44225496,-7.38306285
0.00070462934,-1.439462,-7.39748785,8.96574939,-8.96613059,-1.44253906,-7.44243408,-7.38313591
0.00070962934,-1.45200203,-7.39726643,8.96574938,-8.96613263,-1.45500666,-7.44257546,-7.38319469
0.00071462934,-1.46310911,-7.39703286,8.96574938,-8.96613421,-1.46604072,-7.44268489,-7.38324133
0.00071962934,-1.47277229,-7.39678891,8.96574938,-8.96613541,-1.47563035,-7.44276773,-7.38327756
0.00072462934,-1.48098201,-7.3965364,8.96574938,-8.9661363,-1.48376609,-7.44282887,-7.38330522
0.00072962934,-1.48773018,-7.39627677,8.96574938,-8.96613694,-1.49043991,-7.4428726,-7.38332576
0.00073462934,-1.49301014,-7.39601152,8.96574938,-8.96613738,-1.49564522,-7.44290277,-7.38334067
0.00073962934,-1.49681668,-7.39574175,8.96574938,-8.96613767,-1.49937688,-7.44292249,-7.38335104
0.00074462934,-1.49914604,-7.39546855,8.96574938,-8.96613784,-1.50163122,-7.44293403,-7.38335798
0.00074962934,-1.49999593,-7.39519257,8.96574937,-8.96613792,-1.50240601,-7.44293895,-7.38336213
0.00075462934,-1.4993655,-7.39491442,8.96574937,-8.96613791,-1.50170048,-7.44293794,-7.38336409
0.00075962934,-1.49725538,-7.39463423,8.96574938,-8.96613782,-1.49951534,-7.44293087,-7.38336401
0.00076462934,-1.49366765,-7.39435211,8.96574938,-8.96613763,-1.49585272,-7.44291674,-7.38336198
0.00076962934,-1.48860585,-7.39406766,8.96574938,-8.96613732,-1.49071626,-7.44289374,-7.38335762
0.00077462934,-1.48207498,-7.39378046,8.96574938,-8.96613684,-1.48411102,-7.44285934,-7.38335049
0.00077962934,-1.47408148,-7.39348964,8.96574938,-8.96613616,-1.47604351,-7.44281014,-7.38333973
0.00078462934,-1.46463323,-7.39319427,8.96574938,-8.96613522,-1.4665217,-7.4427421,-7.38332441
0.00078962934,-1.45373957,-7.39289304,8.96574938,-8.96613395,-1.45555499,-7.44265078,-7.38330322
0.00079462934,-1.44141125,-7.39258464,8.96574939,-8.96613229,-1.4431542,-7.44253109,-7.38327485
0.00079962934,-1.42766042,-7.39226741,8.96574939,-8.96613016,-1.42933157,-7.44237752,-7.38323764
0.00080462934,-1.41250067,-7.39193972,8.96574939,-8.96612749,-1.41410073,-7.44218414,-7.38318995
0.00080962934,-1.39594695,-7.39159959,8.9657494,-8.9661242,-1.39747672,-7.44194462,-7.38312981
0.00081462934,-1.3780156,-7.3912451,8.96574941,-8.96612022,-1.37947595,-7.44165225,-7.3830553
0.00081962934,-1.35872431,-7.39087398,8.96574942,-8.96611547,-1.36011617,-7.44129992,-7.38296415
0.00082462934,-1.33809213,-7.39048399,8.96574943,-8.96610988,-1.3394165,-7.44088,-7.38285411
0.00082962934,-1.31613941,-7.39007252,8.96574944,-8.96610338,-1.31739737,-7.44038434,-7.38272257
0.00083462934,-1.29288782,-7.38963687,8.96574945,-8.96609591,-1.29408049,-7.43980408,-7.38256683
0.00083962934,-1.2683603,-7.3891739,8.96574947,-8.96608742,-1.26948889,-7.43912944,-7.38238377
0.00084462934,-1.24258107,-7.38868025,8.96574949,-8.96607785,-1.24364683,-7.43834956,-7.38217
0.00084962934,-1.21557556,-7.38815191,8.96574951,-8.96606717,-1.21657982,-7.43745208,-7.38192152
0.00085462934,-1.18737043,-7.3875844,8.96574953,-8.96605533,-1.18831456,-7.43642276,-7.38163386
0.00085962934,-1.1579935,-7.38697225,8.96574955,-8.96604231,-1.15887896,-7.43524485,-7.38130153
0.00086462934,-1.12747377,-7.38630904,8.96574958,-8.9660281,-1.12830205,-7.43389828,-7.38091812
0.00086962934,-1.09584136,-7.3855867,8.96574961,-8.96601267,-1.09661402,-7.43235851,-7.38047555
0.00087462934,-1.06312749,-7.38479527,8.96574964,-8.96599603,-1.06384614,-7.43059482,-7.37996386
0.00087962934,-1.02936444,-7.38392176,8.96574967,-8.96597819,-1.03003075,-7.42856791,-7.37937006
0.00088462934,-0.994585535,-7.38294919,8.96574971,-8.96595915,-0.995201212,-7.42622599,-7.37867717
0.00088962934,-0.958825092,-7.3818543,8.96574974,-8.96593893,-0.959391906,-7.42349865,-7.37786192
0.00089462934,-0.922118404,-7.38060443,8.96574978,-8.96591756,-0.922638169,-7.42028643,-7.37689163
0.00089962934,-0.884501696,-7.37915125,8.96574983,-8.96589507,-0.884976273,-7.41644199,-7.37571799
0.00090462934,-0.846012092,-7.37741954,8.96574987,-8.96587148,-0.846443385,-7.41173314,-7.37426576
0.00090962934,-0.806687576,-7.37528251,8.96574992,-8.9658468,-0.807077533,-7.40576244,-7.37240815
0.00091462934,-0.766566957,-7.3725029,8.96574996,-8.96582102,-0.766917566,-7.39776371,-7.36990785
0.00091962934,-0.725689829,-7.36850304,8.96575001,-8.96579407,-0.726003117,-7.3856607,-7.36618718
0.00092462934,-0.684096532,-7.36143924,8.96575007,-8.96576561,-0.684374563,-7.36256279,-7.35940235
0.000926768349,-0.666094238,-7.3559012,8.96575009,-8.96575293,-0.666357823,-7.33921095,-7.35398356
0.000927781621,-0.657524162,-7.35165122,8.9657501,-8.9657469,-0.657781039,-7.3135854,-7.34979003
0.000928174917,-0.65419054,-7.34934384,8.96575011,-8.96574464,-0.654444837,-7.29377883,-7.34750454
0.000928471348,-0.651675307,-7.34711823,8.96575011,-8.96574305,-0.651927668,-7.2686252,-7.34529543
0.0009287839,-0.64902084,-7.34395659,8.96575011,-8.96574158,-0.649271167,-7.22835649,-7.34215119
0.000929035146,-0.646885224,-7.34042628,8.96575011,-8.96574052,-0.647133923,-7.19234248,-7.33863485
0.00092922981,-0.645229455,-7.33679515,8.96575012,-8.9657397,-0.645476896,-7.16646044,-7.33501455
0.00092943571,-0.643477063,-7.33183459,8.96575012,-8.96573877,-0.643723176,-7.14133322,-7.33006543
0.000929640602,-0.64173218,-7.32550496,8.96575012,-8.96573779,-0.641976977,-7.11814835,-7.32374718
0.000929888744,-0.639617553,-7.315501,8.96575012,-8.96573659,-0.639860759,-7.09172833,-7.31375697
0.000930114819,-0.637689614,-7.30411131,8.96575012,-8.96573558,-0.637931376,-7.06872096,-7.30237981
0.000930290698,-0.636188856,-7.29409948,8.96575012,-8.96573493,-0.636429498,-7.05127686,-7.2923777
0.000930419476,-0.635089516,-7.28651127,8.96575013,-8.96573453,-0.635329338,-7.03867853,-7.28479661
0.000930557301,-0.633912483,-7.27846824,8.96575013,-8.9657342,-0.63415143,-7.02531281,-7.27676117
0.000930711285,-0.632596889,-7.26959965,8.96575013,-8.96573393,-0.632834861,-7.0104882,-7.26790108
0.000930879584,-0.631158312,-7.25994336,8.96575013,-8.96573372,-0.631395221,-6.99438056,-7.25825404
0.000931069496,-0.629534145,-7.24894842,8.96575013,-8.96573356,-0.629769856,-6.97628737,-7.24726954
0.000931287667,-0.627667194,-7.23610429,8.96575013,-8.96573346,-0.627901534,-6.9555731,-7.23443738
0.000931552503,-0.625399339,-7.22015747,8.96575013,-8.96573339,-0.625632018,-6.93048862,-7.21850506
0.000931935587,-0.62211583,-7.1963399,8.96575013,-8.96573338,-0.622346119,-6.89425752,-7.19470841
0.000932312082,-0.618885282,-7.1720797,8.96575013,-8.9657334,-0.619113234,-6.85866646,-7.17046871
0.000932807083,-0.614632616,-7.13888497,8.96575013,-8.96573346,-0.614857515,-6.81185228,-7.1373008
0.00093334187,-0.610031465,-7.10153571,8.96575013,-8.96573354,-0.610253087,-6.76122451,-7.09998039
0.000934411443,-0.60080855,-7.02272546,8.96575013,-8.9657337,-0.601023696,-6.6597697,-7.02122736
0.000935493478,-0.591450573,-6.93827676,8.96575013,-8.96573388,-0.591659266,-6.55684898,-6.93683589
0.000937657548,-0.572653039,-6.7588049,8.96575013,-8.96573427,-0.572849132,-6.35014417,-6.7574763
0.00094129862,-0.540788849,-6.43569685,8.96575013,-8.96573495,-0.540964667,-5.99981352,-6.43455023
0.000945190843,-0.506414197,-6.07273403,8.96575012,-8.96573573,-0.50656963,-5.62191613,-6.07177183
0.000950190843,-0.461814537,-5.59286271,8.96575012,-8.96573674,-0.461945759,-5.13162157,-5.59212145
0.000955190843,-0.416759123,-5.10390866,8.96575012,-8.96573778,-0.416868376,-4.6362974,-5.10336998
0.000960190843,-0.371292417,-4.60888428,8.96575012,-8.96573883,-0.371381966,-4.13643158,-4.60852956
0.000965190843,-0.325459291,-4.10901221,8.96575012,-8.96573989,-0.325531419,-3.63250869,-4.1088226
0.000970190843,-0.279304975,-3.60504234,8.96575011,-8.96574096,-0.279361983,-3.12502896,-3.60499883
0.000975190843,-0.23287502,-3.09751737,8.96575011,-8.96574203,-0.232919223,-2.61449041,-3.0976008
0.000980190843,-0.186215245,-2.58698344,8.96575011,-8.96574311,-0.18624897,-2.10139843,-2.58717454
0.000985190843,-0.139371697,-2.07392768,8.96575011,-8.9657442,-0.139397284,-1.58625826,-2.07420706
0.000990190843,-0.0923906073,-1.55888065,8.96575011,-8.96574529,-0.0924104004,-1.06957895,-1.55922883
0.000995190843,-0.0453183388,-1.04232976,8.9657501,-8.96574639,-0.0453346902,-0.551869929,-1.0427272
0.00100019084,0.00179865352,-0.524805496,8.9657501,-8.96574749,0.0017833889,-0.0336423824,-0.525232618
0.00100519084,0.0489138707,-0.00679889491,8.9657501,-8.96574858,0.0488973371,0.484592465,-0.00723608577
0.00101019084,0.0959808159,0.511159983,8.9657501,-8.96574968,0.0959606589,1.00232309,0.510732344
0.00101519084,0.14295304,1.02857805,8.9657501,-8.96575078,0.142926908,1.51903863,1.02817958
0.00102019084,0.189784186,1.5449275,8.96575009,-8.96575187,0.189749736,2.03422914,1.54457776
0.00102519084,0.236428038,2.0597152,8.96575009,-8.96575296,0.236382933,2.54738622,2.05943374
0.00103019084,0.282838564,2.57241754,8.96575009,-8.96575405,0.282780478,3.05800348,2.57222381
0.00103519084,0.328969963,3.08254345,8.96575009,-8.96575513,0.328896583,3.56557699,3.08245681
0.00104019084,0.374776708,3.58957541,8.96575009,-8.96575621,0.374685736,4.06960588,3.58961514
0.00104519084,0.420213594,4.09302646,8.96575008,-8.96575727,0.42010275,4.56959274,4.09321169
0.00105019084,0.465235779,4.59238714,8.96575008,-8.96575833,0.465102804,5.06504417,4.59273688
0.00105519084,0.509798834,5.08717663,8.96575008,-8.96575938,0.509641487,5.55547122,5.08770969
0.00106019084,0.553858778,5.57689542,8.96575008,-8.96576042,0.553674847,6.04038994,5.57763044
0.00106519084,0.59737213,6.0610708,8.96575008,-8.96576144,0.597159426,6.51932176,6.06202625
0.00107019084,0.640295949,6.53921503,8.96575007,-8.96576246,0.640052312,6.99179385,6.54040911
0.0010721373,0.656837266,6.7235802,8.96575008,-8.96576285,0.65658101,7.17354198,6.72487207
0.00107326205,0.666350974,6.82834549,8.96575036,-8.96576307,0.666087279,7.26526437,6.82969509
0.00107387628,0.671532354,6.88322306,8.96575098,-8.96576318,0.671264552,7.29444388,6.88460457
0.00107452266,0.6769742,6.93699431,8.96575221,-8.9657633,0.676702041,7.31435384,6.93840966
0.00107529346,0.683448973,6.99495821,8.96575428,-8.96576342,0.683171572,7.33034476,6.99641424
0.00107611903,0.690365971,7.04966823,8.96575705,-8.96576353,0.690082901,7.34246503,7.05116818
0.00107746272,0.701584149,7.12398654,8.96576233,-8.96576368,0.701291732,7.35620902,7.12555863
0.00107886043,0.713200368,7.18469763,8.96576845,-8.9657638,0.712898066,7.36618679,7.18634547
0.00107970798,0.720217492,7.21450427,8.96577236,-8.96576386,0.719909118,7.370948,7.21619833
0.00108110529,0.731741604,7.25437695,8.96577906,-8.96576394,0.731423091,7.3773895,7.25614759
0.00108201916,0.739248118,7.27472243,8.96578368,-8.96576398,0.738922885,7.38091529,7.27654337
0.00108294092,0.746794791,7.29160519,8.96578857,-8.96576402,0.746462712,7.38405776,7.29347699
0.00108461243,0.760415765,7.31437394,8.96579809,-8.96576406,0.760071094,7.38894831,7.31633822
0.00108608503,0.772346373,7.32829053,8.96580707,-8.96576409,0.771990421,7.39260538,7.33033649
0.00108766413,0.78506639,7.33882115,8.965817,-8.96576411,0.784698147,7.39601896,7.34095483
0.001089972,0.803517378,7.3490758,8.96583151,-8.96576412,0.803130811,7.40029387,7.35133788
0.00109306885,0.828009942,7.35730985,8.96585021,-8.96576413,0.827598123,7.40505829,7.35974445
0.00109746962,0.862273635,7.36360156,8.96587474,-8.96576413,0.861824641,7.41050694,7.36628155
0.00110246962,0.90040138,7.36730017,8.96590019,-8.96576413,0.899908341,7.41542662,7.37025916
0.00110746962,0.937640539,7.36947449,8.96592375,-8.96576412,0.937101572,7.41943402,7.37271258
0.00111246962,0.973954359,7.37087706,8.96594587,-8.96576411,0.973367628,7.42274743,7.37439433
0.00111746962,1.009307,7.37191281,8.96596668,-8.96576411,1.00867072,7.4255535,7.37570929
0.00112246962,1.04366358,7.37269025,8.96598622,-8.9657641,1.04297601,7.4279594,7.37676599
0.00112746962,1.07699019,7.37329014,8.96600452,-8.96576409,1.07624964,7.43003869,7.37764516
0.00113246962,1.10925395,7.37375183,8.96602157,-8.96576408,1.10845877,7.43184592,7.37838615
0.00113746962,1.140423,7.37410471,8.96603739,-8.96576407,1.13957162,7.43342232,7.37901834
0.00114246962,1.17046659,7.37436852,8.96605197,-8.96576406,1.16955748,7.43480005,7.37956148
0.00114746962,1.19935507,7.3745577,8.96606534,-8.96576405,1.19838676,7.43600464,7.38003
0.00115246962,1.22705994,7.37468392,8.96607751,-8.96576404,1.22603101,7.43705698,7.38043555
0.00115746962,1.25355384,7.37475553,8.96608851,-8.96576404,1.25246295,7.43797437,7.38078651
0.00116246962,1.27881064,7.37478014,8.96609838,-8.96576403,1.27765649,7.43877155,7.38109047
0.00116746962,1.3028054,7.37476313,8.96610715,-8.96576403,1.30158678,7.4394612,7.3813528
0.00117246962,1.32551446,7.37470986,8.96611489,-8.96576402,1.32423018,7.44005451,7.38157889
0.00117746962,1.34691539,7.3746241,8.96612163,-8.96576402,1.34556437,7.44056144,7.38177247
0.00118246962,1.36698708,7.37450992,8.96612745,-8.96576401,1.36556828,7.44099107,7.38193763
0.00118746962,1.38570972,7.37437013,8.96613241,-8.96576401,1.38422217,7.44135171,7.38207717
0.00119246962,1.40306482,7.37420805,8.96613658,-8.965764,1.40150763,7.44165113,7.38219442
0.00119746962,1.41903528,7.37402591,8.96614004,-8.965764,1.41740761,7.44189655,7.3822916
0.00120246962,1.43360532,7.37382653,8.96614286,-8.965764,1.43190641,7.44209483,7.38237154
0.00120746962,1.44676056,7.37361179,8.96614512,-8.965764,1.44498973,7.44225236,7.3824361
0.00121246962,1.45848802,7.37338413,8.96614689,-8.965764,1.45664465,7.44237521,7.38248775
0.00121746962,1.46877613,7.37314515,8.96614825,-8.965764,1.46685967,7.44246899,7.38252805
0.00122246962,1.47761474,7.37289698,8.96614927,-8.965764,1.47562472,7.44253887,7.38255917
0.00122746962,1.48499512,7.37264093,8.96615002,-8.96576399,1.48293113,7.44258942,7.38258239
0.00123246962,1.49090999,7.37237879,8.96615054,-8.96576399,1.4887717,7.44262483,7.38259951
0.00123746962,1.49535351,7.37211154,8.96615089,-8.96576399,1.49314068,7.44264856,7.38261151
0.00124246962,1.4983213,7.3718406,8.96615111,-8.96576399,1.49603373,7.44266323,7.38261981
0.00124746962,1.49981042,7.37156649,8.96615123,-8.96576399,1.49744802,7.44267076,7.38262493
0.00125246962,1.49981942,7.37129015,8.96615125,-8.96576399,1.49738214,7.44267227,7.38262782
0.00125746962,1.49834827,7.37101164,8.9661512,-8.96576399,1.49583616,7.44266794,7.38262852
0.00126246962,1.49539844,7.37073137,8.96615105,-8.96576399,1.4928116,7.44265718,7.38262744
0.00126746962,1.49097282,7.37044885,8.96615079,-8.96576399,1.48831146,7.44263846,7.38262412
0.00127246962,1.4850758,7.37016397,8.96615039,-8.96576399,1.48234017,7.44260953,7.38261842
0.00127746962,1.47771318,7.36987576,8.9661498,-8.96576399,1.47490362,7.44256737,7.38260937
0.00128246962,1.46889224,7.36958359,8.96614897,-8.965764,1.46600916,7.44250818,7.38259636
0.00128746962,1.45862169,7.36928603,8.96614785,-8.965764,1.45566556,7.4424275,7.38257795
0.00129246962,1.44691165,7.36898202,8.96614636,-8.965764,1.44388302,7.44232055,7.38255307
0.00129746962,1.43377368,7.36866978,8.96614443,-8.965764,1.43067319,7.44218189,7.38251995
0.00130246962,1.41922075,7.36834791,8.966142,-8.965764,1.41604909,7.44200572,7.38247719
0.00130746962,1.40326722,7.36801432,8.96613898,-8.965764,1.40002515,7.44178579,7.3824227
0.00131246962,1.38592883,7.3676673,8.9661353,-8.965764,1.3826172,7.44151551,7.38235477
0.00131746962,1.3672227,7.36730449,8.96613088,-8.96576401,1.36384241,7.44118781,7.38227102
0.00132246962,1.34716729,7.36692385,8.96612565,-8.96576401,1.3437193,7.44079526,7.38216944
0.00132746962,1.32578238,7.36652268,8.96611954,-8.96576401,1.32226775,7.4403298,7.38204731
0.00133246962,1.30308909,7.36609854,8.96611249,-8.96576402,1.29950891,7.4397828,7.3819022
0.00133746962,1.27910981,7.36564825,8.96610444,-8.96576402,1.27546525,7.43914476,7.38173092
0.00134246962,1.2538682,7.36516874,8.96609533,-8.96576403,1.2501605,7.43840518,7.38153041
0.00134746962,1.22738917,7.36465605,8.96608512,-8.96576403,1.22361962,7.43755217,7.38129669
0.00135246962,1.19969886,7.36410609,8.96607378,-8.96576404,1.19586882,7.43657213,7.38102568
0.00135746962,1.17082459,7.36351357,8.96606128,-8.96576405,1.16693548,7.43544916,7.38071209
0.00136246962,1.14079486,7.36287264,8.96604758,-8.96576405,1.13684815,7.43416435,7.38035007
0.00136746962,1.1096393,7.36217568,8.96603268,-8.96576406,1.10563653,7.43269471,7.37993199
0.00137246962,1.07738866,7.36141366,8.96601657,-8.96576407,1.07333141,7.43101171,7.37944883
0.00137746962,1.04407477,7.36057458,8.96599925,-8.96576408,1.03996469,7.4290791,7.37888857
0.00138246962,1.0097305,7.35964323,8.96598074,-8.96576409,1.00556928,7.42684961,7.37823601
0.00138746962,0.974389751,7.35859861,8.96596105,-8.96576409,0.970179133,7.42425962,7.37747016
0.00139246962,0.938087396,7.35741201,8.9659402,-8.9657641,0.933829177,7.42122047,7.37656226
0.00139746962,0.900859263,7.35604116,8.96591822,-8.96576411,0.896555282,7.41760292,7.37547008
0.00140246962,0.86274209,7.354422,8.96589513,-8.96576412,0.858394233,7.4132077,7.37412953
0.00140746962,0.823773495,7.35244899,8.96587095,-8.96576412,0.819383691,7.40770356,7.37243505
0.00141246962,0.783991934,7.34993259,8.9658457,-8.96576413,0.779562155,7.40047897,7.37019711
0.00141746962,0.743436669,7.34647848,8.96581932,-8.96576413,0.738968925,7.39021083,7.36702134
0.00142246962,0.702147721,7.34086856,8.96579161,-8.96576412,0.69764406,7.37215307,7.36168959
0.00142501225,0.680882842,7.33608108,8.96577692,-8.96576412,0.676361712,7.3542911,7.35704346
0.00142638495,0.669329969,7.3320838,8.96576881,-8.96576411,0.664799633,7.33569901,7.35312246
0.00142706041,0.663626782,7.32932169,8.96576481,-8.9657641,0.659091975,7.31896486,7.35039786
0.00142742897,0.660509857,7.32740059,8.96576268,-8.96576409,0.655972626,7.30401219,7.34849722
0.00142773085,0.657954207,7.32545723,8.965761,-8.96576409,0.653414999,7.28478131,7.34657061
0.00142803327,0.655391606,7.32295219,8.96575947,-8.96576408,0.650850426,7.25374915,7.34408235
0.00142839605,0.652314404,7.31863714,8.96575787,-8.96576407,0.647770869,7.20297303,7.33978743
0.00142859852,0.650595587,7.31526862,8.96575703,-8.96576406,0.646050742,7.17534978,7.33643013
0.00142878221,0.649035174,7.31131865,8.96575622,-8.96576405,0.644489143,7.15229561,7.33249034
0.00142897935,0.647359611,7.30596558,8.9657553,-8.96576403,0.642812311,7.12932447,7.32714818
0.00142922367,0.645281733,7.29739736,8.96575411,-8.96576401,0.640732865,7.10272917,7.31859347
0.00142947639,0.643130685,7.2856989,8.96575292,-8.96576399,0.6385802,7.07667038,7.30690898
0.00142970395,0.641192455,7.27310085,8.96575199,-8.96576397,0.63664052,7.05401236,7.29432348
0.00142982564,0.640155464,7.26593105,8.96575159,-8.96576396,0.635602754,7.04210415,7.28716038
0.00142996489,0.638968317,7.25770405,8.96575121,-8.96576394,0.634414722,7.02859994,7.27894103
0.00143013408,0.637525325,7.24786246,8.96575086,-8.96576392,0.632970659,7.01232292,7.26910875
0.00143032635,0.635884547,7.23679947,8.96575059,-8.9657639,0.631328665,6.99394927,7.2580563
0.00143047216,0.634639651,7.22837918,8.96575045,-8.96576388,0.630082849,6.98007828,7.249644
0.00143066411,0.63300004,7.21711481,8.96575032,-8.96576386,0.62844203,6.96187218,7.23839014
0.00143087446,0.631202087,7.20456414,8.96575023,-8.96576383,0.626642757,6.94196637,7.22585095
0.00143121439,0.628294403,7.18372421,8.96575014,-8.96576378,0.623732948,6.90985396,7.20502955
0.00143160046,0.624988523,7.15923676,8.9657501,-8.96576373,0.620424666,6.87341376,7.18056308
0.00143209298,0.620765719,7.12668464,8.96575008,-8.96576366,0.616198817,6.82691732,7.14803761
0.00143262509,0.616196889,7.09000495,8.96575007,-8.96576358,0.61162672,6.77663991,7.11138657
0.00143357299,0.608040814,7.02117635,8.96575007,-8.96576343,0.603464885,6.68691517,7.04260864
0.00143491792,0.596431707,6.91715356,8.96575007,-8.96576321,0.59184774,6.55923248,6.93865685
0.00143752943,0.57376892,6.6997129,8.96575007,-8.96576275,0.569169792,6.31002596,6.72135089
0.00144136177,0.540233692,6.35700131,8.96575008,-8.96576202,0.535613393,5.94132787,6.37882885
0.00144613809,0.498001892,5.90850378,8.96575008,-8.96576107,0.493357017,5.47705554,5.93055322
0.00145113809,0.453312497,5.42586715,8.96575008,-8.96576004,0.44864407,4.98576499,5.44813126
0.00145613809,0.408175737,4.9354095,8.96575008,-8.965759,0.403486005,4.48953785,4.95786985
0.00146113809,0.362636157,4.43932283,8.96575008,-8.96575795,0.357927388,3.98885661,4.46196072
0.00146613809,0.316738698,3.93859319,8.96575008,-8.96575689,0.312013179,3.48421393,3.96138976
0.00147113809,0.270528657,3.43388676,8.96575009,-8.96575582,0.265788691,2.97610691,3.45682296
0.00147613809,0.224051637,2.92573396,8.96575009,-8.96575474,0.219299541,2.46503704,2.94879061
0.00148113809,0.177353505,2.41466489,8.96575009,-8.96575366,0.17259161,1.95150851,2.43782268
0.00148613809,0.130480346,1.901175,8.96575009,-8.96575257,0.125710992,1.43602821,1.92441454
0.00149113809,0.0834784193,1.38578491,8.96575009,-8.96575148,0.0787039525,0.919104804,1.40908669
0.00149613809,0.0363941092,0.868991996,8.9657501,-8.96575039,0.0316168825,0.401248496,0.892336484
0.00150113809,-0.0107261175,0.35131733,8.9657501,-8.96574929,-0.015503749,-0.117029665,0.37468493
0.00150613809,-0.0578357589,-0.166738256,8.9657501,-8.96574819,-0.0626114394,-0.635218158,-0.143367161
0.00151113809,-0.104888323,-0.684654069,8.9657501,-8.96574709,-0.109659699,-1.15280559,-0.661299099
0.00151613809,-0.151837376,-1.20192761,8.96575011,-8.965746,-0.156602097,-1.66928114,-1.17860837
0.00152113809,-0.198636583,-1.71804039,8.96575011,-8.9657449,-0.203392306,-2.18413508,-1.69477645
0.00152613809,-0.245239759,-2.23249031,8.96575011,-8.96574381,-0.24998415,-2.69685931,-2.20930119
0.00153113809,-0.291600914,-2.74476301,8.96575011,-8.96574273,-0.296331649,-3.2069478,-2.72166816
0.00153613809,-0.337674294,-3.25435889,8.96575011,-8.96574165,-0.342389063,-3.71389713,-3.23137765
0.00154113809,-0.38341443,-3.76076962,8.96575012,-8.96574057,-0.388110938,-4.21720701,-3.73792125
0.00154613809,-0.428776183,-4.26350019,8.96575012,-8.96573951,-0.433452154,-4.71638069,-4.2408038
0.00155113809,-0.473714785,-4.76205022,8.96575012,-8.96573845,-0.478367962,-5.21092553,-4.73952476
0.00155613809,-0.518185887,-5.25593132,8.96575012,-8.9657374,-0.522814037,-5.70035348,-5.2335956
0.00156113809,-0.562145603,-5.74465294,8.96575012,-8.96573637,-0.566746516,-6.1841815,-5.72252557
0.00156613809,-0.605550549,-6.22773535,8.96575012,-8.96573534,-0.610122042,-6.66193209,-6.20583472
0.00157113809,-0.64835789,-6.70468045,8.96575013,-8.96573434,-0.652897809,-7.13307744,-6.68302476
0.00157283239,-0.662720536,-6.86236479,8.96575013,-8.96573444,-0.667249273,-7.27412811,-6.84079617
0.00157375581,-0.67051688,-6.94261059,8.96575013,-8.96573552,-0.675039419,-7.30918467,-6.92109026
0.00157462021,-0.677794509,-7.00936479,8.96575012,-8.9657376,-0.682311182,-7.32865793,-6.98789014
0.00157575542,-0.687321738,-7.08430315,8.96575012,-8.96574127,-0.691830612,-7.34502158,-7.0628891
0.00157683058,-0.696312747,-7.14311996,8.96575011,-8.96574544,-0.700814135,-7.35575192,-7.12176385
0.0015782029,-0.707742523,-7.20371796,8.9657501,-8.96575132,-0.712234215,-7.36573296,-7.18243642
0.00157951216,-0.718598082,-7.24890962,8.96575009,-8.96575731,-0.723080379,-7.37291275,-7.22769976
0.00158041346,-0.726042809,-7.27391548,8.96575008,-8.96576161,-0.730518556,-7.37698139,-7.2527552
0.00158142812,-0.734396071,-7.29710714,8.96575007,-8.96576669,-0.738864364,-7.38094021,-7.27600287
0.00158292648,-0.746676796,-7.32314641,8.96575005,-8.96577474,-0.751133926,-7.38589235,-7.30212511
0.00158439972,-0.758687067,-7.34128995,8.96575004,-8.96578333,-0.763133043,-7.38999458,-7.32035049
0.00158623785,-0.773580707,-7.35678218,8.96575002,-8.96579474,-0.77801252,-7.39433957,-7.33594506
0.00158800421,-0.787795727,-7.36677965,8.96575,-8.96580599,-0.792213672,-7.39791147,-7.34604104
0.00159032299,-0.806308779,-7.37540539,8.96574997,-8.96582053,-0.810708141,-7.40193352,-7.35479627
0.00159439762,-0.838423489,-7.38403777,8.96574992,-8.96584463,-0.842789166,-7.40769542,-7.36365644
0.00159939762,-0.877078576,-7.38927358,8.96574987,-8.96587153,-0.88140115,-7.41323712,-7.36917205
0.00160439762,-0.914868092,-7.39202772,8.96574983,-8.96589613,-0.919145654,-7.41765797,-7.37220614
0.00160939762,-0.951754744,-7.39378723,8.96574978,-8.96591912,-0.95598543,-7.42130682,-7.37424568
0.00161439762,-0.987702129,-7.39499406,8.96574974,-8.96594073,-0.99188412,-7.42435737,-7.3757326
0.00161939762,-1.02267477,-7.3959007,8.96574971,-8.96596107,-1.0268063,-7.42695839,-7.37691937
0.00162439762,-1.05663816,-7.39659007,8.96574967,-8.96598014,-1.0607175,-7.42919894,-7.37788891
0.00162939762,-1.08955877,-7.39712378,8.96574964,-8.96599797,-1.09358425,-7.43114222,-7.3787028
0.00163439762,-1.12140412,-7.39753383,8.96574961,-8.96601456,-1.12537413,-7.43283533,-7.37939305
0.00163939762,-1.15214277,-7.39784525,8.96574958,-8.9660299,-1.15605575,-7.4343147,-7.37998469
0.00164439762,-1.18174441,-7.39807455,8.96574955,-8.96604402,-1.18559884,-7.43560878,-7.38049421
0.00164939762,-1.2101798,-7.39823501,8.96574953,-8.96605692,-1.21397425,-7.43674072,-7.38093491
0.00165439762,-1.23742089,-7.39833639,8.9657495,-8.96606864,-1.24115396,-7.43772934,-7.38131652
0.00165939762,-1.2634408,-7.39838686,8.96574949,-8.96607919,-1.26711117,-7.43859067,-7.38164724
0.00166439762,-1.28821384,-7.39839273,8.96574947,-8.96608863,-1.29182024,-7.43933822,-7.38193335
0.00166939762,-1.31171557,-7.39835955,8.96574945,-8.96609699,-1.31525679,-7.43998396,-7.38218041
0.00167439762,-1.3339228,-7.39829171,8.96574944,-8.96610433,-1.33739771,-7.44053829,-7.38239281
0.00167939762,-1.3548136,-7.39819331,8.96574943,-8.9661107,-1.35822112,-7.44101077,-7.38257464
0.00168439762,-1.37436737,-7.39806762,8.96574942,-8.96611617,-1.3777065,-7.44140996,-7.38272919
0.00168939762,-1.39256481,-7.39791788,8.96574941,-8.96612081,-1.39583459,-7.44174392,-7.38285968
0.00169439762,-1.40938795,-7.3977467,8.9657494,-8.96612469,-1.41258753,-7.44202002,-7.38296872
0.00169939762,-1.42482019,-7.39755677,8.96574939,-8.96612789,-1.42794876,-7.44224533,-7.383059
0.00170439762,-1.43884631,-7.39735029,8.96574939,-8.96613048,-1.44190313,-7.44242637,-7.38313273
0.00170939762,-1.45145246,-7.39712956,8.96574939,-8.96613254,-1.45443688,-7.44256943,-7.3831922
0.00171439762,-1.46262621,-7.39689647,8.96574938,-8.96613414,-1.46553762,-7.44268023,-7.3832393
0.00171939762,-1.47235651,-7.39665304,8.96574938,-8.96613536,-1.47519441,-7.44276423,-7.38327604
0.00172439762,-1.48063378,-7.39640084,8.96574938,-8.96613626,-1.48339772,-7.44282629,-7.38330402
0.00172939762,-1.48744985,-7.39614158,8.96574938,-8.96613691,-1.49013945,-7.44287077,-7.38332492
0.00173439762,-1.49279797,-7.39587652,8.96574938,-8.96613736,-1.49541294,-7.44290149,-7.38334001
0.00173939762,-1.49667289,-7.395607,8.96574938,-8.96613766,-1.49921299,-7.44292168,-7.38335064
0.00174439762,-1.49907078,-7.3953339,8.96574938,-8.96613783,-1.50153586,-7.44293355,-7.38335767
0.00174939762,-1.49998926,-7.3950581,8.96574937,-8.96613792,-1.50237924,-7.44293877,-7.38336199
0.00175439762,-1.49942743,-7.39477999,8.96574937,-8.96613791,-1.50174232,-7.44293802,-7.38336399
0.00175939762,-1.49738585,-7.39449996,8.96574938,-8.96613782,-1.4996257,-7.44293125,-7.38336405
0.00176439762,-1.49386653,-7.39421788,8.96574938,-8.96613764,-1.49603149,-7.44291746,-7.38336206
0.00176939762,-1.48887294,-7.3939336,8.96574938,-8.96613733,-1.49096323,-7.44289492,-7.38335786
0.00177439762,-1.48241002,-7.3936465,8.96574938,-8.96613687,-1.48442593,-7.44286109,-7.38335083
0.00177939762,-1.47448413,-7.39335592,8.96574938,-8.9661362,-1.47642602,-7.44281265,-7.3833403
0.00178439762,-1.46510311,-7.39306074,8.96574938,-8.96613527,-1.46697142,-7.44274554,-7.38332517
0.00178939762,-1.45427621,-7.39275985,8.96574938,-8.96613401,-1.45607144,-7.44265539,-7.38330432
0.00179439762,-1.44201411,-7.39245177,8.96574939,-8.96613237,-1.44373685,-7.44253709,-7.38327626
0.00179939762,-1.42832892,-7.39213503,8.96574939,-8.96613027,-1.42997982,-7.44238519,-7.38323953
0.00180439762,-1.41323414,-7.39180781,8.96574939,-8.96612762,-1.41481392,-7.44219374,-7.38319231
0.00180939762,-1.39674467,-7.39146833,8.9657494,-8.96612436,-1.39825413,-7.44195647,-7.38313282
0.00181439762,-1.37887678,-7.3911145,8.96574941,-8.96612041,-1.38031678,-7.44166665,-7.38305896
0.00181939762,-1.35964811,-7.39074424,8.96574942,-8.9661157,-1.36101957,-7.44131722,-7.38296866
0.00182439762,-1.33907763,-7.39035513,8.96574943,-8.96611015,-1.34038156,-7.44090055,-7.3828595
0.00182939762,-1.31718564,-7.38994474,8.96574944,-8.96610369,-1.3184231,-7.44040855,-7.38272904
0.00183439762,-1.29399375,-7.38951022,8.96574945,-8.96609627,-1.29516587,-7.43983235,-7.38257443
0.00183939762,-1.26952484,-7.38904862,8.96574947,-8.96608783,-1.27063282,-7.43916227,-7.38239272
0.00184439762,-1.24380306,-7.38855642,8.96574949,-8.96607831,-1.24484815,-7.43838744,-7.3821804
0.00184939762,-1.2168538,-7.3880298,8.9657495,-8.96606768,-1.21783733,-7.43749565,-7.38193365
0.00185439762,-1.18870365,-7.38746416,8.96574953,-8.96605589,-1.189627,-7.4364727,-7.38164785
0.00185939762,-1.1593804,-7.38685423,8.96574955,-8.96604293,-1.160245,-7.43530201,-7.38131773
0.00186439762,-1.12891297,-7.38619349,8.96574958,-8.96602877,-1.12972033,-7.43396365,-7.38093678
0.00186939762,-1.09733145,-7.3854741,8.96574961,-8.9660134,-1.09808311,-7.43243335,-7.38049716
0.00187439762,-1.06466699,-7.38468606,8.96574964,-8.96599682,-1.06536457,-7.43068068,-7.37998885
0.00187939762,-1.03095184,-7.38381668,8.96574967,-8.96597903,-1.03159699,-7.42866686,-7.37939918
0.00188439762,-0.996219257,-7.38284907,8.9657497,-8.96596004,-0.996813701,-7.42634071,-7.37871124
0.00188939762,-0.960503529,-7.38176044,8.96574974,-8.96593988,-0.961049028,-7.42363294,-7.37790225
0.00189439762,-0.923839899,-7.38051854,8.96574978,-8.96591857,-0.924338265,-7.42044567,-7.37693994
0.00189939762,-0.886264551,-7.37907608,8.96574982,-8.96589612,-0.886717643,-7.41663442,-7.37577702
0.00190439762,-0.847814567,-7.37735933,8.96574987,-8.96587258,-0.848224287,-7.41197209,-7.37433974
0.00190939762,-0.808527892,-7.37524488,8.96574991,-8.96584795,-0.808896186,-7.40607185,-7.3725047
0.00191439762,-0.768443298,-7.37250273,8.96574996,-8.96582222,-0.768772152,-7.3981926,-7.37004186
0.00191939762,-0.727600343,-7.36862965,8.96575001,-8.96579533,-0.727891782,-7.38663525,-7.36644797
0.00192439762,-0.686039334,-7.36182517,8.96575006,-8.96576699,-0.686295421,-7.36419142,-7.35992247
0.00192660929,-0.667437075,-7.35636343,8.96575009,-8.9657539,-0.667678189,-7.34171665,-7.35458403
0.00192765362,-0.658608232,-7.35223147,8.9657501,-8.96574767,-0.65884242,-7.31816697,-7.35051026
0.00192807643,-0.655025669,-7.34991357,8.9657501,-8.96574521,-0.655257079,-7.29958487,-7.34821591
0.00192837178,-0.65252041,-7.3478654,8.96575011,-8.96574359,-0.652749889,-7.27812056,-7.34618418
0.00192867722,-0.64992713,-7.34508877,8.96575011,-8.96574208,-0.650154619,-7.24290845,-7.34342455
0.00192904753,-0.64677993,-7.34012872,8.96575011,-8.96574048,-0.647005018,-7.1900587,-7.3384851
0.00192924899,-0.64506629,-7.33628573,8.96575012,-8.96573962,-0.645290076,-7.16352832,-7.33465331
0.00192944611,-0.643388512,-7.33143419,8.96575012,-8.96573873,-0.643611027,-7.13970531,-7.32981272
0.0019296548,-0.641611198,-7.32487468,8.96575012,-8.96573772,-0.641832373,-7.11622672,-7.32326479
0.00192987901,-0.639700533,-7.31577139,8.96575012,-8.96573663,-0.639920271,-7.09242172,-7.31417394
0.00193011164,-0.63771671,-7.30409472,8.96575012,-8.9657356,-0.637934962,-7.06874075,-7.30251016
0.00193027854,-0.636292593,-7.29460157,8.96575012,-8.96573496,-0.636509781,-7.05218731,-7.29302623
0.00193040689,-0.635196959,-7.28703353,8.96575013,-8.96573457,-0.635413331,-7.03962445,-7.28546528
0.00193054046,-0.634056328,-7.27922176,8.96575013,-8.96573424,-0.634271852,-7.02666556,-7.27766088
0.00193069306,-0.632752638,-7.27041426,8.96575013,-8.96573395,-0.632967195,-7.01196701,-7.26886179
0.00193087822,-0.631169967,-7.25977756,8.96575013,-8.96573372,-0.631383353,-6.99424283,-7.25823528
0.00193107523,-0.629485085,-7.24837102,8.96575013,-8.96573356,-0.62969723,-6.97547674,-7.24683957
0.00193129901,-0.627570097,-7.2351785,8.96575013,-8.96573345,-0.627780834,-6.95423441,-7.23365933
0.00193154281,-0.625482341,-7.22049316,8.96575013,-8.9657334,-0.62569155,-6.93114421,-7.21898734
0.0019319042,-0.622385031,-7.19805528,8.96575013,-8.96573338,-0.622591985,-6.8969653,-7.19656919
0.00193228981,-0.619076482,-7.1732581,8.96575013,-8.9657334,-0.619281042,-6.86051236,-7.171793
0.00193280534,-0.614647633,-7.13871307,8.96575013,-8.96573346,-0.614849012,-6.81175804,-7.13727592
0.00193335666,-0.609904112,-7.10017723,8.96575013,-8.96573354,-0.610102115,-6.75956409,-7.09876982
0.00193445931,-0.600395171,-7.01876243,8.96575013,-8.96573371,-0.6005865,-6.65496381,-7.01741399
0.00193569665,-0.589690386,-6.9216465,8.96575013,-8.96573392,-0.589874349,-6.53723251,-6.92036339
0.00193817133,-0.568174537,-6.71424585,8.96575013,-8.96573436,-0.568344171,-6.30064275,-6.71309056
0.00194206209,-0.534071005,-6.36526949,8.96575013,-8.9657351,-0.534219191,-5.92570058,-6.36430697
0.00194637411,-0.495903086,-5.95993069,8.96575012,-8.96573596,-0.496029061,-5.50610626,-5.95916948
0.00195137411,-0.451191578,-5.47741905,8.96575012,-8.96573699,-0.451293872,-5.01457931,-5.47687446
0.00195637411,-0.406034798,-4.98684533,8.96575012,-8.96573803,-0.406115659,-4.51813654,-4.98649893
0.00196137411,-0.360477311,-4.49059027,8.96575012,-8.96573908,-0.360539007,-4.01726607,-4.49042336
0.00196637411,-0.314564076,-3.98968886,8.96575012,-8.96574014,-0.314608896,-3.51245644,-3.98968256
0.00197137411,-0.268340405,-3.48483096,8.96575011,-8.96574121,-0.268370652,-3.00420751,-3.48496622
0.00197637411,-0.221851914,-2.97654536,8.96575011,-8.96574229,-0.221869907,-2.49301909,-2.976803
0.00198137411,-0.175144482,-2.46537065,8.96575011,-8.96574337,-0.175152552,-1.9793966,-2.46573136
0.00198637411,-0.128264204,-1.95179592,8.96575011,-8.96574446,-0.12826469,-1.46384622,-1.95224028
0.00199137411,-0.081257344,-1.43634877,8.96575011,-8.96574555,-0.0812525941,-0.94687714,-1.4368573
0.00199637411,-0.0341702932,-0.919519807,8.9657501,-8.96574665,-0.0341626597,-0.428999249,-0.92007296
0.00200137411,0.0129504797,-0.401836825,8.9657501,-8.96574775,0.0129586413,0.0892762157,-0.402415003
0.00200637411,0.060058472,0.116206096,8.9657501,-8.96574884,0.060064806,0.607437904,0.115622508
0.00201137411,0.107107194,0.634081745,8.9657501,-8.96574994,0.107109347,1.12497441,0.633512367
0.00201637411,0.154050214,1.15129426,8.9657501,-8.96575104,0.154045836,1.64137505,1.1507587
0.00202137411,0.200841205,1.66731887,8.96575009,-8.96575213,0.200827953,2.15613019,1.66683669
0.00202637411,0.24743399,2.18165997,8.96575009,-8.96575322,0.24740953,2.66873186,2.18125068
0.00203137411,0.293782587,2.69379714,8.96575009,-8.96575431,0.293744597,3.1786742,2.6934802
0.00203637411,0.339841257,3.20323714,8.96575009,-8.96575539,0.339787426,3.68545397,3.20303188
0.00204137411,0.385564544,3.70946584,8.96575009,-8.96575646,0.385492579,4.18857109,3.7093915
0.00204637411,0.430907326,4.21199439,8.96575008,-8.96575752,0.430814951,4.68752901,4.21207008
0.00205137411,0.475824854,4.71031689,8.96575008,-8.96575858,0.475709814,5.18183539,4.71056157
0.00205637411,0.5202728,5.20395093,8.96575008,-8.96575963,0.520132863,5.67100239,5.20438337
0.00206137411,0.5642073,5.6924007,8.96575008,-8.96576066,0.564040256,6.15454729,5.69303952
0.00206637411,0.607584996,6.17519224,8.96575008,-8.96576168,0.607388664,6.6319929,6.17605582
0.00207137411,0.650363078,6.65183574,8.96575007,-8.96576269,0.650135306,7.10285052,6.65294226
0.0020732996,0.666667941,6.83147919,8.96575044,-8.96576307,0.666427493,7.26883483,6.83268405
0.00207416968,0.674003869,6.90799343,8.96575147,-8.96576324,0.673757591,7.30474765,6.90924357
0.00207505677,0.681462423,6.97777268,8.9657536,-8.96576338,0.681210134,7.32610223,6.97906948
0.0020760099,0.689452678,7.04281131,8.96575666,-8.96576351,0.689193858,7.34111926,7.04415872
0.00207701361,0.697840188,7.10098928,8.9657605,-8.96576363,0.697574408,7.35223699,7.10239047
0.00207842909,0.709621418,7.1675727,8.96576653,-8.96576377,0.709345681,7.3634578,7.16905039
0.00207999675,0.722603678,7.22389778,8.96577372,-8.96576388,0.722316718,7.37241506,7.22546093
0.00208087868,0.729876476,7.24870516,8.96577796,-8.96576393,0.729583113,7.37645255,7.25031666
0.00208189845,0.738258015,7.27243452,8.96578307,-8.96576398,0.737957169,7.38048515,7.27410211
0.00208316496,0.748625294,7.29533055,8.96578981,-8.96576402,0.748315035,7.38477741,7.29706803
0.00208434453,0.758238298,7.31143442,8.96579652,-8.96576406,0.757919156,7.3882315,7.31323716
0.002086144,0.772822809,7.32886424,8.96580744,-8.96576409,0.772489896,7.39274818,7.33076677
0.00208794013,0.787281733,7.34049042,8.96581877,-8.96576411,0.786934815,7.39657631,7.34249275
0.00208990852,0.803012114,7.34900537,8.96583114,-8.96576412,0.80264955,7.40019089,7.35111723
0.0020932231,0.829221787,7.35775666,8.96585112,-8.96576413,0.828832183,7.40527644,7.36005317
0.0020982231,0.868074698,7.36451306,8.96587877,-8.96576413,0.867642681,7.41132547,7.3670884
0.0021032231,0.906070924,7.36785132,8.96590388,-8.96576413,0.905594574,7.41608229,7.37070568
0.0021082231,0.943172968,7.36986728,8.96592719,-8.96576412,0.94265041,7.4199732,7.37300077
0.0021132231,0.979344214,7.37120161,8.9659491,-8.96576411,0.978773618,7.42320156,7.37461428
0.0021182231,1.01454897,7.37219147,8.96596972,-8.9657641,1.01392855,7.42594135,7.37588337
0.0021232231,1.04875248,7.37293815,8.96598907,-8.9657641,1.04808051,7.4282936,7.37690932
0.0021282231,1.081921,7.37351498,8.96600718,-8.96576409,1.0811958,7.43032868,7.37776544
0.0021332231,1.1140218,7.37395844,8.96602405,-8.96576408,1.11324173,7.43209857,7.3784882
0.0021382231,1.14502319,7.37429692,8.96603968,-8.96576407,1.14418669,7.43364308,7.37910601
0.0021432231,1.17489458,7.37454839,8.96605408,-8.96576406,1.17400012,7.43499307,7.37963681
0.0021482231,1.20360649,7.37472759,8.96606726,-8.96576405,1.20265262,7.43617343,7.38009535
0.0021532231,1.23113059,7.37484482,8.96607925,-8.96576404,1.23011589,7.43720429,7.38049194
0.0021582231,1.25743971,7.37490909,8.96609008,-8.96576404,1.25636285,7.43810263,7.38083555
0.0021632231,1.28250789,7.37492686,8.96609978,-8.96576403,1.28136759,7.43888275,7.38113268
0.0021682231,1.30631039,7.37490424,8.96610839,-8.96576402,1.30510542,7.43955716,7.38138941
0.0021732231,1.32882372,7.37484563,8.96611597,-8.96576402,1.32755293,7.44013675,7.38161015
0.0021782231,1.35002566,7.3747555,8.96612257,-8.96576401,1.34868796,7.44063144,7.38179937
0.0021832231,1.36989529,7.37463708,8.96612826,-8.96576401,1.36848966,7.44105008,7.38196029
0.0021882231,1.388413,7.37449389,8.96613309,-8.96576401,1.38693848,7.44140099,7.38209644
0.0021932231,1.40556051,7.37432844,8.96613715,-8.965764,1.40401622,7.44169175,7.38221033
0.0021982231,1.4213209,7.37414369,8.96614051,-8.965764,1.41970601,7.44192962,7.3823049
0.0022032231,1.43567862,7.37394169,8.96614324,-8.965764,1.43399239,7.44212129,7.38238222
0.0022082231,1.4486195,7.37372499,8.96614542,-8.965764,1.44686124,7.44227321,7.38244484
0.0022132231,1.46013077,7.37349535,8.96614713,-8.965764,1.45829988,7.44239128,7.3824945
0.0022182231,1.47020106,7.37325499,8.96614843,-8.965764,1.468297,7.44248112,7.38253344
0.0022232231,1.47882044,7.37300539,8.96614941,-8.965764,1.47684276,7.44254778,7.38256312
0.0022282231,1.48598041,7.37274845,8.96615011,-8.96576399,1.4839287,7.44259579,7.38258545
0.0022332231,1.49167389,7.37248532,8.9661506,-8.96576399,1.48954784,7.44262919,7.38260159
0.0022382231,1.49589527,7.37221756,8.96615093,-8.96576399,1.49369464,7.44265141,7.38261309
0.0022432231,1.49864038,7.37194596,8.96615113,-8.96576399,1.496365,7.44266487,7.38262073
0.0022482231,1.49990651,7.37167159,8.96615124,-8.96576399,1.49755628,7.44267146,7.3826256
0.0022532231,1.49969242,7.37139479,8.96615125,-8.96576399,1.49726732,7.44267207,7.38262802
0.0022582231,1.49799832,7.37111612,8.96615118,-8.96576399,1.49549839,7.44266686,7.38262857
0.0022632231,1.49482586,7.37083541,8.96615102,-8.96576399,1.49225124,7.44265501,7.38262706
0.0022682231,1.4901782,7.37055268,8.96615074,-8.96576399,1.48752908,7.44263495,7.38262352
0.0022732231,1.48405991,7.37026724,8.96615031,-8.96576399,1.48133657,7.44260422,7.38261726
0.0022782231,1.47647703,7.3699786,8.96614969,-8.96576399,1.47367981,7.4425598,7.38260779
0.0022832231,1.46743705,7.36968559,8.96614883,-8.965764,1.46456637,7.44249768,7.38259395
0.0022882231,1.45694889,7.36938726,8.96614765,-8.965764,1.45400524,7.44241341,7.38257476
0.0022932231,1.44502289,7.36908201,8.9661461,-8.965764,1.44200684,7.44230205,7.38254865
0.0022982231,1.43167083,7.36876853,8.9661441,-8.965764,1.42858302,7.44215818,7.3825143
0.0023032231,1.41690588,7.36844492,8.96614159,-8.965764,1.41374701,7.44197584,7.3824698
0.0023082231,1.40074262,7.36810954,8.96613847,-8.965764,1.39751346,7.44174882,7.38241353
0.0023132231,1.38319699,7.3677602,8.96613468,-8.965764,1.3798984,7.44147037,7.38234327
0.0023182231,1.36428632,7.36739494,8.96613015,-8.96576401,1.3609192,7.44113346,7.38225709
0.0023232231,1.34402926,7.36701129,8.96612479,-8.96576401,1.3405946,7.44073048,7.3821525
0.0023282231,1.3224458,7.36660694,8.96611854,-8.96576401,1.31894466,7.44025337,7.38202719
0.0023332231,1.29955725,7.36617898,8.96611135,-8.96576402,1.29599073,7.43969333,7.38187826
0.0023382231,1.2753862,7.36572461,8.96610314,-8.96576402,1.27175548,7.43904076,7.3817029
0.0023432231,1.24995649,7.36524028,8.96609387,-8.96576403,1.24626282,7.43828494,7.38149757
0.0023482231,1.22329323,7.36472237,8.9660835,-8.96576403,1.21953791,7.43741379,7.38125864
0.0023532231,1.19542272,7.36416627,8.96607198,-8.96576404,1.19160712,7.43641336,7.3809815
0.0023582231,1.16637248,7.36356698,8.9660593,-8.96576405,1.16249802,7.4352674,7.38066114
0.0023632231,1.13617116,7.36291806,8.96604542,-8.96576405,1.13223934,7.43395641,7.38029113
0.0023682231,1.10484859,7.36221205,8.96603034,-8.96576406,1.10086093,7.43245673,7.37986401
0.0023732231,1.07243566,7.3614392,8.96601405,-8.96576407,1.06839377,7.43073877,7.37937001
0.0023782231,1.03896436,7.36058743,8.96599655,-8.96576408,1.03486989,7.42876495,7.37879707
0.0023832231,1.00446774,7.35964048,8.96597786,-8.96576409,1.00032238,7.42648586,7.37812891
0.0023882231,0.968979822,7.35857672,8.96595799,-8.9657641,0.96478534,7.42383488,7.3773439
0.0023932231,0.932535641,7.35736546,8.96593697,-8.9657641,0.92829383,7.42071839,7.37641135
0.0023982231,0.895171161,7.35596223,8.96591482,-8.96576411,0.890883868,7.4169991,7.37528679
0.0024032231,0.856923254,7.35429797,8.96589157,-8.96576412,0.852592372,7.41246301,7.37390113
0.0024082231,0.817829668,7.35225858,8.96586723,-8.96576412,0.813457133,7.40674979,7.37214027
0.0024132231,0.777928982,7.34963436,8.96584181,-8.96576413,0.773516771,7.39918077,7.3697945
0.0024182231,0.737260575,7.34597811,8.96581525,-8.96576413,0.732810703,7.38824187,7.36641657
0.0024232231,0.69586458,7.33979906,8.96578731,-8.96576412,0.691379102,7.36801019,7.36051567
0.00242549804,0.676800111,7.33496342,8.96577406,-8.96576411,0.67229912,7.34904991,7.35580648
0.00242667438,0.666887627,7.33111766,8.9657671,-8.9657641,0.662378785,7.32968978,7.35202607
0.00242723703,0.662133581,7.32857511,8.96576379,-8.9657641,0.657621026,7.31273051,7.34951476
0.00242755052,0.659481129,7.32679713,8.965762,-8.96576409,0.654966517,7.29749018,7.34775419
0.00242784581,0.656980402,7.32472231,8.9657604,-8.96576409,0.652463859,7.27493509,7.34569575
0.0024281733,0.654204264,7.32164217,8.96575883,-8.96576408,0.649685588,7.23537842,7.34263378
0.00242847541,0.651640801,7.31757489,8.96575754,-8.96576406,0.647120167,7.19227431,7.33858325
0.00242868375,0.649871704,7.31371845,8.96575666,-8.96576405,0.645349724,7.16477274,7.33473836
0.0024288882,0.648134476,7.30879958,8.96575574,-8.96576404,0.643611178,7.14005646,7.32983082
0.0024290989,0.646343024,7.30229108,8.96575473,-8.96576402,0.641818371,7.11639373,7.32333397
0.00242934827,0.644221362,7.29219501,8.96575352,-8.965764,0.639695111,7.09001977,7.31325169
0.00242957695,0.642274398,7.2806045,8.96575249,-8.96576398,0.637746686,7.06686357,7.30167381
0.00242975571,0.640751479,7.2703518,8.96575182,-8.96576396,0.636222628,7.04920776,7.29143096
0.0024298854,0.639646054,7.26265726,8.96575142,-8.96576395,0.635116379,7.03656495,7.28374356
0.0024300229,0.638473618,7.25459286,8.96575108,-8.96576393,0.633943071,7.02327244,7.27568672
0.00243017676,0.637161205,7.24569799,8.9657508,-8.96576392,0.632629683,7.00850066,7.2668003
0.00243034329,0.635739909,7.23611525,8.96575058,-8.9657639,0.631207335,6.99259928,7.2572267
0.00243053363,0.634114657,7.22506967,8.9657504,-8.96576387,0.629580883,6.97450362,7.24619154
0.00243075106,0.632256926,7.21224533,8.96575028,-8.96576384,0.627721785,6.95389877,7.2333791
0.00243101839,0.629971332,7.19612177,8.96575018,-8.96576381,0.625434516,6.92862346,7.21727012
0.00243139989,0.626706397,7.17237157,8.96575012,-8.96576376,0.622167201,6.89260141,7.19354068
0.00243178574,0.623400647,7.14747289,8.96575009,-8.96576371,0.618859056,6.85618377,7.16866294
0.00243230606,0.618936957,7.11249613,8.96575008,-8.96576363,0.614392158,6.8070485,7.13371428
0.00243285777,0.614196851,7.07382913,8.96575007,-8.96576355,0.609648675,6.75489316,7.09507692
0.00243396117,0.604694555,6.99219917,8.96575007,-8.96576337,0.600139704,6.65036655,7.01350576
0.0024350962,0.594889669,6.90320171,8.96575007,-8.96576318,0.590328062,6.54253176,6.92456804
0.00243736624,0.575189633,6.71398367,8.96575007,-8.96576278,0.570614848,6.32590506,6.73546709
0.00244099976,0.543415116,6.39047568,8.96575008,-8.96576209,0.538820173,5.97656168,6.41213945
0.00244495208,0.50853181,6.02150083,8.96575008,-8.96576131,0.503916261,5.59307107,6.04335043
0.00244995208,0.46395502,5.54151804,8.96575008,-8.96576029,0.459315387,5.10302326,5.56358664
0.00245495208,0.418920361,5.05268828,8.96575008,-8.96575925,0.414258887,4.60792166,5.07495752
0.00245995208,0.373472279,4.55784234,8.96575008,-8.9657582,0.368791227,4.1082539,4.58029359
0.00246495208,0.327655625,4.05814876,8.96575008,-8.96575714,0.322957277,3.60450515,4.0807632
0.00246995208,0.281515614,3.55433968,8.96575009,-8.96575608,0.27680227,3.0971752,3.5770983
0.00247495208,0.235097781,3.04695361,8.96575009,-8.965755,0.230371756,2.58676221,3.06983725
0.00247995208,0.188447935,2.5365341,8.96575009,-8.96575392,0.183711556,2.07377135,2.55952349
0.00248495208,0.141612114,2.02356876,8.96575009,-8.96575283,0.136867718,1.55870788,2.04664452
0.00248995208,0.0946365384,1.50858701,8.96575009,-8.96575174,0.0898864719,1.04208076,1.53172966
0.00249495208,0.0475675683,0.992077175,8.9657501,-8.96575065,0.0428141822,0.524399448,1.01526719
0.00249995208,0.000451654637,0.474568853,8.9657501,-8.96574955,-0.00430269612,0.00617511201,0.497786642
0.00250495208,-0.0466647047,-0.0434459737,8.9657501,-8.96574845,-0.0514176644,-0.512080966,-0.0202200197
0.00250995208,-0.0937350116,-0.561438016,8.9657501,-8.96574735,-0.0984842257,-1.02985721,-0.538223518
0.00251495208,-0.140712813,-1.07891326,8.9657501,-8.96574626,-0.145455931,-1.54664268,-1.05572983
0.00251995208,-0.187551749,-1.59534453,8.96575011,-8.96574516,-0.192286425,-2.06192732,-1.57221175
0.00252495208,-0.234205593,-2.11023782,8.96575011,-8.96574407,-0.23892949,-2.5752026,-2.08717522
0.00252995208,-0.280628305,-2.62307001,8.96575011,-8.96574298,-0.285339097,-3.08596195,-2.60009705
0.00253495208,-0.32677407,-3.13334918,8.96575011,-8.9657419,-0.331469444,-3.5937013,-3.11048525
0.00253995208,-0.372597349,-3.64055819,8.96575011,-8.96574083,-0.377275006,-4.09791955,-3.61782255
0.00254495208,-0.418052919,-4.14420928,8.96575012,-8.96573976,-0.422710579,-4.59811908,-4.12162108
0.00254995208,-0.463095921,-4.64379321,8.96575012,-8.9657387,-0.467731322,-5.09380625,-4.62137145
0.00255495208,-0.507681904,-5.13882844,8.96575012,-8.96573765,-0.512292806,-5.58449183,-5.11659196
0.00255995208,-0.551766866,-5.62881551,8.96575012,-8.96573661,-0.556351054,-6.06969159,-5.60678296
0.00256495208,-0.595307301,-6.11328109,8.96575012,-8.96573559,-0.599862585,-6.54892665,-6.09147093
0.00256995208,-0.638260239,-6.59173713,8.96575013,-8.96573457,-0.642784459,-7.02172335,-6.5701676
0.0025718902,-0.654742739,-6.77532968,8.96575013,-8.96573421,-0.659254343,-7.20214182,-6.75385827
0.0025728237,-0.662647097,-6.86193883,8.96575013,-8.96573437,-0.66715251,-7.27222472,-6.84051564
0.00257348288,-0.668214906,-6.92004607,8.96575013,-8.96573505,-0.672715903,-7.30051228,-6.8986573
0.0025741522,-0.673856683,-6.97446568,8.96575012,-8.96573637,-0.678353158,-7.31901336,-6.95311214
0.00257501518,-0.681113231,-7.03711788,8.96575012,-8.96573875,-0.685603822,-7.33505634,-7.01581014
0.00257598211,-0.689220059,-7.09762959,8.96575011,-8.9657421,-0.693703981,-7.34754033,-7.07637362
0.00257758897,-0.702635645,-7.17855927,8.9657501,-8.9657486,-0.707108313,-7.36163062,-7.15739019
0.00257927791,-0.716659356,-7.24181275,8.96575009,-8.96575619,-0.721119965,-7.37173203,-7.22073593
0.00258018149,-0.724128993,-7.26798288,8.96575008,-8.96576047,-0.728583052,-7.37597376,-7.24695571
0.00258125475,-0.732970949,-7.29355907,8.96575007,-8.96576579,-0.737417142,-7.38029131,-7.2725911
0.00258244609,-0.742746601,-7.31569453,8.96575006,-8.96577207,-0.747183951,-7.38439334,-7.29479249
0.00258354619,-0.751736708,-7.33145767,8.96575005,-8.96577827,-0.756165789,-7.38768927,-7.31061667
0.00258532077,-0.766162728,-7.34973463,8.96575003,-8.96578897,-0.770578263,-7.39225723,-7.32899232
0.00258724664,-0.781710872,-7.36283605,8.96575,-8.96580115,-0.786111418,-7.39643563,-7.34220106
0.00258907095,-0.796333525,-7.37111046,8.96574998,-8.96581273,-0.800719597,-7.39983896,-7.35057729
0.00259211107,-0.820468089,-7.37978123,8.96574995,-8.96583134,-0.824829454,-7.40463123,-7.35941793
0.00259711107,-0.859506349,-7.38720647,8.9657499,-8.96585956,-0.863825498,-7.41086669,-7.36712284
0.00260211107,-0.897696379,-7.39080937,8.96574985,-8.9658851,-0.901971386,-7.41574696,-7.37100563
0.00260711107,-0.935000492,-7.39294415,8.9657498,-8.96590876,-0.93922947,-7.41972761,-7.3734204
0.00261211107,-0.971381871,-7.3943403,8.96574976,-8.96593099,-0.975562982,-7.42302305,-7.37509661
0.00261711107,-1.00680461,-7.39537264,8.96574972,-8.96595192,-1.01093606,-7.42581638,-7.37640906
0.00262211107,-1.04123376,-7.39614999,8.96574969,-8.96597156,-1.04531381,-7.42821305,-7.37746656
0.00262711107,-1.07463534,-7.3967507,8.96574965,-8.96598996,-1.07866229,-7.43028577,-7.37834744
0.00263211107,-1.10697638,-7.39721337,8.96574962,-8.96600712,-1.11094859,-7.43208834,-7.37909029
0.00263711107,-1.13822497,-7.39756775,8.96574959,-8.96602303,-1.14214085,-7.43366162,-7.37972488
0.00264211107,-1.16835027,-7.39783268,8.96574956,-8.96603771,-1.1722083,-7.43503739,-7.38027002
0.00264711107,-1.19732255,-7.39802338,8.96574954,-8.96605116,-1.20112124,-7.436241,-7.38074095
0.00265211107,-1.22511321,-7.39815063,8.96574951,-8.96606342,-1.22885116,-7.4372931,-7.38114843
0.00265711107,-1.25169484,-7.39822362,8.96574949,-8.9660745,-1.25537068,-7.4382109,-7.38150165
0.00266211107,-1.27704119,-7.39824911,8.96574948,-8.96608444,-1.28065364,-7.43900899,-7.38180738
0.00266711107,-1.30112726,-7.39823328,8.96574946,-8.96609329,-1.30467508,-7.43969997,-7.38207178
0.00267211107,-1.32392928,-7.39818072,8.96574944,-8.96610109,-1.32741129,-7.44029493,-7.38229946
0.00267711107,-1.34542473,-7.39809594,8.96574943,-8.96610789,-1.34883984,-7.44080378,-7.38249491
0.00268211107,-1.36559241,-7.39798229,8.96574942,-8.96611377,-1.36893958,-7.44123551,-7.38266149
0.00268711107,-1.38441242,-7.39784327,8.96574941,-8.96611878,-1.38769068,-7.44159839,-7.3828027
0.00269211107,-1.40186618,-7.39768153,8.9657494,-8.966123,-1.40507462,-7.4419001,-7.38292117
0.00269711107,-1.41793647,-7.39749996,8.9657494,-8.96612651,-1.42107426,-7.44214784,-7.38301981
0.00270211107,-1.43260743,-7.39730072,8.96574939,-8.96612936,-1.43567379,-7.44234837,-7.38310078
0.00270711107,-1.44586457,-7.39708632,8.96574939,-8.96613166,-1.44885883,-7.44250809,-7.38316658
0.00271211107,-1.45769482,-7.39685861,8.96574938,-8.96613346,-1.46061635,-7.44263298,-7.38321905
0.00271711107,-1.46808651,-7.39661975,8.96574938,-8.96613484,-1.47093474,-7.44272863,-7.38326038
0.00272211107,-1.47702937,-7.39637132,8.96574938,-8.96613588,-1.47980383,-7.44280017,-7.38329211
0.00272711107,-1.48451457,-7.39611518,8.96574938,-8.96613664,-1.48721487,-7.44285225,-7.38331613
0.00273211107,-1.49053475,-7.39585257,8.96574938,-8.96613718,-1.49316053,-7.44288884,-7.38333368
0.00273711107,-1.49508394,-7.39558502,8.96574938,-8.96613754,-1.49763496,-7.44291348,-7.38334626
0.00274211107,-1.49815767,-7.3953134,8.96574938,-8.96613777,-1.50063373,-7.44292893,-7.38335478
0.00274711107,-1.49975289,-7.39503881,8.96574938,-8.96613789,-1.50215389,-7.44293705,-7.38336031
0.00275211107,-1.49986805,-7.39476167,8.96574937,-8.96613792,-1.50219393,-7.44293899,-7.38336328
0.00275711107,-1.49850301,-7.39448255,8.96574938,-8.96613787,-1.50075383,-7.44293505,-7.38336426
0.00276211107,-1.49565913,-7.39420138,8.96574938,-8.96613774,-1.49783498,-7.44292463,-7.38336318
0.00276711107,-1.49133922,-7.39391821,8.96574938,-8.96613749,-1.49344029,-7.44290635,-7.38336008
0.00277211107,-1.48554753,-7.39363243,8.96574938,-8.9661371,-1.48757408,-7.44287799,-7.38335438
0.00277711107,-1.47828979,-7.39334359,8.96574938,-8.96613653,-1.48024215,-7.44283667,-7.38334559
0.00278211107,-1.46957315,-7.39305061,8.96574938,-8.96613573,-1.47145172,-7.44277864,-7.38333265
0.00278711107,-1.45940623,-7.39275254,8.96574938,-8.96613463,-1.46121148,-7.44269959,-7.38331462
0.00279211107,-1.44779904,-7.39244789,8.96574938,-8.96613317,-1.44953153,-7.44259479,-7.38328999
0.00279711107,-1.43476306,-7.39213535,8.96574939,-8.96613129,-1.43642339,-7.44245893,-7.38325746
0.00280211107,-1.42031113,-7.3918131,8.96574939,-8.9661289,-1.42190001,-7.44228629,-7.38321521
0.00280711107,-1.40445753,-7.39147951,8.9657494,-8.96612593,-1.40597572,-7.44207074,-7.3831616
0.00281211107,-1.3872179,-7.39113245,8.9657494,-8.96612231,-1.38866622,-7.44180577,-7.38309452
0.00281711107,-1.36860925,-7.39077002,8.96574941,-8.96611795,-1.36998861,-7.44148446,-7.38301205
0.00282211107,-1.34864995,-7.39038978,8.96574942,-8.96611279,-1.34996131,-7.44109946,-7.38291176
0.00282711107,-1.3273597,-7.38998947,8.96574943,-8.96610676,-1.3286041,-7.44064291,-7.38279138
0.00283211107,-1.3047595,-7.3895663,8.96574945,-8.96609978,-1.30593804,-7.4401063,-7.38264813
0.00283711107,-1.28087166,-7.38911751,8.96574946,-8.96609181,-1.2819855,-7.43948036,-7.38247923
0.00284211107,-1.25571976,-7.3886397,8.96574948,-8.96608279,-1.25677013,-7.4387548,-7.38228131
0.00284711107,-1.22932861,-7.38812936,8.9657495,-8.96607267,-1.23031681,-7.43791806,-7.38205083
0.00285211107,-1.20172427,-7.38758213,8.96574952,-8.96606142,-1.20265164,-7.43695691,-7.38178344
0.00285711107,-1.17293396,-7.38699319,8.96574954,-8.966049,-1.17380193,-7.43585595,-7.38147432
0.00286211107,-1.14298612,-7.38635651,8.96574956,-8.96603538,-1.14379614,-7.43459689,-7.38111744
0.00286711107,-1.11191028,-7.38566504,8.96574959,-8.96602057,-1.1126639,-7.43315762,-7.38070574
0.00287211107,-1.07973712,-7.38490971,8.96574962,-8.96600454,-1.08043591,-7.43151076,-7.38023016
0.00287711107,-1.04649839,-7.38407933,8.96574965,-8.9659873,-1.047144,-7.42962172,-7.3796795
0.00288211107,-1.0122269,-7.38315898,8.96574969,-8.96596886,-1.01282101,-7.42744556,-7.37903882
0.00288711107,-0.976956456,-7.382129,8.96574972,-8.96594923,-0.977500808,-7.42492222,-7.37828849
0.00289211107,-0.940721877,-7.38096186,8.96574976,-8.96592844,-0.941218263,-7.42196852,-7.37740095
0.00289711107,-0.903558919,-7.37961824,8.9657498,-8.96590651,-0.904009176,-7.41846434,-7.3763369
0.00290211107,-0.865504257,-7.37803829,8.96574985,-8.96588347,-0.865910268,-7.41422653,-7.37503644
0.00290711107,-0.826595447,-7.37612566,8.96574989,-8.96585933,-0.826959138,-7.40895541,-7.37340325
0.00291211107,-0.786870887,-7.37370983,8.96574994,-8.96583411,-0.787194226,-7.40210986,-7.37126677
0.00291711107,-0.74636978,-7.37044789,8.96574999,-8.96580777,-0.746654775,-7.39255934,-7.36828408
0.00292211107,-0.705132097,-7.36535845,8.96575004,-8.96578015,-0.705380793,-7.37660085,-7.36347372
0.00292546569,-0.6770722,-7.35941138,8.96575008,-8.96576071,-0.677297706,-7.35547848,-7.35771376
0.0029269682,-0.664406024,-7.35501395,8.96575009,-8.96575176,-0.664621449,-7.33538566,-7.35340008
0.00292770752,-0.658151812,-7.35187358,8.9657501,-8.96574736,-0.658362347,-7.31608606,-7.3503009
0.00292804626,-0.655281501,-7.35001252,8.9657501,-8.96574539,-0.655489811,-7.30104637,-7.34845869
0.00292834733,-0.652727916,-7.3479648,8.96575011,-8.96574373,-0.652934256,-7.27999828,-7.34642774
0.0029286653,-0.650028376,-7.34511463,8.96575011,-8.96574215,-0.650232645,-7.24409418,-7.34359526
0.00292901596,-0.647048351,-7.34052965,8.96575011,-8.96574062,-0.647250344,-7.1940504,-7.33902979
0.0029292078,-0.645416743,-7.33702464,8.96575012,-8.96573981,-0.645617497,-7.16842196,-7.33553545
0.00292939908,-0.643788911,-7.33255638,8.96575012,-8.96573895,-0.643988431,-7.14491284,-7.33107781
0.00292960475,-0.642037572,-7.32643779,8.96575012,-8.96573797,-0.642235769,-7.12142712,-7.32497064
0.00292985247,-0.639926788,-7.31678484,8.96575012,-8.96573676,-0.640123398,-7.09489047,-7.31533143
0.00293007683,-0.638013666,-7.30576531,8.96575012,-8.96573574,-0.638208841,-7.07195733,-7.30432433
0.00293029643,-0.636139924,-7.29330874,8.96575012,-8.9657349,-0.6363337,-7.05015395,-7.2918799
0.00293042424,-0.635048808,-7.28578016,8.96575013,-8.96573452,-0.635241771,-7.037664,-7.28435838
0.0029305622,-0.63387066,-7.27771722,8.96575013,-8.96573419,-0.634062748,-7.02429795,-7.27630306
0.00293071606,-0.632556064,-7.26884423,8.96575013,-8.96573392,-0.632747177,-7.00949451,-7.26743854
0.00293090235,-0.630963675,-7.25813635,8.96575013,-8.96573369,-0.631153612,-6.99167803,-7.25674091
0.0029310788,-0.62945457,-7.24790888,8.96575013,-8.96573355,-0.629643394,-6.97487744,-7.24652313
0.00293130024,-0.627559559,-7.23483954,8.96575013,-8.96573345,-0.627746991,-6.95385882,-7.23346595
0.00293155232,-0.625400895,-7.21964143,8.96575013,-8.96573339,-0.625586747,-6.92998634,-7.21828164
0.00293190774,-0.622354663,-7.19755312,8.96575013,-8.96573338,-0.622538297,-6.89637326,-7.19621274
0.00293230902,-0.618911538,-7.17170648,8.96575013,-8.9657334,-0.619092682,-6.85843892,-7.17038794
0.00293284692,-0.614290091,-7.13556271,8.96575013,-8.96573347,-0.614467917,-6.80756646,-7.13427332
0.00293346543,-0.608967448,-7.09207837,8.96575013,-8.96573356,-0.60914149,-6.74900257,-7.09082231
0.00293456348,-0.59949536,-7.01046727,8.96575013,-8.96573373,-0.599662765,-6.64481049,-7.00926987
0.00293615161,-0.585745349,-6.88437149,8.96575013,-8.965734,-0.585903341,-6.49359253,-6.88325767
0.00293932787,-0.558071734,-6.61262711,8.96575013,-8.96573458,-0.558211557,-6.18930798,-6.61167568
0.00294312696,-0.524680673,-6.26606575,8.96575013,-8.96573531,-0.524799925,-5.82221074,-6.26529966
0.00294812696,-0.480281999,-5.79162591,8.96575012,-8.96573632,-0.480376124,-5.33412525,-5.79108818
0.00295312696,-0.435409346,-5.3058093,8.96575012,-8.96573735,-0.435480576,-4.8408184,-5.30548175
0.00295812696,-0.390106995,-4.81305683,8.96575012,-8.9657384,-0.390157587,-4.34276972,-4.81292092
0.00296312696,-0.344419657,-4.31507951,8.96575012,-8.96573945,-0.344451885,-3.84046079,-4.31511648
0.00296812696,-0.298392418,-3.81272087,8.96575012,-8.96574052,-0.298408576,-3.3343894,-3.81291178
0.00297312696,-0.252070701,-3.30660248,8.96575011,-8.96574159,-0.2520731,-2.82505223,-3.30692822
0.00297812696,-0.205500221,-2.79724418,8.96575011,-8.96574267,-0.205491183,-2.31295329,-2.79768553
0.00298312696,-0.158726938,-2.28517166,8.96575011,-8.96574375,-0.158708796,-1.79859692,-2.28570926
0.00298812696,-0.111797009,-1.77088131,8.96575011,-8.96574484,-0.111772108,-1.28249134,-1.77149574
0.00299312696,-0.0647567512,-1.25489298,8.96575011,-8.96574594,-0.064727439,-0.76514545,-1.25556472
0.00299812696,-0.0176525858,-0.737705395,8.9657501,-8.96574703,-0.0176212169,-0.247070045,-0.738414866
0.00300312696,0.0294690005,-0.219839127,8.9657501,-8.96574813,0.0295000705,0.271223783,-0.220566733
0.00300812696,0.0765615045,0.298204292,8.9657501,-8.96574923,0.0765899203,0.789224456,0.29747817
0.00301312696,0.123578451,0.815904702,8.9657501,-8.96575033,0.123601861,1.30642085,0.81519968
0.00301812696,0.170473441,1.33275961,8.9657501,-8.96575142,0.170489496,1.82230254,1.33209528
0.00302312696,0.217200195,1.84825115,8.96575009,-8.96575251,0.217206555,2.33636046,1.84764707
0.00302812696,0.263712598,2.36187793,8.96575009,-8.9657536,0.263706933,2.84808729,2.36135359
0.00303312696,0.309964748,2.87312634,8.96575009,-8.96575469,0.309944741,3.35697805,2.87270114
0.00303812696,0.355911001,3.38149811,8.96575009,-8.96575576,0.355874346,3.86253055,3.38119138
0.00304312696,0.401506012,3.88648586,8.96575009,-8.96575683,0.401450422,4.36424588,3.88631678
0.00304812696,0.446704786,4.3875965,8.96575008,-8.9657579,0.446627992,4.86162893,4.38758412
0.00305312696,0.491462716,4.88433077,8.96575008,-8.96575895,0.49136247,5.35418885,4.88449399
0.00305812696,0.535735631,5.37620278,8.96575008,-8.96575999,0.535609709,5.84143957,5.37656034
0.00306312696,0.57947984,5.86272331,8.96575008,-8.96576102,0.579326043,6.32290025,5.86329372
0.00306812696,0.622652172,6.34341567,8.96575008,-8.96576204,0.622468328,6.79809576,6.34421726
0.00307182896,0.6542234,6.69526687,8.96575008,-8.96576279,0.654015927,7.14552283,6.69625129
0.0030732937,0.666618157,6.83171864,8.96575042,-8.96576307,0.666401013,7.2680283,6.83277812
0.00307407269,0.673187144,6.90051585,8.9657513,-8.96576322,0.672964782,7.30171973,6.90161585
0.00307484035,0.679644739,6.96219791,8.96575301,-8.96576335,0.679417187,7.32189584,6.96333822
0.00307573005,0.68710915,7.02529991,8.9657557,-8.96576348,0.686875519,7.33731783,7.02648736
0.00307666208,0.694905724,7.08221897,8.96575912,-8.96576359,0.694665655,7.34875763,7.08345623
0.0030782626,0.708238531,7.16108905,8.9657658,-8.96576375,0.707987236,7.3623398,7.16241266
0.00307993098,0.722060374,7.22230103,8.96577342,-8.96576388,0.721797152,7.37210103,7.22371553
0.00308083887,0.729548627,7.24805879,8.96577778,-8.96576393,0.729278817,7.37629266,7.24952305
0.00308189435,0.738224406,7.27268826,8.96578306,-8.96576398,0.737946852,7.38047976,7.27421058
0.00308316842,0.7486536,7.29566812,8.96578985,-8.96576402,0.748366577,7.38479681,7.29726075
0.00308434541,0.758245445,7.31169405,8.96579655,-8.96576406,0.757949558,7.38824166,7.3133518
0.0030861202,0.772630532,7.32888632,8.96580732,-8.96576409,0.772321064,7.39269993,7.33064249
0.00308794587,0.787327752,7.34070508,8.96581883,-8.96576411,0.78700405,7.39659336,7.3425627
0.00308990846,0.803011586,7.34917735,8.96583116,-8.96576412,0.802672283,7.40019573,7.35114417
0.00309316774,0.828786937,7.35780354,8.96585081,-8.96576413,0.828421052,7.40520392,7.35995194
0.00309816774,0.867649121,7.36461128,8.9658785,-8.96576413,0.867240842,7.41126975,7.36703851
0.00310316774,0.90565504,7.36797142,8.96590362,-8.96576413,0.905202448,7.41603764,7.37067767
0.00310816774,0.942767186,7.36999602,8.96592696,-8.96576412,0.942268406,7.41993646,7.3729814
0.00311316774,0.978948936,7.37133497,8.96594888,-8.96576411,0.978402136,7.42317064,7.37459954
0.00311816774,1.01416458,7.37232774,8.96596951,-8.9657641,1.01356798,7.42591496,7.37587155
0.00312316774,1.04837937,7.37307652,8.96598888,-8.9657641,1.04773123,7.42827091,7.3768996
0.00312816774,1.08155953,7.37365491,8.966007,-8.96576409,1.08085818,7.43030902,7.37775728
0.00313316774,1.11367232,7.3740996,8.96602388,-8.96576408,1.11291613,7.43208148,7.37848128
0.00313816774,1.14468606,7.37443907,8.96603952,-8.96576407,1.14387344,7.43362819,7.37910009
0.00314316774,1.17457013,7.37469137,8.96605393,-8.96576406,1.17369956,7.43498009,7.37963172
0.00314816774,1.20329503,7.37487126,8.96606713,-8.96576405,1.20236507,7.43616211,7.38009096
0.00315316774,1.23083244,7.37498909,8.96607914,-8.96576404,1.22984166,7.43719445,7.38048815
0.00315816774,1.25715515,7.37505387,8.96608997,-8.96576404,1.25610223,7.43809411,7.38083228
0.00316316774,1.28223721,7.37507209,8.96609969,-8.96576403,1.28112086,7.43887539,7.38112986
0.00316816774,1.30605386,7.37504986,8.96610831,-8.96576402,1.30487285,7.43955084,7.38138699
0.00317316774,1.32858158,7.3749916,8.9661159,-8.96576402,1.32733477,7.44013138,7.38160808
0.00317816774,1.34979816,7.37490177,8.96612251,-8.96576401,1.34848445,7.4406269,7.38179761
0.00318316774,1.36968265,7.37478362,8.9661282,-8.96576401,1.36830102,7.44104629,7.38195881
0.00318816774,1.38821543,7.37464067,8.96613305,-8.96576401,1.38676492,7.44139786,7.3820952
0.00319316774,1.40537821,7.37447544,8.96613712,-8.965764,1.40385793,7.4416892,7.38220931
0.00319816774,1.42115405,7.37429086,8.96614048,-8.965764,1.41956318,7.44192757,7.38230407
0.00320316774,1.43552738,7.37408902,8.96614322,-8.965764,1.43386517,7.44211969,7.38238155
0.00320816774,1.44848402,7.37387246,8.9661454,-8.965764,1.44674979,7.44227197,7.38244431
0.00321316774,1.46001118,7.37364293,8.96614711,-8.965764,1.45820433,7.44239035,7.38249409
0.00321816774,1.47009748,7.37340267,8.96614842,-8.965764,1.46821747,7.44248045,7.38253313
0.00322316774,1.47873298,7.37315314,8.9661494,-8.965764,1.47677934,7.44254731,7.38256289
0.00322816774,1.48590915,7.37289626,8.96615011,-8.96576399,1.48388149,7.44259548,7.38258529
0.00323316774,1.4916189,7.37263318,8.9661506,-8.96576399,1.4895169,7.44262901,7.38260148
0.00323816774,1.4958566,7.37236546,8.96615093,-8.96576399,1.49368003,7.44265131,7.38261302
0.00324316774,1.49861808,7.37209388,8.96615113,-8.96576399,1.49636675,7.44266486,7.3826207
0.00324816774,1.4999006,7.37181953,8.96615124,-8.96576399,1.49757442,7.44267151,7.38262559
0.00325316774,1.4997029,7.37154275,8.96615125,-8.96576399,1.49730184,7.44267219,7.38262803
0.00325816774,1.49802517,7.3712641,8.96615119,-8.96576399,1.49554929,7.44266705,7.3826286
0.00326316774,1.49486908,7.3709834,8.96615102,-8.96576399,1.4923185,7.44265528,7.38262711
0.00326816774,1.49023772,7.37070069,8.96615075,-8.96576399,1.48761265,7.44263534,7.38262361
0.00327316774,1.48413569,7.37041528,8.96615032,-8.96576399,1.48143638,7.44260477,7.38261738
0.00327816774,1.47656899,7.37012668,8.9661497,-8.96576399,1.4737958,7.44256053,7.38260796
0.00328316774,1.46754509,7.36983373,8.96614884,-8.965764,1.46469844,7.44249866,7.38259417
0.00328816774,1.45707291,7.36953546,8.96614767,-8.965764,1.45415328,7.44241468,7.38257506
0.00329316774,1.44516277,7.3692303,8.96614612,-8.965764,1.44217073,7.44230369,7.38254904
0.00329816774,1.43182643,7.36891693,8.96614413,-8.965764,1.42876262,7.44216024,7.38251481
0.00330316774,1.41707705,7.36859345,8.96614162,-8.965764,1.41394217,7.44197841,7.38247044
0.00330816774,1.40092919,7.36825822,8.96613852,-8.965764,1.39772401,7.44175195,7.38241432
0.00331316774,1.38339877,7.36790904,8.96613474,-8.965764,1.38012415,7.44147416,7.38234424
0.00331816774,1.36450311,7.36754399,8.96613021,-8.96576401,1.36115996,7.44113798,7.38225827
0.00332316774,1.34426085,7.36716056,8.96612486,-8.96576401,1.34085014,7.44073582,7.3821539
0.00332816774,1.32269197,7.36675646,8.96611863,-8.96576401,1.31921476,7.44025964,7.38202886
0.00333316774,1.29981775,7.36632879,8.96611144,-8.96576402,1.29627515,7.43970062,7.38188022
0.00333816774,1.27566077,7.36587474,8.96610324,-8.96576402,1.27205396,7.4390492,7.38170519
0.00334316774,1.25024486,7.36539078,8.96609399,-8.96576403,1.24657508,7.43829464,7.38150023
0.00334816774,1.22359511,7.36487328,8.96608363,-8.96576403,1.21986367,7.43742491,7.38126171
0.00335316774,1.19573783,7.36431766,8.96607213,-8.96576404,1.19194609,7.43642608,7.38098505
0.00335816774,1.16670049,7.36371889,8.96605946,-8.96576405,1.16284988,7.43528192,7.38066523
0.00336316774,1.13651176,7.36307059,8.96604559,-8.96576405,1.13260376,7.43397298,7.38029584
0.00336816774,1.10520143,7.36236529,8.96603052,-8.96576406,1.10123758,7.43247564,7.37986943
0.00337316774,1.0728004,7.36159328,8.96601425,-8.96576407,1.0687823,7.43076042,7.37937628
0.00337816774,1.03934065,7.36074251,8.96599677,-8.96576408,1.03526994,7.42878982,7.37880434
0.00338316774,1.00485519,7.35979676,8.96597809,-8.96576409,1.00073358,7.42651462,7.3781374
0.00338816774,0.969378062,7.35873451,8.96595823,-8.96576409,0.965207304,7.42386843,7.37735391
0.00339316774,0.932944274,7.35752518,8.96593722,-8.9657641,0.928726166,7.42075803,7.37642329
0.00339816774,0.895589783,7.35612452,8.96591509,-8.96576411,0.891326172,7.41704678,7.3753013
0.00340316774,0.857351453,7.35446382,8.96589185,-8.96576412,0.853044231,7.41252185,7.37391921
0.00340816774,0.818267021,7.35242972,8.96586752,-8.96576412,0.813918122,7.40682531,7.37216365
0.00341316774,0.778375058,7.34981417,8.96584212,-8.96576413,0.77398646,7.39928402,7.36982655
0.00341816774,0.737714932,7.34617438,8.96581557,-8.96576413,0.733288651,7.38839993,7.36646509
0.00342316774,0.696326772,7.34004361,8.96578765,-8.96576412,0.691864859,7.36835473,7.36061247
0.00342545533,0.677159334,7.3352351,8.96577433,-8.96576411,0.672681812,7.34958627,7.35593113
0.00342664916,0.667100565,7.33137788,8.96576726,-8.9657641,0.662615073,7.33033142,7.35214023
0.00342722116,0.662267735,7.32882065,8.9657639,-8.9657641,0.657778466,7.31345575,7.34961476
0.00342753796,0.659587414,7.32704247,8.96576208,-8.96576409,0.655096065,7.29839388,7.34785417
0.00342783325,0.657086763,7.32499283,8.96576048,-8.96576409,0.652593484,7.27638538,7.34582092
0.00342816002,0.654316856,7.32196928,8.9657589,-8.96576408,0.649821449,7.23761993,7.3428155
0.00342850897,0.651355963,7.31721565,8.96575741,-8.96576406,0.646858293,7.18797811,7.33808121
0.00342872399,0.649529808,7.31305986,8.9657565,-8.96576405,0.645030749,7.16002167,7.33393735
0.00342893093,0.647771298,7.30783583,8.96575555,-8.96576404,0.643270906,7.13540324,7.32872477
0.00342914519,0.645949314,7.3008833,8.96575451,-8.96576402,0.641447545,7.1116523,7.3217841
0.00342937401,0.644002262,7.29126524,8.96575341,-8.965764,0.639499028,7.08764437,7.31217869
0.0034296101,0.64199201,7.27906239,8.96575237,-8.96576398,0.637487268,7.06382714,7.29998887
0.0034297569,0.640741286,7.27058734,8.96575182,-8.96576396,0.636235609,7.04935343,7.29152191
0.00342988864,0.639618403,7.26278072,8.96575142,-8.96576395,0.635111889,7.03651111,7.28372254
0.00343003168,0.638398766,7.25438799,8.96575107,-8.96576393,0.633891345,7.02268663,7.27533768
0.0034301877,0.637067864,7.24537171,8.96575078,-8.96576391,0.632559454,7.00771193,7.26632997
0.00343035847,0.635610346,7.23554357,8.96575056,-8.96576389,0.631100857,6.99141109,7.2565112
0.00343054478,0.634019425,7.22472572,8.9657504,-8.96576387,0.629508761,6.97370244,7.24570355
0.00343075975,0.632182686,7.2120373,8.96575027,-8.96576384,0.627670672,6.95333308,7.23302688
0.00343103472,0.629831581,7.19543486,8.96575018,-8.96576381,0.625317844,6.92733579,7.21643945
0.00343141613,0.626567342,7.17166203,8.96575011,-8.96576376,0.622051225,6.89132426,7.19268737
0.00343182246,0.623085882,7.14538031,8.96575009,-8.9657637,0.618567245,6.85297306,7.16642769
0.00343239093,0.618208308,7.1069876,8.96575008,-8.96576362,0.613686169,6.79928514,7.12806567
0.00343297596,0.613180423,7.06568877,8.96575007,-8.96576353,0.608654708,6.74396611,7.08679825
0.00343414602,0.603099865,6.97838557,8.96575007,-8.96576334,0.598567087,6.63308208,6.99955729
0.00343538684,0.592374046,6.88009978,8.96575007,-8.96576313,0.587833907,6.51512204,6.90133663
0.00343786849,0.570815045,6.6709158,8.96575007,-8.96576269,0.566260584,6.27806068,6.69228004
0.00344150403,0.538982648,6.34450932,8.96575008,-8.96576199,0.534408178,5.92808716,6.3660528
0.00344558162,0.502945887,5.96210115,8.96575008,-8.96576118,0.49835036,5.53191838,5.98383471
0.00345058162,0.458309016,5.4807589,8.96575008,-8.96576016,0.453689686,5.04120839,5.50270918
0.00345558162,0.413219849,4.99107658,8.96575008,-8.96575912,0.40857896,4.54550511,5.01322519
0.00346058162,0.367722884,4.49557422,8.96575008,-8.96575807,0.363062702,4.04529637,4.51790249
0.00346558162,0.321863021,3.99532774,8.96575008,-8.96575701,0.317185831,3.54106928,4.01781683
0.00347058162,0.275685518,3.49104019,8.96575009,-8.96575594,0.270993621,3.03332352,3.51367106
0.00347558162,0.229235946,2.98324274,8.96575009,-8.96575487,0.22453166,2.52255817,3.00599624
0.00348058162,0.182560147,2.4724759,8.96575009,-8.96575378,0.177845799,2.00927842,2.49533272
0.00348558162,0.135704183,1.95922753,8.96575009,-8.9657527,0.130982112,1.49399006,1.98216828
0.00349058162,0.0887142945,1.44402645,8.96575009,-8.9657516,0.0839868475,0.977202109,1.46703167
0.00349558162,0.0416368562,0.92736169,8.9657501,-8.96575051,0.0369063849,0.459424283,0.950411817
0.00350058162,-0.00548167267,0.409762518,8.9657501,-8.96574941,-0.0102128132,-0.0588322122,0.432837969
0.00350558162,-0.0525947918,-0.108278653,8.9657501,-8.96574831,-0.0573242459,-0.577056028,-0.0851974919
0.00351058162,-0.0996560062,-0.626232761,8.9657501,-8.96574722,-0.10438142,-1.09473565,-0.603165512
0.00351558162,-0.146618872,-1.14360567,8.9657501,-8.96574612,-0.151337895,-1.6113602,-1.12057194
0.00352058162,-0.193437043,-1.65987037,8.96575011,-8.96574502,-0.19814733,-2.1264198,-1.63688974
0.00352558162,-0.240064315,-2.17453305,8.96575011,-8.96574393,-0.244763531,-2.63940614,-2.15162503
0.00353058162,-0.286454672,-2.6870707,8.96575011,-8.96574285,-0.291140493,-3.14981294,-2.66425477
0.00353558162,-0.332562333,-3.19699188,8.96575011,-8.96574177,-0.337232447,-3.65713647,-3.17428739
0.00354058162,-0.378341796,-3.70377956,8.96575011,-8.96574069,-0.382993905,-4.16087605,-3.68120576
0.00354558162,-0.42374788,-4.2069467,8.96575012,-8.96573963,-0.428379707,-4.66053452,-4.18452273
0.00355058162,-0.468735777,-4.70598417,8.96575012,-8.96573857,-0.473345063,-5.15561877,-4.683729
0.00355558162,-0.513261088,-5.20041139,8.96575012,-8.96573752,-0.517845596,-5.64564019,-5.17834384
0.00356058162,-0.557279872,-5.68972902,8.96575012,-8.96573648,-0.56183739,-6.13011519,-5.66786772
0.00356558162,-0.600748688,-6.17346493,8.96575012,-8.96573546,-0.60527703,-6.6085656,-6.15182832
0.00357058162,-0.643624638,-6.65112894,8.96575013,-8.96573445,-0.648121647,-7.08051189,-6.62973522
0.00357250962,-0.659990178,-6.83240989,8.96575013,-8.96573427,-0.664474535,-7.25327823,-6.81111464
0.00357335266,-0.667115911,-6.90823306,8.96575013,-8.96573486,-0.671594636,-7.29600578,-6.88698168
0.00357423657,-0.67456701,-6.98037471,8.96575012,-8.96573656,-0.679039766,-7.32079297,-6.95916983
0.0035750537,-0.681436671,-7.03918043,8.96575012,-8.96573887,-0.685903851,-7.3356122,-7.01801895
0.0035759548,-0.688991395,-7.09557108,8.96575011,-8.96574199,-0.693452361,-7.34721389,-7.07445784
0.00357752436,-0.70209765,-7.17532163,8.9657501,-8.96574832,-0.706547629,-7.36114867,-7.15429324
0.00357914894,-0.715591342,-7.23729258,8.96575009,-8.96575558,-0.720029733,-7.37105816,-7.21635288
0.00358004914,-0.723036335,-7.2640885,8.96575008,-8.96575982,-0.727468211,-7.37537998,-7.24319825
0.00358116547,-0.732236693,-7.29136244,8.96575007,-8.96576532,-0.736660398,-7.37994682,-7.27053374
0.00358230137,-0.741561298,-7.31304721,8.96575006,-8.96577126,-0.745976583,-7.38391855,-7.29228134
0.00358340584,-0.750591744,-7.32943478,8.96575005,-8.96577743,-0.75499874,-7.38728306,-7.30873017
0.00358527403,-0.765784019,-7.34915428,8.96575003,-8.96578865,-0.770176769,-7.39213999,-7.32855355
0.00358718906,-0.781247636,-7.36235723,8.96575001,-8.96580077,-0.78562549,-7.39631444,-7.34186321
0.0035889769,-0.795582191,-7.37059393,8.96574998,-8.96581212,-0.799945872,-7.39966949,-7.35019968
0.00359203512,-0.819868691,-7.37946677,8.96574995,-8.96583087,-0.824207538,-7.40451819,-7.35924339
0.00359703512,-0.858919541,-7.3869878,8.9657499,-8.96585914,-0.863216205,-7.41078034,-7.36704409
0.00360203512,-0.897122742,-7.39062364,8.96574985,-8.96588472,-0.901375292,-7.41567779,-7.37095981
0.00360703512,-0.93444059,-7.39277407,8.9657498,-8.9659084,-0.938647142,-7.41967076,-7.37339022
0.00361203512,-0.970836259,-7.39417712,8.96574976,-8.96593065,-0.974994972,-7.42297511,-7.37507333
0.00361703512,-1.00627383,-7.39521431,8.96574972,-8.96595159,-1.01038291,-7.42577543,-7.37639062
0.00362203512,-1.04071833,-7.39599484,8.96574969,-8.96597126,-1.04477603,-7.4281777,-7.37745129
0.00362703512,-1.07413577,-7.39659804,8.96574965,-8.96598968,-1.0781404,-7.43025508,-7.37833466
0.00363203512,-1.10649316,-7.39706258,8.96574962,-8.96600685,-1.11044308,-7.43206153,-7.37907938
0.00363703512,-1.13775858,-7.39741855,8.96574959,-8.96602279,-1.1416522,-7.43363818,-7.37971555
0.00364203512,-1.16790117,-7.39768473,8.96574956,-8.96603748,-1.17173695,-7.43501683,-7.38026194
0.00364703512,-1.19689118,-7.39787655,8.96574954,-8.96605096,-1.20066766,-7.43622299,-7.38073397
0.00365203512,-1.2247,-7.3980047,8.96574951,-8.96606323,-1.22841575,-7.43727733,-7.38114235
0.00365703512,-1.25130019,-7.39807851,8.96574949,-8.96607433,-1.25495386,-7.43819714,-7.38149639
0.00366203512,-1.27666551,-7.39810469,8.96574948,-8.96608429,-1.2802558,-7.438997,-7.3818028
0.00366703512,-1.3007709,-7.3980895,8.96574946,-8.96609315,-1.30429658,-7.4396896,-7.38206784
0.00367203512,-1.32359259,-7.39803747,8.96574944,-8.96610097,-1.32705249,-7.44028599,-7.38229604
0.00367703512,-1.34510806,-7.3979532,8.96574943,-8.96610779,-1.34850107,-7.44079614,-7.38249199
0.00368203512,-1.36529607,-7.39783996,8.96574942,-8.96611368,-1.36862115,-7.44122902,-7.38265898
0.00368703512,-1.38413669,-7.39770135,8.96574941,-8.96611871,-1.38739288,-7.44159295,-7.38280059
0.00369203512,-1.40161134,-7.39753993,8.9657494,-8.96612294,-1.40479772,-7.44189556,-7.38291938
0.00369703512,-1.41770277,-7.39735868,8.9657494,-8.96612645,-1.42081851,-7.44214412,-7.38301834
0.00370203512,-1.43239509,-7.3971597,8.96574939,-8.96612932,-1.43543943,-7.44234535,-7.38309956
0.00370703512,-1.44567382,-7.39694555,8.96574939,-8.96613162,-1.44864606,-7.44250569,-7.3831656
0.00371203512,-1.45752584,-7.39671802,8.96574938,-8.96613343,-1.46042535,-7.44263109,-7.38321825
0.00371703512,-1.46793945,-7.39647936,8.96574938,-8.96613482,-1.47076569,-7.44272718,-7.38325976
0.00372203512,-1.47690439,-7.39623105,8.96574938,-8.96613587,-1.47965687,-7.44279907,-7.38329162
0.00372703512,-1.4844118,-7.39597505,8.96574938,-8.96613663,-1.48709012,-7.44285145,-7.38331577
0.00373203512,-1.49045428,-7.39571253,8.96574938,-8.96613717,-1.49305809,-7.44288826,-7.3833334
0.00373703512,-1.49502586,-7.39544507,8.96574938,-8.96613753,-1.49755491,-7.44291308,-7.38334607
0.00374203512,-1.49812203,-7.3951735,8.96574938,-8.96613776,-1.50057612,-7.44292865,-7.38335463
0.00374703512,-1.49973973,-7.39489897,8.96574938,-8.96613789,-1.50211876,-7.44293689,-7.38336022
0.00375203512,-1.49987737,-7.39462186,8.96574937,-8.96613792,-1.50218129,-7.44293891,-7.38336321
0.00375703512,-1.49853481,-7.39434279,8.96574938,-8.96613787,-1.50076367,-7.44293506,-7.38336424
0.00376203512,-1.49571338,-7.39406164,8.96574938,-8.96613774,-1.49786727,-7.44292474,-7.38336317
0.00376703512,-1.49141586,-7.39377852,8.96574938,-8.96613749,-1.49349497,-7.44290659,-7.38336012
0.00377203512,-1.4856465,-7.39349278,8.96574938,-8.9661371,-1.48765108,-7.44287838,-7.38335444
0.00377703512,-1.47841098,-7.393204,8.96574938,-8.96613654,-1.48034136,-7.44283727,-7.38334572
0.00378203512,-1.46971645,-7.39291108,8.96574938,-8.96613574,-1.47157303,-7.4427795,-7.38333283
0.00378703512,-1.45957148,-7.39261311,8.96574938,-8.96613464,-1.46135474,-7.44270077,-7.38331489
0.00379203512,-1.44798609,-7.39230855,8.96574938,-8.96613319,-1.44969658,-7.44259637,-7.38329035
0.00379703512,-1.43497172,-7.39199615,8.96574939,-8.96613132,-1.43661005,-7.44246099,-7.38325796
0.00380203512,-1.4205412,-7.39167404,8.96574939,-8.96612894,-1.42210807,-7.44228891,-7.38321584
0.00380703512,-1.40470878,-7.39134064,8.9657494,-8.96612598,-1.40620494,-7.44207403,-7.38316242
0.00381203512,-1.38749008,-7.39099379,8.9657494,-8.96612236,-1.38891637,-7.44180981,-7.38309554
0.00381703512,-1.3689021,-7.39063161,8.96574941,-8.96611802,-1.37025941,-7.44148937,-7.38301331
0.00382203512,-1.34896318,-7.39025164,8.96574942,-8.96611287,-1.35025247,-7.44110535,-7.38291328
0.00382703512,-1.32769299,-7.38985166,8.96574943,-8.96610685,-1.32891531,-7.4406499,-7.38279323
0.00383203512,-1.30511253,-7.38942883,8.96574945,-8.96609989,-1.30626897,-7.44011451,-7.38265031
0.00383703512,-1.28124408,-7.38898045,8.96574946,-8.96609193,-1.2823358,-7.43948995,-7.38248183
0.00384203512,-1.25611119,-7.38850308,8.96574948,-8.96608293,-1.25713944,-7.43876592,-7.38228434
0.00384703512,-1.22973868,-7.38799326,8.9657495,-8.96607282,-1.23070473,-7.4379309,-7.38205438
0.00385203512,-1.20215256,-7.38744659,8.96574952,-8.96606159,-1.20305777,-7.43697167,-7.38178754
0.00385703512,-1.17338007,-7.38685832,8.96574954,-8.96604918,-1.17422584,-7.43587288,-7.38147909
0.00386203512,-1.14344959,-7.38622238,8.96574956,-8.96603559,-1.1442374,-7.43461628,-7.38112294
0.00386703512,-1.11239066,-7.38553179,8.96574959,-8.96602079,-1.11312204,-7.43317983,-7.38071212
0.00387203512,-1.08023394,-7.38477747,8.96574962,-8.96600478,-1.08091047,-7.43153624,-7.38023754
0.00387703512,-1.04701115,-7.3839483,8.96574965,-8.96598756,-1.04763448,-7.42965105,-7.37968808
0.00388203512,-1.0127551,-7.38302938,8.96574969,-8.96596914,-1.0133269,-7.42747948,-7.37904884
0.00388703512,-0.977499574,-7.3820012,8.96574972,-8.96594953,-0.978021594,-7.42496177,-7.37830029
0.00389203512,-0.941279377,-7.38083631,8.96574976,-8.96592875,-0.941753404,-7.42201512,-7.377415
0.00389703512,-0.90413025,-7.37949566,8.9657498,-8.96590684,-0.904558121,-7.41852013,-7.37635391
0.00390203512,-0.866088856,-7.37791974,8.96574985,-8.96588381,-0.866472453,-7.41429484,-7.37505748
0.00390703512,-0.827192737,-7.37601297,8.96574989,-8.96585969,-0.827533986,-7.40904194,-7.37343015
0.00391203512,-0.787480278,-7.37360635,8.96574994,-8.96583449,-0.787781146,-7.40222541,-7.37130287
0.00391703512,-0.746990671,-7.37036093,8.96574999,-8.96580816,-0.747253166,-7.39272849,-7.3683367
0.00392203512,-0.705763875,-7.36531202,8.96575004,-8.96578056,-0.70599004,-7.3769173,-7.36356687
0.00392545731,-0.677142677,-7.35927474,8.96575008,-8.96576074,-0.677345174,-7.35553635,-7.35772046
0.0039269615,-0.664462689,-7.3548787,8.96575009,-8.96575178,-0.664655093,-7.33546332,-7.35340826
0.00392770965,-0.658133793,-7.35169924,8.9657501,-8.96574733,-0.658321248,-7.31591496,-7.35027048
0.00392804567,-0.655286495,-7.34984945,8.9657501,-8.96574538,-0.655471743,-7.30093062,-7.3484394
0.00392834905,-0.652713323,-7.3477805,8.96575011,-8.9657437,-0.652896587,-7.27960847,-7.34638734
0.00392866642,-0.65001885,-7.34492394,8.96575011,-8.96574213,-0.650200045,-7.24357472,-7.34354844
0.00392901518,-0.64705502,-7.34034855,8.96575011,-8.96574061,-0.647233954,-7.19378367,-7.33899245
0.00392920902,-0.645406301,-7.33679313,8.96575012,-8.96573979,-0.645583982,-7.16791767,-7.33544781
0.00392940149,-0.643768411,-7.3322713,8.96575012,-8.96573892,-0.643944851,-7.14430697,-7.33093668
0.00392960768,-0.642012621,-7.3260972,8.96575012,-8.96573794,-0.642187734,-7.12080393,-7.32477402
0.0039298556,-0.63990012,-7.31637456,8.96575012,-8.96573673,-0.640073644,-7.0942825,-7.31506513
0.00393008022,-0.637984786,-7.30528686,8.96575012,-8.96573571,-0.638156875,-7.07134488,-7.30398987
0.00393029108,-0.636185595,-7.29331234,8.96575012,-8.96573491,-0.63635634,-7.05041485,-7.29202702
0.00393041843,-0.635098414,-7.28581254,8.96575013,-8.96573452,-0.635268349,-7.03796702,-7.28453424
0.00393055733,-0.633912212,-7.27769224,8.96575013,-8.96573419,-0.634081266,-7.02450725,-7.27642161
0.00393071175,-0.632592877,-7.26878665,8.96575013,-8.96573392,-0.632760953,-7.00964902,-7.26752453
0.00393089788,-0.631001885,-7.25808933,8.96575013,-8.96573369,-0.631168784,-6.99184707,-7.25683745
0.00393107336,-0.629501097,-7.24792022,8.96575013,-8.96573355,-0.62966689,-6.97513816,-7.24667798
0.00393129456,-0.627608153,-7.23486831,8.96575013,-8.96573345,-0.627772555,-6.95414145,-7.23363821
0.00393154562,-0.625458328,-7.21973784,8.96575013,-8.96573339,-0.625621158,-6.93036588,-7.21852148
0.00393189703,-0.622446459,-7.19791141,8.96575013,-8.96573338,-0.622607095,-6.89713088,-7.19671424
0.0039322979,-0.619007034,-7.17211146,8.96575013,-8.9657334,-0.619165181,-6.85923637,-7.17093611
0.00393282997,-0.614435823,-7.13639435,8.96575013,-8.96573346,-0.614590689,-6.80891624,-7.13524784
0.0039334549,-0.609058143,-7.09249479,8.96575013,-8.96573355,-0.609209185,-6.7497464,-7.09138196
0.00393450484,-0.600001928,-7.01459724,8.96575013,-8.96573372,-0.600146621,-6.65012833,-7.01354052
0.00393615626,-0.585705007,-6.88363987,8.96575013,-8.965734,-0.585839908,-6.49289508,-6.88267009
0.0039394591,-0.556923533,-6.60065742,8.96575013,-8.9657346,-0.557039562,-6.1764303,-6.59985634
0.0039431177,-0.524762383,-6.2665184,8.96575013,-8.96573531,-0.524858622,-5.822855,-6.26589563
0.0039481177,-0.480364627,-5.79211616,8.96575012,-8.96573632,-0.480435736,-5.33478023,-5.79172178
0.0039531177,-0.43549281,-5.30631692,8.96575012,-8.96573735,-0.435541022,-4.84148218,-5.30613274
0.0039581177,-0.390191214,-4.81357666,8.96575012,-8.96573839,-0.390218784,-4.34344213,-4.81358414
0.0039631177,-0.344504547,-4.31560774,8.96575012,-8.96573945,-0.34451375,-3.84114045,-4.31578812
0.0039681177,-0.298477895,-3.8132573,8.96575012,-8.96574051,-0.298471025,-3.3350757,-3.81359164
0.0039731177,-0.252156681,-3.30714483,8.96575011,-8.96574159,-0.252136048,-2.82574404,-3.30761402
0.0039781177,-0.205586619,-2.79779265,8.96575011,-8.96574267,-0.205554546,-2.31364982,-2.79837747
0.0039831177,-0.158813668,-2.28572416,8.96575011,-8.96574375,-0.158772489,-1.79929713,-2.28640526
0.0039881177,-0.111883987,-1.77143802,8.96575011,-8.96574484,-0.111836045,-1.28319436,-1.77219595
0.0039931177,-0.0648438906,-1.25545187,8.96575011,-8.96574594,-0.0647915339,-0.765850289,-1.25626713
0.0039981177,-0.0177398006,-0.738266566,8.9657501,-8.96574703,-0.0176853839,-0.247775784,-0.739119587
0.0040031177,0.0293817964,-0.220400613,8.9657501,-8.96574813,0.0294359174,0.270518105,-0.221271791
0.0040081177,0.0764743972,0.297642441,8.9657501,-8.96574923,0.0765258671,0.788519778,0.296772726
0.0040131177,0.123491527,0.815344397,8.9657501,-8.96575032,0.123537993,1.30571812,0.814495761
0.0040181177,0.170386785,1.33220086,8.9657501,-8.96575142,0.170425901,1.82160271,1.3313929
0.0040231177,0.217113893,1.84769581,8.96575009,-8.96575251,0.217143317,2.33566445,1.84694807
0.0040281177,0.263626735,2.36132605,8.96575009,-8.9657536,0.263644137,2.84739606,2.36065803
0.0040331177,0.309879409,2.87257971,8.96575009,-8.96575468,0.309882472,3.35629252,2.87201082
0.0040381177,0.35582627,3.38095686,8.96575009,-8.96575576,0.355812688,3.86185165,3.3805064
0.0040431177,0.401421973,3.88595168,8.96575009,-8.96575683,0.401389459,4.36357452,3.88563886
0.0040481177,0.446621522,4.38706956,8.96575008,-8.96575789,0.446567807,4.86096603,4.38691342
0.0040531177,0.491380308,4.88381271,8.96575008,-8.96575895,0.491303145,5.35353531,4.88383215
0.0040581177,0.535654162,5.3756938,8.96575008,-8.96575999,0.535551325,5.8407963,5.37590756
0.0040631177,0.57939939,5.86222498,8.96575008,-8.96576102,0.57926868,6.32226812,5.86265158
0.0040681177,0.62257282,6.34292822,8.96575008,-8.96576204,0.622412067,6.79747565,6.34358598
0.00407184921,0.65439516,6.69757628,8.96575008,-8.96576279,0.654210586,7.14765861,6.69841835
0.00407329577,0.666635654,6.8323048,8.96575042,-8.96576308,0.666441528,7.26828985,6.83322101
0.00407407326,0.673191894,6.90094043,8.96575131,-8.96576322,0.67299256,7.30182408,6.90189708
0.00407484137,0.679653291,6.96262757,8.96575302,-8.96576335,0.679448763,7.32197376,6.96362456
0.00407573658,0.687163855,7.02605568,8.96575573,-8.96576348,0.686953211,7.33745123,7.0271001
0.00407667134,0.694983099,7.08303936,8.96575916,-8.9657636,0.694765996,7.3488834,7.08413374
0.00407826808,0.708284053,7.16157978,8.96576583,-8.96576375,0.70805575,7.36239684,7.16276031
0.00407993511,0.722094484,7.22265635,8.96577346,-8.96576388,0.721854262,7.37213541,7.22392772
0.00408084236,0.729577364,7.24836259,8.96577781,-8.96576393,0.729330559,7.37631956,7.24968369
0.00408189534,0.738232504,7.27290771,8.96578308,-8.96576398,0.737977973,7.38049368,7.27428673
0.00408316883,0.748656873,7.29585955,8.96578986,-8.96576402,0.748392877,7.38480685,7.29730884
0.00408434555,0.7582466,7.31187089,8.96579657,-8.96576406,0.757973741,7.38824978,7.3133853
0.00408611613,0.772597618,7.32901872,8.96580731,-8.96576409,0.772311211,7.39269708,7.33063131
0.00408794372,0.787310533,7.340851,8.96581883,-8.96576411,0.787009876,7.39659476,7.34256516
0.00408990654,0.80299631,7.3493236,8.96583117,-8.96576412,0.80268005,7.40019737,7.35114697
0.00409316111,0.828734887,7.35793915,8.96585079,-8.96576413,0.828392084,7.40519878,7.35994383
0.00409816111,0.86759818,7.36475116,8.96587848,-8.96576413,0.867212985,7.41126587,7.36703468
0.00410316111,0.905605259,7.36811309,8.96590361,-8.96576413,0.905175752,7.41603458,7.37067564
0.00410816111,0.942718614,7.37013836,8.96592694,-8.96576412,0.94224292,7.41993399,7.37298004
0.00411316111,0.978901621,7.37147766,8.96594887,-8.96576411,0.978377909,7.42316861,7.37459854
0.00411816111,1.01411857,7.37247064,8.9659695,-8.9657641,1.01354506,7.42591327,7.37587077
0.00412316111,1.0483347,7.37321958,8.96598886,-8.9657641,1.04770966,7.42826949,7.37689898
0.00412816111,1.08151626,7.37379807,8.96600699,-8.96576409,1.080838,7.43030783,7.37775677
0.00413316111,1.11363049,7.37424285,8.96602387,-8.96576408,1.11289738,7.43208048,7.37848086
0.00413816111,1.1446457,7.37458239,8.96603951,-8.96576407,1.14385617,7.43362735,7.37909974
0.00414316111,1.17453129,7.37483474,8.96605393,-8.96576406,1.17368382,7.4349794,7.37963144
0.00414816111,1.20325775,7.37501468,8.96606713,-8.96576405,1.20235088,7.43616154,7.38009073
0.00415316111,1.23079674,7.37513255,8.96607913,-8.96576404,1.22982907,7.43719399,7.38048796
0.00415816111,1.25712109,7.37519735,8.96608997,-8.96576404,1.25609126,7.43809374,7.38083212
0.00416316111,1.28220481,7.37521561,8.96609968,-8.96576403,1.28111155,7.4388751,7.38112974
0.00416816111,1.30602314,7.3751934,8.96610831,-8.96576402,1.30486523,7.43955063,7.38138689
0.00417316111,1.32855259,7.37513515,8.9661159,-8.96576402,1.32732888,7.44013122,7.38160801
0.00417816111,1.34977092,7.37504534,8.96612251,-8.96576401,1.34848031,7.4406268,7.38179756
0.00418316111,1.36965719,7.3749272,8.9661282,-8.96576401,1.36829866,7.44104624,7.38195878
0.00418816111,1.38819177,7.37478426,8.96613305,-8.96576401,1.38676436,7.44139784,7.38209518
0.00419316111,1.40535638,7.37461903,8.96613712,-8.965764,1.4038592,7.44168921,7.3822093
0.00419816111,1.42113407,7.37443446,8.96614048,-8.965764,1.4195663,7.44192761,7.38230407
0.00420316111,1.43550927,7.37423262,8.96614322,-8.965764,1.43387016,7.44211974,7.38238156
0.00420816111,1.44846779,7.37401606,8.9661454,-8.965764,1.44675666,7.44227203,7.38244432
0.00421316111,1.45999685,7.37378654,8.96614711,-8.965764,1.4582131,7.44239043,7.38249411
0.00421816111,1.47008507,7.37354627,8.96614842,-8.965764,1.46822816,7.44248053,7.38253315
0.00422316111,1.4787225,7.37329674,8.9661494,-8.965764,1.47679196,7.44254739,7.38256292
0.00422816111,1.4859006,7.37303985,8.96615011,-8.96576399,1.48389604,7.44259556,7.38258532
0.00423316111,1.4916123,7.37277677,8.9661506,-8.96576399,1.4895334,7.44262909,7.38260151
0.00423816111,1.49585196,7.37250904,8.96615093,-8.96576399,1.49369848,7.44265139,7.38261305
0.00424316111,1.4986154,7.37223746,8.96615114,-8.96576399,1.49638716,7.44266494,7.38262072
0.00424816111,1.49989988,7.3719631,8.96615124,-8.96576399,1.49759679,7.44267159,7.38262562
0.00425316111,1.49970414,7.37168631,8.96615125,-8.96576399,1.49732618,7.44267228,7.38262806
0.00425816111,1.49802837,7.37140766,8.96615119,-8.96576399,1.49557559,7.44266715,7.38262863
0.00426316111,1.49487423,7.37112696,8.96615103,-8.96576399,1.49234675,7.44265541,7.38262715
0.00426816111,1.49024484,7.37084425,8.96615075,-8.96576399,1.48764284,7.44263549,7.38262365
0.00427316111,1.48414474,7.37055884,8.96615032,-8.96576399,1.48146852,7.44260495,7.38261743
0.00427816111,1.47657998,7.37027025,8.96614971,-8.96576399,1.47382988,7.44256075,7.38260802
0.00428316111,1.46755801,7.3699773,8.96614884,-8.965764,1.46473444,7.44249893,7.38259424
0.00428816111,1.45708774,7.36967905,8.96614767,-8.965764,1.45419119,7.44241502,7.38257515
0.00429316111,1.4451795,7.3693739,8.96614613,-8.965764,1.44221054,7.4423041,7.38254915
0.00429816111,1.43184504,7.36906055,8.96614414,-8.965764,1.4288043,7.44216072,7.38251493
0.00430316111,1.41709752,7.36873708,8.96614163,-8.965764,1.41398572,7.44197899,7.38247059
0.00430816111,1.4009515,7.36840188,8.96613852,-8.965764,1.3977694,7.44175263,7.3824145
0.00431316111,1.38342291,7.36805273,8.96613475,-8.965764,1.38017136,7.44147496,7.38234445
0.00431816111,1.36452905,7.36768771,8.96613022,-8.96576401,1.36120896,7.4411389,7.38225851
0.00432316111,1.34428856,7.36730431,8.96612488,-8.96576401,1.34090091,7.44073689,7.38215419
0.00432816111,1.32272142,7.36690025,8.96611864,-8.96576401,1.31926727,7.44026086,7.38202919
0.00433316111,1.29984892,7.36647263,8.96611146,-8.96576402,1.29632937,7.43970202,7.3818806
0.00433816111,1.27569362,7.36601863,8.96610326,-8.96576402,1.27210986,7.43905078,7.38170563
0.00434316111,1.25027936,7.36553473,8.96609401,-8.96576403,1.24663264,7.43829644,7.38150073
0.00434816111,1.22363123,7.36501729,8.96608365,-8.96576403,1.21992284,7.43742694,7.38126228
0.00435316111,1.19577553,7.36446174,8.96607215,-8.96576404,1.19200683,7.43642837,7.3809857
0.00435816111,1.16673974,7.36386305,8.96605948,-8.96576405,1.16291217,7.4352845,7.38066596
0.00436316111,1.13655251,7.36321485,8.96604562,-8.96576405,1.13266755,7.43397588,7.38029668
0.00436816111,1.10524365,7.36250966,8.96603056,-8.96576406,1.10130284,7.43247892,7.37987038
0.00437316111,1.07284405,7.36173777,8.96601428,-8.96576407,1.06884898,7.43076415,7.37937737
0.00437816111,1.03938567,7.36088716,8.9659968,-8.96576408,1.035338,7.42879406,7.37880559
0.00438316111,1.00490155,7.35994161,8.96597813,-8.96576409,1.00080297,7.42651949,7.37813884
0.00438816111,0.969425715,7.35887959,8.96595827,-8.96576409,0.965277982,7.42387406,7.3773556
0.00439316111,0.932993172,7.35767057,8.96593727,-8.9657641,0.928798084,7.42076463,7.3764253
0.00439816111,0.895639877,7.35627031,8.96591513,-8.96576411,0.891399282,7.41705466,7.37530371
0.00440316111,0.857402693,7.35461018,8.96589189,-8.96576412,0.853118484,7.41253153,7.3739222
0.00440816111,0.818319357,7.35257694,8.96586757,-8.96576412,0.813993468,7.40683765,7.37216749
0.00441316111,0.778428438,7.34996276,8.96584216,-8.96576413,0.774062845,7.3993008,7.36983178
0.00441816111,0.737769304,7.34632561,8.96581562,-8.96576413,0.733366024,7.38842547,7.36647297
0.00442316111,0.696382081,7.34020253,8.9657877,-8.96576412,0.691943166,7.36840994,7.36062804
0.00442545103,0.677195511,7.33539753,8.96577437,-8.96576411,0.67274097,7.34966845,7.35595033
0.0044266472,0.667117136,7.33154005,8.96576729,-8.9657641,0.662654607,7.33043762,7.35215931
0.00442722089,0.662270007,7.32897974,8.96576392,-8.9657641,0.657803691,7.31357091,7.34963086
0.00442753811,0.659586194,7.32720227,8.9657621,-8.96576409,0.655117795,7.298544,7.347871
0.00442783356,0.657084128,7.32515549,8.9657605,-8.96576409,0.652613797,7.27661036,7.34584062
0.00442816019,0.654315478,7.32214109,8.96575891,-8.96576408,0.64984302,7.23797529,7.34284434
0.0044285086,0.651359054,7.31741103,8.96575742,-8.96576406,0.646884337,7.18839994,7.3381336
0.00442872238,0.649543563,7.313299,8.96575652,-8.96576405,0.645067465,7.16056167,7.33403342
0.00442892871,0.647790142,7.30811996,8.96575557,-8.96576404,0.643312714,7.13596986,7.3288658
0.00442914252,0.645972009,7.30122392,8.96575454,-8.96576402,0.641493208,7.11223215,7.3219816
0.00442937111,0.644026967,7.29167169,8.96575343,-8.965764,0.639546702,7.08822073,7.312442
0.00442960697,0.642018654,7.27953281,8.96575239,-8.96576398,0.637536883,7.06440692,7.30031614
0.00442975591,0.640749764,7.27094939,8.96575184,-8.96576396,0.636267044,7.04971575,7.29174093
0.00442988758,0.639627496,7.263147,8.96575143,-8.96576395,0.635143939,7.03687673,7.28394579
0.00443002897,0.638421854,7.25484728,8.96575108,-8.96576393,0.6339374,7.02320723,7.27565384
0.00443018446,0.63709551,7.24585747,8.96575079,-8.96576392,0.63261007,7.00828004,7.26667257
0.00443036001,0.635597205,7.23575244,8.96575056,-8.96576389,0.631110657,6.99152086,7.25657717
0.00443054919,0.633981736,7.22476927,8.9657504,-8.96576387,0.629493995,6.97353894,7.24560437
0.00443076611,0.632128295,7.21196258,8.96575027,-8.96576384,0.62763919,6.95298513,7.23280953
0.00443103322,0.629844426,7.19583669,8.96575018,-8.96576381,0.625353647,6.92773145,7.21669822
0.00443142177,0.626519058,7.17161708,8.96575011,-8.96576376,0.622025857,6.89104515,7.19249976
0.00443182001,0.623106881,7.14586457,8.96575009,-8.9657637,0.618611209,6.85345721,7.16676885
0.00443242625,0.617904964,7.10487339,8.96575008,-8.96576361,0.613405557,6.79619965,7.12581039
0.00443297254,0.613209784,7.0662742,8.96575007,-8.96576353,0.608707039,6.74454176,7.08724053
0.00443406513,0.603797805,6.98493943,8.96575007,-8.96576336,0.59928846,6.64101119,7.00596391
0.00443520622,0.593937634,6.89506209,8.96575007,-8.96576316,0.589421507,6.53256962,6.91614656
0.00443748839,0.57412621,6.7041884,8.96575007,-8.96576276,0.569596856,6.31471999,6.72539044
0.00444101856,0.54325004,6.38946593,8.96575008,-8.96576209,0.538701122,5.97525433,6.41084305
0.00444488938,0.509087711,6.02818462,8.96575008,-8.96576132,0.504518602,5.59968977,6.04974381
0.00444988938,0.464516942,5.54838179,8.96575008,-8.9657603,0.45992372,5.10970817,5.57016024
0.00445488938,0.419487751,5.05964826,8.96575008,-8.96575927,0.414872657,4.61466683,5.08162761
0.00445988938,0.374044577,4.56487378,8.96575008,-8.96575822,0.369409873,4.11505334,4.58703542
0.00446488938,0.328232265,4.06523506,8.96575008,-8.96575716,0.323580235,3.61135262,4.08756015
0.00446988938,0.282096028,3.56147608,8.96575009,-8.96575609,0.27742897,3.1040645,3.58394561
0.00447488938,0.235681396,3.05412982,8.96575009,-8.96575502,0.231001625,2.59368701,3.07672464
0.00447988938,0.189034175,2.54374691,8.96575009,-8.96575393,0.184344019,2.08072533,2.56644775
0.00448488938,0.1422004,2.03080861,8.96575009,-8.96575285,0.137502196,1.56568468,2.05359609
0.00448988938,0.09522629,1.51585057,8.96575009,-8.96575176,0.0905223835,1.04907399,1.53870522
0.00449488938,0.0481582036,0.999355122,8.9657501,-8.96575066,0.0434509457,0.531402713,1.02225741
0.00449988938,0.00104259078,0.481857609,8.9657501,-8.96574956,-0.00366566364,0.013181997,0.504787954
0.00450488938,-0.0460740509,-0.0361555322,8.9657501,-8.96574847,-0.0507809461,-0.505076877,-0.0132167461
0.00450988938,-0.0931452231,-0.554149694,8.9657501,-8.96574737,-0.0978484045,-1.02286233,-0.531222088
0.00451488938,-0.140124472,-1.07163597,8.9657501,-8.96574627,-0.144821589,-1.53966341,-1.04873915
0.00451988938,-0.186965435,-1.58808227,8.96575011,-8.96574518,-0.191654142,-2.05497005,-1.56523583
0.00452488938,-0.233621886,-2.10299927,8.96575011,-8.96574409,-0.238299846,-2.56827369,-2.08022274
0.00452988938,-0.28004778,-2.61585933,8.96575011,-8.965743,-0.284712667,-3.07906774,-2.59317217
0.00453488938,-0.326197301,-3.12617481,8.96575011,-8.96574192,-0.330846801,-3.58684809,-3.1035964
0.00453988938,-0.372024905,-3.63342442,8.96575011,-8.96574084,-0.376656718,-4.09111362,-3.61097403
0.00454488938,-0.417485365,-4.13712428,8.96575012,-8.96573977,-0.422097211,-4.59136663,-4.11482107
0.00454988938,-0.462533817,-4.63676137,8.96575012,-8.96573872,-0.467123435,-5.08711345,-4.61462432
0.00455488938,-0.507125804,-5.13185765,8.96575012,-8.96573767,-0.511690954,-5.57786479,-5.10990561
0.00455988938,-0.551217319,-5.62191021,8.96575012,-8.96573663,-0.555755785,-6.06313634,-5.60016184
0.00456488938,-0.59476485,-6.10644888,8.96575012,-8.9657356,-0.599274441,-6.54244917,-6.08492265
0.00456988938,-0.637725419,-6.58498255,8.96575013,-8.96573459,-0.642203975,-7.01532968,-6.56369668
0.00457182897,-0.654223499,-6.76878139,8.96575013,-8.96573422,-0.65868944,-7.19613164,-6.74759363
0.0045727921,-0.662379925,-6.85828549,8.96575013,-8.96573435,-0.666839484,-7.2701852,-6.83714745
0.00457343237,-0.667788679,-6.91500003,8.96575013,-8.96573497,-0.672243951,-7.29859167,-6.89389539
0.0045740887,-0.673321973,-6.96881907,8.96575012,-8.96573621,-0.677772815,-7.31741838,-6.94774894
0.00457499764,-0.680965953,-7.03528361,8.96575012,-8.96573868,-0.6854106,-7.33470515,-7.01426171
0.00457589896,-0.688523926,-7.0922024,8.96575011,-8.96574177,-0.692962361,-7.34655924,-7.07122872
0.00457743092,-0.701319264,-7.17102763,8.9657501,-8.9657479,-0.705746986,-7.36044639,-7.15013672
0.00457902085,-0.714530079,-7.23289325,8.96575009,-8.96575498,-0.718946476,-7.37037259,-7.21208908
0.00457989624,-0.721773427,-7.25967777,8.96575008,-8.96575908,-0.726183499,-7.37467916,-7.23892166
0.00458104109,-0.731213368,-7.28847155,8.96575007,-8.96576468,-0.735615073,-7.37946375,-7.26777854
0.00458209666,-0.739883636,-7.30935607,8.96575006,-8.96577015,-0.74427753,-7.38323583,-7.28872142
0.00458312449,-0.748294739,-7.32548667,8.96575005,-8.96577581,-0.752680941,-7.38645787,-7.304909
0.00458492173,-0.762927065,-7.34589777,8.96575003,-8.96578646,-0.767299609,-7.39128442,-7.32541997
0.00458656824,-0.776246888,-7.35851993,8.96575001,-8.9657968,-0.780606689,-7.39502936,-7.33813385
0.0045882901,-0.790087328,-7.36760851,8.96574999,-8.96580775,-0.79443357,-7.3984286,-7.34731847
0.0045911713,-0.813039105,-7.37729177,8.96574996,-8.96582567,-0.817362128,-7.40324,-7.35716265
0.004595391,-0.846170403,-7.384964,8.96574991,-8.96585016,-0.850458239,-7.40889884,-7.36507083
0.004600391,-0.884656532,-7.38950102,8.96574986,-8.96587652,-0.888900886,-7.41418261,-7.36988768
0.004605391,-0.922269612,-7.39205542,8.96574982,-8.96590075,-0.926468584,-7.41844837,-7.37272203
0.004610391,-0.958972523,-7.39361698,8.96574978,-8.96592346,-0.963124257,-7.4219488,-7.37456362
0.004615391,-0.994729044,-7.39476503,8.96574974,-8.96594484,-0.998831731,-7.42490096,-7.37599176
0.004620391,-1.02950389,-7.39561636,8.9657497,-8.96596492,-1.03355577,-7.42742519,-7.37712321
0.004625391,-1.06326274,-7.39627401,8.96574966,-8.96598375,-1.0672621,-7.42960283,-7.378061
0.004630391,-1.09597227,-7.39677982,8.96574963,-8.96600133,-1.09991745,-7.43149344,-7.37884699
0.004635391,-1.12760021,-7.39716939,8.9657496,-8.96601767,-1.13148961,-7.43314187,-7.37951675
0.004640391,-1.15811535,-7.39746314,8.96574957,-8.96603277,-1.16194742,-7.43458265,-7.3800907
0.004645391,-1.18748757,-7.39767818,8.96574955,-8.96604665,-1.19126081,-7.43584313,-7.38058594
0.004650391,-1.21568788,-7.39782615,8.96574952,-8.96605931,-1.21940085,-7.43694542,-7.38101413
0.004655391,-1.24268845,-7.39791707,8.9657495,-8.9660708,-1.24633979,-7.43790782,-7.38138527
0.004660391,-1.26846265,-7.39795818,8.96574948,-8.96608113,-1.27205102,-7.43874571,-7.38170662
0.004665391,-1.29298502,-7.39795609,8.96574946,-8.96609035,-1.29650918,-7.43947235,-7.38198475
0.004670391,-1.31623137,-7.39791566,8.96574945,-8.9660985,-1.31969012,-7.44009928,-7.38222455
0.004675391,-1.33817876,-7.39784163,8.96574944,-8.96610565,-1.34157098,-7.44063681,-7.38243074
0.004680391,-1.35880553,-7.39773752,8.96574942,-8.96611184,-1.36213016,-7.44109421,-7.38260685
0.004685391,-1.37809132,-7.39760699,8.96574941,-8.96611714,-1.38134737,-7.44147998,-7.38275653
0.004690391,-1.3960171,-7.39745275,8.96574941,-8.96612163,-1.39920364,-7.44180199,-7.3828825
0.004695391,-1.41256518,-7.3972778,8.9657494,-8.96612537,-1.41568135,-7.4420676,-7.38298775
0.004700391,-1.42771923,-7.39708437,8.96574939,-8.96612844,-1.43076424,-7.4422837,-7.38307452
0.004705391,-1.44146429,-7.39687503,8.96574939,-8.96613092,-1.44443743,-7.44245685,-7.38314537
0.004710391,-1.45378681,-7.39665166,8.96574938,-8.96613288,-1.45668741,-7.44259313,-7.38320217
0.004715391,-1.46467461,-7.3964165,8.96574938,-8.9661344,-1.46750211,-7.4426983,-7.38324719
0.004720391,-1.47411695,-7.39617115,8.96574938,-8.96613555,-1.47687085,-7.44277763,-7.38328201
0.004725391,-1.48210452,-7.39591756,8.96574938,-8.9661364,-1.48478437,-7.44283597,-7.38330857
0.004730391,-1.48862943,-7.395657,8.96574938,-8.96613701,-1.49123489,-7.44287748,-7.38332815
0.004735391,-1.49368524,-7.39539108,8.96574938,-8.96613743,-1.49621601,-7.44290593,-7.38334236
0.004740391,-1.49726696,-7.39512073,8.96574938,-8.9661377,-1.49972284,-7.44292432,-7.38335214
0.004745391,-1.49937107,-7.39484715,8.96574938,-8.96613785,-1.50175191,-7.44293481,-7.38335867
0.004750391,-1.49999547,-7.3945708,8.96574937,-8.96613792,-1.50230122,-7.44293881,-7.38336242
0.004755391,-1.49913956,-7.39429239,8.96574937,-8.9661379,-1.50137022,-7.4429369,-7.3833641
0.004760391,-1.49680419,-7.3940119,8.96574938,-8.96613779,-1.49895983,-7.44292882,-7.3833637
0.004765391,-1.49299164,-7.3937295,8.96574938,-8.96613758,-1.49507244,-7.44291343,-7.38336136
0.004770391,-1.48770569,-7.39344465,8.96574938,-8.96613725,-1.48971187,-7.44288881,-7.38335657
0.004775391,-1.48095156,-7.39315699,8.96574938,-8.96613674,-1.48288343,-7.44285232,-7.38334897
0.004780391,-1.47273591,-7.39286551,8.96574938,-8.96613603,-1.47459384,-7.44280044,-7.38333753
0.004785391,-1.46306684,-7.39256936,8.96574938,-8.96613504,-1.46485129,-7.44272906,-7.3833214
0.004790391,-1.45195391,-7.39226709,8.96574938,-8.96613371,-1.45366539,-7.44263363,-7.38329915
0.004795391,-1.43940807,-7.39195747,8.96574939,-8.96613198,-1.44104719,-7.44250902,-7.38326953
0.004800391,-1.42544171,-7.39163872,8.96574939,-8.96612977,-1.42700913,-7.44234963,-7.38323077
0.004805391,-1.41006861,-7.39130926,8.9657494,-8.96612701,-1.41156507,-7.44214948,-7.38318129
0.004810391,-1.39330394,-7.39096702,8.9657494,-8.96612362,-1.39473024,-7.44190218,-7.38311902
0.004815391,-1.37516425,-7.39061014,8.96574941,-8.96611952,-1.37652127,-7.44160098,-7.38304209
0.004820391,-1.35566744,-7.39023624,8.96574942,-8.96611465,-1.35695613,-7.44123866,-7.38294813
0.004825391,-1.33483275,-7.38984313,8.96574943,-8.96610892,-1.33605411,-7.44080755,-7.38283495
0.004830391,-1.31268074,-7.38942809,8.96574944,-8.96610228,-1.31383586,-7.44029937,-7.38269982
0.004835391,-1.28923327,-7.38898846,8.96574945,-8.96609465,-1.29032329,-7.43970516,-7.38254009
0.004840391,-1.26451349,-7.38852097,8.96574947,-8.966086,-1.26553961,-7.43901497,-7.38235247
0.004845391,-1.23854578,-7.38802227,8.96574949,-8.96607626,-1.23950928,-7.43821775,-7.38213363
0.004850391,-1.21135578,-7.38748818,8.96574951,-8.9660654,-1.21225798,-7.43730087,-7.38187938
0.004855391,-1.18297031,-7.38691419,8.96574953,-8.96605338,-1.18381262,-7.43624974,-7.38158521
0.004860391,-1.1534174,-7.3862946,8.96574956,-8.96604018,-1.15420126,-7.43504717,-7.38124541
0.004865391,-1.1227262,-7.38562286,8.96574958,-8.96602578,-1.12345312,-7.43367248,-7.38085344
0.004870391,-1.09092701,-7.38489055,8.96574961,-8.96601017,-1.09159855,-7.43210029,-7.38040088
0.004875391,-1.05805121,-7.38408741,8.96574964,-8.96599334,-1.05866899,-7.43029877,-7.37987745
0.004880391,-1.02413123,-7.38319983,8.96574968,-8.96597531,-1.02469694,-7.42822696,-7.37926955
0.004885391,-0.989200565,-7.38221011,8.96574971,-8.96595609,-0.989715912,-7.42583067,-7.37855948
0.004890391,-0.953293675,-7.3810937,8.96574975,-8.9659357,-0.953760438,-7.42303584,-7.37772268
0.004895391,-0.916446,-7.37981611,8.96574979,-8.96591415,-0.916865999,-7.41973716,-7.37672466
0.004900391,-0.878693903,-7.37832572,8.96574983,-8.96589149,-0.879069006,-7.41577721,-7.37551377
0.004905391,-0.840074642,-7.37654151,8.96574988,-8.96586773,-0.840406759,-7.41090528,-7.37400902
0.004910391,-0.800626328,-7.37432484,8.96574992,-8.96584288,-0.800917414,-7.40468539,-7.37207172
0.004915391,-0.760387893,-7.371411,8.96574997,-8.96581693,-0.760639942,-7.39625752,-7.36943715
0.004920391,-0.719399046,-7.36712631,8.96575002,-8.96578978,-0.719614091,-7.38316737,-7.3654316
0.004925391,-0.67770024,-7.35908873,8.96575007,-8.96576102,-0.677880349,-7.35626767,-7.35767293
0.00492714446,-0.662916263,-7.35379429,8.96575009,-8.96575057,-0.663084616,-7.33164136,-7.35247621
0.00492797895,-0.655852113,-7.34980344,8.9657501,-8.96574566,-0.656014963,-7.30448387,-7.34853184
0.00492833975,-0.65279224,-7.34738739,8.96575011,-8.96574364,-0.652952728,-7.28049612,-7.34613587
0.00492865815,-0.650089082,-7.34453584,8.96575011,-8.96574206,-0.650247496,-7.244651,-7.34330204
0.0049290344,-0.646891569,-7.33953972,8.96575011,-8.96574043,-0.647047542,-7.19091632,-7.33832685
0.00492923042,-0.645224303,-7.33583488,8.96575012,-8.96573961,-0.64537901,-7.164965,-7.33463291
0.00492942522,-0.643566387,-7.33110481,8.96575012,-8.96573873,-0.643719838,-7.14127959,-7.32991366
0.00492963297,-0.641797222,-7.32466962,8.96575012,-8.96573774,-0.641949337,-7.11778014,-7.32349
0.00492985753,-0.639883609,-7.31567949,8.96575012,-8.96573666,-0.640034285,-7.09384453,-7.31451233
0.00493008963,-0.63790447,-7.30416258,8.96575012,-8.96573563,-0.638053663,-7.0701556,-7.30300827
0.00493026972,-0.636367879,-7.29397664,8.96575012,-8.96573495,-0.636515924,-7.05227246,-7.29283228
0.00493039993,-0.635256424,-7.28631477,8.96575013,-8.96573455,-0.635403642,-7.03952468,-7.28517761
0.00493053162,-0.634131815,-7.27863598,8.96575013,-8.96573423,-0.634278197,-7.02674554,-7.27750609
0.00493068346,-0.632834619,-7.26989004,8.96575013,-8.96573395,-0.632980038,-7.01211712,-7.26876851
0.00493085842,-0.631339288,-7.259857,8.96575013,-8.96573372,-0.631483602,-6.99536579,-7.2587451
0.0049310552,-0.629656435,-7.24847803,8.96575013,-8.96573356,-0.629799508,-6.97661536,-7.24737695
0.00493127934,-0.627738434,-7.2352888,8.96575013,-8.96573345,-0.627880097,-6.95533437,-7.23420002
0.00493152928,-0.62559824,-7.22025463,8.96575013,-8.9657334,-0.625738337,-6.93166117,-7.21917953
0.00493192436,-0.622212094,-7.19570815,8.96575013,-8.96573338,-0.622349725,-6.89429574,-7.19465462
0.00493228252,-0.619139077,-7.17266363,8.96575013,-8.9657334,-0.619274485,-6.86043964,-7.1716296
0.0049327233,-0.61535287,-7.14321912,8.96575013,-8.96573345,-0.615485557,-6.81875822,-7.14220898
0.00493322741,-0.611016866,-7.10825521,8.96575013,-8.96573352,-0.611146461,-6.77104534,-7.10727229
0.00493423562,-0.602326512,-7.03458254,8.96575013,-8.96573368,-0.602449989,-6.67544553,-7.03365363
0.00493528885,-0.593222388,-6.9530918,8.96575013,-8.96573385,-0.593339569,-6.57531434,-6.9522187
0.00493739531,-0.574936603,-6.77967974,8.96575013,-8.96573422,-0.57504148,-6.37423303,-6.77891621
0.00494160822,-0.538066121,-6.40612734,8.96575013,-8.96573502,-0.53814755,-5.96886048,-6.40557423
0.00494566856,-0.502173917,-6.0259937,8.96575012,-8.96573582,-0.502234226,-5.57428068,-6.0256318
0.00495066856,-0.457528804,-5.54491716,8.96575012,-8.96573684,-0.45756512,-5.08348708,-5.5447744
0.00495566856,-0.412432166,-5.05526411,8.96575012,-8.96573788,-0.412446733,-4.58770741,-5.05532211
0.00496066856,-0.366928507,-4.55972748,8.96575012,-8.96573893,-0.366923592,-4.08743328,-4.55996758
0.00496566856,-0.321062733,-4.0594324,8.96575012,-8.96573999,-0.321040621,-3.58314875,-4.05983575
0.00497066856,-0.27488011,-3.55509992,8.96575011,-8.96574106,-0.274843103,-3.07535537,-3.55564748
0.00497566856,-0.228426213,-3.04726395,8.96575011,-8.96574214,-0.228376627,-2.56455095,-3.04793655
0.00498066856,-0.181746887,-2.53646815,8.96575011,-8.96574322,-0.181687051,-2.05124152,-2.53724651
0.00498566856,-0.134888198,-2.02319934,8.96575011,-8.96574431,-0.134820452,-1.53593229,-2.02406405
0.00499066856,-0.0878963917,-1.50798757,8.96575011,-8.9657454,-0.0878230816,-1.01913264,-1.50891916
0.00499566856,-0.0408178419,-0.991320979,8.9657501,-8.9657465,-0.0407413196,-0.501352019,-0.992299908
0.00500066856,0.00630099016,-0.473729343,8.9657501,-8.96574759,0.00637836957,0.0168982642,-0.474736019
0.00500566856,0.0534136039,0.0442952735,8.9657501,-8.96574869,0.0534894847,0.535106982,0.0432804645
0.00501066856,0.100473505,0.562223933,8.9657501,-8.96574979,0.100545533,1.05276263,0.561220611
0.00501566856,0.147434251,1.07956228,8.9657501,-8.96575088,0.147500076,1.56935443,1.07859005
0.00502066856,0.194249497,1.59578403,8.96575009,-8.96575198,0.194306774,2.08437255,1.59486247
0.00502566856,0.240873042,2.11039459,8.96575009,-8.96575307,0.240919437,2.59730876,2.10954323
0.00503066856,0.287258874,2.62287227,8.96575009,-8.96575416,0.287292062,3.10765689,2.62211055
0.00503566856,0.333361217,3.13272431,8.96575009,-8.96575524,0.333378886,3.61491327,3.13207159
0.00504066856,0.379134573,3.63943551,8.96575009,-8.96575631,0.379134427,4.11857737,3.63891106
0.00504566856,0.424533768,4.14251707,8.96575008,-8.96575738,0.424513529,4.61815209,4.14214
0.00505066856,0.469514,4.64146217,8.96575008,-8.96575843,0.469471409,5.11314448,4.64125147
0.00505566856,0.514030878,5.13578799,8.96575008,-8.96575948,0.5139637,5.60306602,5.13576246
0.00506066856,0.55804047,5.62499799,8.96575008,-8.96576052,0.557946492,6.08743328,5.62517627
0.00506566856,0.601499343,6.10861737,8.96575008,-8.96576154,0.60137638,6.56576821,6.10901787
0.00507066856,0.644364609,6.58616123,8.96575007,-8.96576255,0.644210504,7.0375974,6.58680216
0.00507260357,0.66078521,6.76896396,8.96575012,-8.96576294,0.66061848,7.21656741,6.76970278
0.00507348252,0.668211899,6.84996749,8.96575053,-8.96576311,0.66803933,7.27780153,6.85075165
0.00507422014,0.674428658,6.91384695,8.96575158,-8.96576325,0.674251138,7.30633803,6.91466957
0.00507495287,0.680589921,6.97154861,8.96575332,-8.96576337,0.680407438,7.32424968,6.97240977
0.00507575709,0.687335725,7.02786683,8.96575581,-8.96576348,0.687147742,7.33777541,7.02877063
0.00507697188,0.69749203,7.09996625,8.96576036,-8.96576363,0.697295638,7.3519105,7.10093506
0.00507860707,0.711098759,7.17591546,8.96576735,-8.96576378,0.710890853,7.36467035,7.1769727
0.00507992242,0.721989699,7.2224248,8.96577341,-8.96576388,0.72177237,7.37208827,7.22355377
0.00508085794,0.729705725,7.24896566,8.9657779,-8.96576393,0.729481607,7.37639948,7.25014592
0.00508195083,0.738687745,7.27421783,8.96578338,-8.96576398,0.738455606,7.38070765,7.27545821
0.00508332442,0.749927252,7.29842748,8.96579074,-8.96576403,0.749684891,7.38529734,7.29974368
0.00508484525,0.762306421,7.31762789,8.96579955,-8.96576407,0.762052564,7.38959181,7.31902829
0.00508666057,0.776991384,7.33323136,8.96581074,-8.9657641,0.77672356,7.39392858,7.3347325
0.00508842205,0.791144159,7.34340375,8.96582188,-8.96576411,0.790862528,7.39752768,7.34500282
0.0050906893,0.809217852,7.35203546,8.96583602,-8.96576413,0.808918085,7.40150301,7.35376074
0.00509467316,0.840575553,7.36073308,8.9658595,-8.96576413,0.840242933,7.40721083,7.36268038
0.00509967316,0.879183926,7.36613782,8.96588632,-8.96576413,0.878808328,7.41282411,7.36836404
0.00510467316,0.916924651,7.36895119,8.96591084,-8.96576413,0.916504169,7.41729168,7.37145648
0.00510967316,0.953760482,7.37073395,8.96593373,-8.96576412,0.953293253,7.42097313,7.3735184
0.00511467316,0.989655067,7.37194987,8.96595525,-8.96576411,0.989139274,7.42404674,7.37501353
0.00511967316,1.02457298,7.37286102,8.9659755,-8.9657641,1.02400686,7.42666474,7.37620394
0.00512467316,1.05847977,7.37355262,8.96599449,-8.96576409,1.05786159,7.42891818,7.37717483
0.00512967316,1.09134196,7.37408731,8.96601224,-8.96576408,1.09067007,7.43087116,7.37798883
0.00513467316,1.12312713,7.37449777,8.96602874,-8.96576407,1.12239991,7.43257168,7.37867862
0.00513967316,1.15380391,7.37480915,8.96604401,-8.96576407,1.15301981,7.43405656,7.37926935
0.00514467316,1.18334202,7.37503826,8.96605806,-8.96576406,1.18249953,7.43535476,7.37977781
0.00514967316,1.21171232,7.37519834,8.96607089,-8.96576405,1.21080999,7.43648957,7.38021725
0.00515467316,1.23888681,7.37529934,8.96608254,-8.96576404,1.23792326,7.43748016,7.38059761
0.00515967316,1.26483866,7.37534934,8.96609303,-8.96576403,1.26381256,7.43834262,7.38092698
0.00516467316,1.28954227,7.37535479,8.96610241,-8.96576403,1.28845237,7.43909068,7.38121181
0.00516967316,1.31297326,7.37532116,8.96611072,-8.96576402,1.31181834,7.43973633,7.38145754
0.00517467316,1.3351085,7.37525296,8.966118,-8.96576402,1.33388744,7.44029017,7.38166871
0.00517967316,1.35592615,7.37515418,8.96612433,-8.96576401,1.35463788,7.44076176,7.38184929
0.00518467316,1.37540566,7.37502822,8.96612976,-8.96576401,1.37404917,7.4411598,7.38200269
0.00518967316,1.39352782,7.37487821,8.96613436,-8.96576401,1.39210217,7.44149235,7.38213203
0.00519467316,1.41027473,7.37470687,8.96613821,-8.965764,1.40877906,7.44176693,7.38224004
0.00519967316,1.42562987,7.37451679,8.96614137,-8.965764,1.42406338,7.44199059,7.3823293
0.00520467316,1.43957809,7.37431028,8.96614394,-8.965764,1.43794004,7.44216999,7.38240212
0.00520967316,1.45210561,7.37408954,8.96614597,-8.965764,1.45039536,7.44231138,7.38246072
0.00521467316,1.46320009,7.37385658,8.96614755,-8.965764,1.46141703,7.44242062,7.38250707
0.00521967316,1.47285056,7.37361329,8.96614875,-8.965764,1.47099419,7.44250315,7.38254309
0.00522467316,1.48104751,7.37336138,8.96614964,-8.965764,1.47911739,7.44256391,7.38257048
0.00522967316,1.48778284,7.37310245,8.96615028,-8.96576399,1.48577859,7.44260723,7.38259083
0.00523467316,1.49304991,7.37283784,8.96615072,-8.96576399,1.49097124,7.44263701,7.38260551
0.00523967316,1.49684352,7.37256881,8.96615101,-8.96576399,1.49469021,7.44265641,7.38261575
0.00524467316,1.49915992,7.37229632,8.96615118,-8.96576399,1.49693182,7.44266771,7.38262252
0.00524967316,1.49999684,7.37202116,8.96615125,-8.96576399,1.49769387,7.44267249,7.3826266
0.00525467316,1.49935344,7.37174379,8.96615124,-8.96576399,1.4969756,7.44267145,7.38262847
0.00525967316,1.49723036,7.3714645,8.96615115,-8.96576399,1.49477772,7.44266444,7.38262841
0.00526467316,1.49362969,7.37118324,8.96615096,-8.96576399,1.4911024,7.44265045,7.38262637
0.00526967316,1.48855499,7.37089976,8.96615064,-8.96576399,1.48595328,7.44262761,7.38262209
0.00527467316,1.48201127,7.37061349,8.96615016,-8.96576399,1.47933542,7.44259339,7.38261502
0.00527967316,1.47400498,7.37032369,8.96614948,-8.96576399,1.47125536,7.4425443,7.3826044
0.00528467316,1.46454402,7.37002928,8.96614853,-8.965764,1.46172108,7.44247627,7.38258916
0.00528967316,1.45363774,7.36972907,8.96614725,-8.965764,1.45074199,7.44238478,7.38256812
0.00529467316,1.44129689,7.36942163,8.96614558,-8.965764,1.43832891,7.44226467,7.38253983
0.00529967316,1.42753366,7.36910539,8.96614344,-8.965764,1.42449411,7.44211037,7.38250273
0.00530467316,1.41236162,7.3687786,8.96614076,-8.965764,1.40925122,7.44191586,7.38245506
0.00530967316,1.39579576,7.36843939,8.96613746,-8.965764,1.39261531,7.44167475,7.38239496
0.00531467316,1.37785241,7.36808569,8.96613347,-8.965764,1.37460278,7.44138023,7.38232037
0.00531967316,1.35854929,7.36771536,8.9661287,-8.96576401,1.35523141,7.44102509,7.38222912
0.00532467316,1.33790544,7.36732601,8.96612309,-8.96576401,1.33452031,7.44060163,7.38211885
0.00532967316,1.31594124,7.36691512,8.96611658,-8.96576401,1.31248994,7.44010157,7.38198701
0.00533467316,1.29267837,7.36647987,8.9661091,-8.96576402,1.28916202,7.4395159,7.38183081
0.00533967316,1.26813978,7.3660172,8.96610059,-8.96576402,1.26455959,7.43883473,7.38164716
0.00534467316,1.24234969,7.36552361,8.96609101,-8.96576403,1.23870691,7.43804698,7.38143258
0.00534967316,1.21533354,7.36499515,8.96608031,-8.96576403,1.21162951,7.43714008,7.3811831
0.00535467316,1.18711802,7.36442718,8.96606846,-8.96576404,1.1833541,7.43609949,7.3808941
0.00535967316,1.15773095,7.36381424,8.96605543,-8.96576405,1.1539086,7.4349081,7.3805601
0.00536467316,1.12720133,7.36314972,8.9660412,-8.96576406,1.12332206,7.43354535,7.3801745
0.00536967316,1.09555931,7.36242549,8.96602577,-8.96576406,1.09162466,7.43198605,7.37972917
0.00537467316,1.0628361,7.36163128,8.96600913,-8.96576407,1.05884769,7.43019861,7.37921382
0.00537967316,1.02906401,7.3607539,8.96599129,-8.96576408,1.02502349,7.42814244,7.37861527
0.00538467316,0.994276346,7.35977581,8.96597226,-8.96576409,0.990185446,7.4257639,7.37791598
0.00538967316,0.958507455,7.35867311,8.96595205,-8.9657641,0.954367939,7.42298978,7.37709204
0.00539467316,0.921792633,7.35741189,8.9659307,-8.96576411,0.917606316,7.4197161,7.37610953
0.00539967316,0.884168112,7.35594188,8.96590823,-8.96576411,0.879936855,7.41578783,7.37491819
0.00540467316,0.845671025,7.35418402,8.96588466,-8.96576412,0.841396732,7.4109586,7.37343893
0.00540967316,0.806339362,7.35200385,8.96586002,-8.96576413,0.802023982,7.40480157,7.37153729
0.00541467316,0.76621194,7.34914548,8.96583428,-8.96576413,0.761857461,7.39647927,7.36895734
0.00541967316,0.725328359,7.34496526,8.96580735,-8.96576413,0.720936808,7.38363079,7.36505542
0.00542467316,0.683728967,7.33724361,8.96577887,-8.96576412,0.679302408,7.35770351,7.35761184
0.00542650242,0.668338984,7.33199633,8.96576806,-8.96576411,0.663900139,7.33378682,7.35246621
0.00542737582,0.66095959,7.32802664,8.96576294,-8.9657641,0.656514979,7.30727064,7.34854502
0.0054277404,0.657873358,7.32571909,8.96576091,-8.96576409,0.653426359,7.2851481,7.34625771
0.00542804588,0.655284729,7.32318685,8.96575936,-8.96576408,0.650835737,7.25382246,7.34374242
0.00542840069,0.652275072,7.31898141,8.9657578,-8.96576407,0.647823776,7.204088,7.33955666
0.00542861078,0.650491419,7.31549425,8.96575694,-8.96576406,0.646038764,7.17532347,7.33608114
0.00542879612,0.648917035,7.3114915,8.96575613,-8.96576404,0.644463184,7.15203877,7.33208866
0.00542899511,0.647225657,7.3060531,8.96575521,-8.96576403,0.642770525,7.1288477,7.32666128
0.00542923424,0.645191738,7.297629,8.96575406,-8.96576401,0.640735072,7.10280746,7.31825041
0.00542946156,0.643256973,7.28721233,8.96575299,-8.96576399,0.638798852,7.07930677,7.30784629
0.00542969563,0.641263345,7.27445734,8.96575204,-8.96576397,0.636803731,7.05592301,7.29510421
0.00542981995,0.640203951,7.26717904,8.96575162,-8.96576396,0.635743546,7.04373418,7.28783276
0.00542995924,0.639016483,7.25897097,8.96575123,-8.96576394,0.634555193,7.03020734,7.27963236
0.0054301334,0.637531098,7.24885366,8.96575087,-8.96576392,0.633068704,7.01343626,7.26952462
0.00543030967,0.636026907,7.23874047,8.96575062,-8.9657639,0.631563398,6.9965786,7.2594211
0.00543045653,0.63477311,7.2302771,8.96575047,-8.96576388,0.630308675,6.98259709,7.25096578
0.00543065298,0.633095072,7.21878224,8.96575033,-8.96576386,0.6286294,6.96395417,7.23948167
0.00543086233,0.631305856,7.20633205,8.96575023,-8.96576383,0.62683887,6.94413837,7.22704292
0.00543115935,0.628765363,7.18821546,8.96575015,-8.96576379,0.624296519,6.91607175,7.20894253
0.00543151365,0.625732137,7.1659252,8.96575011,-8.96576374,0.621261087,6.88262556,7.18667153
0.00543200422,0.621527174,7.13380562,8.96575008,-8.96576367,0.617053085,6.83631624,7.15457852
0.00543254876,0.616852679,7.09656018,8.96575007,-8.96576359,0.612375243,6.78487199,7.11736244
0.00543335156,0.609948024,7.03887625,8.96575007,-8.96576347,0.605465699,6.70891057,7.05972149
0.00543455882,0.599535577,6.94689682,8.96575007,-8.96576327,0.595046005,6.59438401,6.96780601
0.00543697334,0.578607794,6.74885586,8.96575007,-8.96576285,0.574104107,6.36424686,6.76989032
0.0054414246,0.53968123,6.35317082,8.96575008,-8.96576201,0.535152853,5.93626923,6.37442618
0.00544556981,0.503050795,5.96424774,8.96575008,-8.96576118,0.498500992,5.53357206,5.98569651
0.00545056981,0.458415044,5.48276372,8.96575008,-8.96576016,0.453841432,5.04287668,5.50442929
0.00545556981,0.413326894,4.99305091,8.96575008,-8.96575912,0.408731715,4.5471837,5.01491489
0.00546056981,0.36783084,4.49754236,8.96575008,-8.96575807,0.36321636,4.04698579,4.51958608
0.00546556981,0.321971781,3.99730475,8.96575008,-8.96575701,0.317340285,3.54276712,4.01950935
0.00547056981,0.275794975,3.49302152,8.96575009,-8.96575595,0.271148765,3.03502939,3.51536799
0.00547556981,0.229345993,2.98523431,8.96575009,-8.96575487,0.224687385,2.52427035,3.00770347
0.00548056981,0.182670674,2.47447071,8.96575009,-8.96575379,0.178001997,2.01099606,2.49704328
0.00548556981,0.13581508,1.96123045,8.96575009,-8.9657527,0.131138673,1.49571173,1.98388702
0.00549056981,0.0888254543,1.44603044,8.96575009,-8.96575161,0.0841436628,0.97892675,1.46875154
0.00549556981,0.0417481681,0.92937131,8.9657501,-8.96575051,0.0370633445,0.461150605,0.952137406
0.00550056981,-0.00537031849,0.411770899,8.9657501,-8.96574941,-0.0100558193,-0.0571053695,0.434562396
0.00550556981,-0.0524835052,-0.106267143,8.9657501,-8.96574832,-0.0571673274,-0.575329899,-0.0834698603
0.00551056981,-0.099544897,-0.62422481,8.9657501,-8.96574722,-0.104224686,-1.09301143,-0.601441362
0.00551556981,-0.14650805,-1.1415971,8.9657501,-8.96574612,-0.151181456,-1.6096391,-1.11884709
0.00552056981,-0.193326617,-1.65786768,8.96575011,-8.96574503,-0.197991296,-2.12470303,-1.6351707
0.00552556981,-0.239954395,-2.17253224,8.96575011,-8.96574394,-0.24460801,-2.63769488,-2.1499078
0.00553056981,-0.286345366,-2.68507808,8.96575011,-8.96574285,-0.290985594,-3.14810841,-2.66254564
0.00553556981,-0.332453749,-3.19500363,8.96575011,-8.96574177,-0.337078277,-3.65543983,-3.17258255
0.00554056981,-0.37823404,-3.70180177,8.96575011,-8.9657407,-0.382840572,-4.1591885,-3.67951132
0.00554556981,-0.42364106,-4.20497574,8.96575012,-8.96573963,-0.428227317,-4.65885721,-4.18283504
0.00555056981,-0.468629997,-4.70402593,8.96575012,-8.96573857,-0.473193721,-5.15395289,-4.68205396
0.00555556981,-0.513156453,-5.1984624,8.96575012,-8.96573752,-0.517695407,-5.64398686,-5.17667797
0.00556056981,-0.557176486,-5.68779495,8.96575012,-8.96573649,-0.561688457,-6.12847556,-5.66621671
0.00556556981,-0.600646653,-6.17154249,8.96575012,-8.96573546,-0.605129455,-6.60694079,-6.15018886
0.00557056981,-0.643524054,-6.64922375,8.96575013,-8.96573445,-0.64797553,-7.07890346,-6.62811293
0.00557249798,-0.659891646,-6.83058117,8.96575013,-8.96573426,-0.664330471,-7.25203806,-6.8095688
0.00557334007,-0.667009644,-6.90641914,8.96575013,-8.96573484,-0.671442845,-7.29532836,-6.8854506
0.00557422531,-0.674472245,-6.97882976,8.96575012,-8.96573652,-0.67889947,-7.32042847,-6.95790777
0.00557503619,-0.681289626,-7.03736524,8.96575012,-8.96573879,-0.685711319,-7.33526407,-7.0164863
0.00557593296,-0.688808574,-7.09371711,8.96575011,-8.96574189,-0.693224084,-7.34691212,-7.07288617
0.0055777265,-0.703780625,-7.18369945,8.9657501,-8.96574915,-0.708183568,-7.36253362,-7.16296551
0.00557934219,-0.717191532,-7.24312507,8.96575009,-8.96575645,-0.721582926,-7.37201281,-7.22247942
0.00558027505,-0.724901086,-7.2697871,8.96575008,-8.96576088,-0.729285712,-7.37634221,-7.24919274
0.00558136111,-0.733845321,-7.29517284,8.96575007,-8.96576629,-0.738221979,-7.38065318,-7.27463839
0.00558265274,-0.744438095,-7.31841928,8.96575006,-8.96577316,-0.74880515,-7.38501858,-7.29795633
0.005583902,-0.754636703,-7.33523262,8.96575004,-8.9657803,-0.758994341,-7.38864918,-7.31483901
0.00558572199,-0.769411254,-7.35245078,8.96575002,-8.96579142,-0.773754944,-7.3931672,-7.33215843
0.00558753157,-0.784001545,-7.36387322,8.96575,-8.96580292,-0.788331102,-7.39698225,-7.34368174
0.00558953803,-0.800060648,-7.37231865,8.96574998,-8.9658156,-0.804374228,-7.40062523,-7.35223917
0.00559299192,-0.827405312,-7.38110423,8.96574994,-8.96583648,-0.831690639,-7.40584598,-7.36121777
0.00559799192,-0.866296911,-7.38757844,8.96574989,-8.96586418,-0.870539684,-7.41179947,-7.36797168
0.00560299192,-0.90433358,-7.39081572,8.96574984,-8.96588934,-0.908531879,-7.41649529,-7.37148886
0.00560799192,-0.941477781,-7.39279414,8.9657498,-8.96591274,-0.945629727,-7.42034376,-7.37374727
0.00561299192,-0.977692857,-7.39411361,8.96574976,-8.96593473,-0.98179662,-7.42354242,-7.3753468
0.00561799192,-1.01294307,-7.39509555,8.96574972,-8.96595543,-1.01699686,-7.42626011,-7.37660883
0.00562299192,-1.04719363,-7.3958379,8.96574968,-8.96597486,-1.05119572,-7.42859558,-7.37763132
0.00562799192,-1.08041073,-7.39641219,8.96574965,-8.96599304,-1.08435944,-7.43061771,-7.37848576
0.00563299192,-1.1125616,-7.39685417,8.96574961,-8.96600998,-1.11645529,-7.43237759,-7.37920792
0.00563799192,-1.14361451,-7.39719177,8.96574959,-8.96602567,-1.1474516,-7.43391433,-7.37982571
0.00564299192,-1.17353881,-7.39744278,8.96574956,-8.96604013,-1.17731778,-7.43525836,-7.38035692
0.00564799192,-1.20230496,-7.39762173,8.96574953,-8.96605338,-1.20602435,-7.43643417,-7.38081609
0.00565299192,-1.22988459,-7.39773892,8.96574951,-8.96606542,-1.23354299,-7.43746167,-7.38121348
0.00565799192,-1.25625046,-7.3978032,8.96574949,-8.9660763,-1.25984654,-7.43835761,-7.38155798
0.00566299192,-1.28137658,-7.39782108,8.96574947,-8.96608605,-1.28490903,-7.43913615,-7.38185608
0.00566799192,-1.30523812,-7.39779856,8.96574946,-8.96609471,-1.30870574,-7.43980964,-7.38211378
0.00567299192,-1.32781156,-7.39774009,8.96574944,-8.96610233,-1.33121318,-7.4403889,-7.38233553
0.00567799192,-1.3490746,-7.39765007,8.96574943,-8.96610897,-1.35240913,-7.4408837,-7.38252572
0.00568299192,-1.36900627,-7.39753176,8.96574942,-8.9661147,-1.37227269,-7.44130286,-7.38268763
0.00568799192,-1.3875869,-7.39738863,8.96574941,-8.96611957,-1.39078424,-7.44165457,-7.38282471
0.00569299192,-1.40479814,-7.39722325,8.9657494,-8.96612366,-1.40792552,-7.44194638,-7.38293953
0.00569799192,-1.42062302,-7.39703848,8.9657494,-8.96612704,-1.42367961,-7.44218546,-7.38303495
0.00570299192,-1.43504592,-7.39683644,8.96574939,-8.96612979,-1.43803097,-7.44237845,-7.3831131
0.00570799192,-1.4480526,-7.39661963,8.96574939,-8.966132,-1.45096542,-7.44253173,-7.38317647
0.00571299192,-1.45963023,-7.39638984,8.96574938,-8.96613372,-1.46247022,-7.44265116,-7.38322685
0.00571799192,-1.46976737,-7.39614924,8.96574938,-8.96613504,-1.47253399,-7.4427423,-7.38326641
0.00572299192,-1.47845404,-7.39589935,8.96574938,-8.96613603,-1.48114681,-7.44281016,-7.38329668
0.00572799192,-1.48568165,-7.39564203,8.96574938,-8.96613674,-1.48830019,-7.44285924,-7.3833195
0.00573299192,-1.49144307,-7.39537847,8.96574938,-8.96613725,-1.49398705,-7.44289356,-7.38333607
0.00573799192,-1.49573261,-7.39511019,8.96574938,-8.96613758,-1.4982018,-7.44291651,-7.38334791
0.00574299192,-1.49854605,-7.39483801,8.96574938,-8.96613779,-1.50094026,-7.44293055,-7.38335584
0.00574799192,-1.49988061,-7.39456298,8.96574938,-8.9661379,-1.50219974,-7.44293756,-7.38336091
0.00575299192,-1.49973496,-7.39428547,8.96574937,-8.96613792,-1.50197899,-7.44293846,-7.3833635
0.00575799192,-1.49810926,-7.39400603,8.96574938,-8.96613785,-1.50027823,-7.44293343,-7.38336414
0.00576299192,-1.4950051,-7.39372452,8.96574938,-8.9661377,-1.49709914,-7.44292172,-7.3833627
0.00576799192,-1.49042555,-7.39344095,8.96574938,-8.96613743,-1.49244486,-7.44290182,-7.38335919
0.00577299192,-1.48437514,-7.39315467,8.96574938,-8.96613701,-1.48631997,-7.44287134,-7.38335296
0.00577799192,-1.47685982,-7.39286519,8.96574938,-8.9661364,-1.47873053,-7.44282731,-7.38334352
0.00578299192,-1.46788703,-7.39257138,8.96574938,-8.96613555,-1.46968403,-7.44276584,-7.38332973
0.00578799192,-1.4574656,-7.39227226,8.96574938,-8.96613439,-1.45918938,-7.44268253,-7.38331063
0.00579299192,-1.44560583,-7.39196631,8.96574938,-8.96613286,-1.44725696,-7.44257256,-7.38328469
0.00579799192,-1.43231943,-7.39165219,8.96574939,-8.96613089,-1.43389852,-7.44243055,-7.38325056
0.00580299192,-1.41761949,-7.39132804,8.96574939,-8.96612841,-1.41912727,-7.44225069,-7.38320639
0.00580799192,-1.40152054,-7.39099222,8.9657494,-8.96612533,-1.40295777,-7.44202681,-7.38315054
0.00581299192,-1.38403846,-7.39064258,8.96574941,-8.96612158,-1.38540597,-7.44175229,-7.38308085
0.00581799192,-1.3651905,-7.39027716,8.96574941,-8.96611708,-1.36648922,-7.44142018,-7.38299538
0.00582299192,-1.34499526,-7.38989353,8.96574942,-8.96611177,-1.34622616,-7.44102301,-7.38289167
0.00582799192,-1.32347267,-7.38948938,8.96574943,-8.96610558,-1.3246368,-7.44055285,-7.38276743
0.00583299192,-1.30064397,-7.38906186,8.96574945,-8.96609843,-1.30174245,-7.44000103,-7.38261981
0.00583799192,-1.2765317,-7.38860818,8.96574946,-8.96609028,-1.27756569,-7.43935814,-7.38244601
0.00584299192,-1.25115964,-7.38812486,8.96574948,-8.96608106,-1.2521304,-7.43861368,-7.38224256
0.00584799192,-1.22455284,-7.38760832,8.9657495,-8.96607074,-1.22546166,-7.43775583,-7.38200585
0.00585299192,-1.19673756,-7.38705405,8.96574952,-8.96605928,-1.1975858,-7.43677101,-7.38173141
0.00585799192,-1.16774123,-7.38645711,8.96574954,-8.96604665,-1.16853032,-7.43564337,-7.38141427
0.00586299192,-1.13759249,-7.38581125,8.96574957,-8.96603283,-1.13832391,-7.43435401,-7.38104819
0.00586799192,-1.10632108,-7.38510917,8.9657496,-8.9660178,-1.10699637,-7.43288001,-7.38062586
0.00587299192,-1.07395787,-7.38434141,8.96574963,-8.96600155,-1.07457862,-7.43119287,-7.38013783
0.00587799192,-1.04053479,-7.38349626,8.96574966,-8.9659841,-1.04110265,-7.42925644,-7.37957237
0.00588299192,-1.00608483,-7.38255803,8.96574969,-8.96596545,-1.0066015,-7.42702348,-7.37891381
0.00588799192,-0.970641981,-7.38150597,8.96574973,-8.96594561,-0.971109212,-7.42443056,-7.37814137
0.00589299192,-0.934241228,-7.38031078,8.96574977,-8.96592462,-0.934660817,-7.42138914,-7.37722576
0.00589799192,-0.896918492,-7.37893032,8.96574981,-8.96590249,-0.897292284,-7.41777035,-7.37612482
0.00590299192,-0.858710605,-7.37729972,8.96574986,-8.96587925,-0.859040491,-7.4133754,-7.37477369
0.00590799192,-0.819655275,-7.37531318,8.9657499,-8.96585492,-0.819943188,-7.40787417,-7.37306657
0.00591299192,-0.779791044,-7.37277976,8.96574995,-8.96582951,-0.780038959,-7.40065742,-7.37081247
0.00591799192,-0.739157253,-7.36930365,8.96575,-8.96580296,-0.739367185,-7.39040888,-7.36761556
0.00592299192,-0.697794003,-7.36366323,8.96575005,-8.96577507,-0.697968004,-7.37242043,-7.36225417
0.00592549404,-0.676833779,-7.35896032,8.96575008,-8.96576052,-0.676990579,-7.3550818,-7.3576908
0.00592685925,-0.665326487,-7.35503516,8.96575009,-8.9657524,-0.665474124,-7.33722369,-7.35384173
0.00592755964,-0.659403951,-7.35221622,8.9657501,-8.96574822,-0.659546948,-7.32070679,-7.35106181
0.00592793916,-0.656189367,-7.35026514,8.9657501,-8.96574599,-0.656329866,-7.30608374,-7.34913186
0.00592825124,-0.653543135,-7.34828124,8.96575011,-8.96574423,-0.653681591,-7.28718368,-7.34716534
0.00592854122,-0.65108209,-7.3459312,8.96575011,-8.96574273,-0.651218654,-7.25890305,-7.34483144
0.00592890904,-0.647957385,-7.34168925,8.96575011,-8.96574106,-0.648091559,-7.20806334,-7.34060996
0.00592912494,-0.64612154,-7.3381754,8.96575011,-8.96574016,-0.646254317,-7.17816641,-7.33710811
0.00592930977,-0.644549064,-7.33424448,8.96575012,-8.96573934,-0.644680649,-7.15468968,-7.33318746
0.00592950816,-0.642860175,-7.3289046,8.96575012,-8.96573841,-0.642990482,-7.13134741,-7.3278586
0.00592974391,-0.640851954,-7.32072724,8.96575012,-8.96573726,-0.640980747,-7.10547609,-7.31969432
0.00592996848,-0.638937739,-7.31059609,8.96575012,-8.96573619,-0.639065095,-7.08211545,-7.30957562
0.00593019988,-0.636963881,-7.29811912,8.96575012,-8.96573522,-0.637089762,-7.05888527,-7.29711145
0.00593032699,-0.635879105,-7.29069961,8.96575012,-8.96573478,-0.636004176,-7.04637492,-7.28969897
0.00593046296,-0.634718203,-7.2826802,8.96575013,-8.9657344,-0.634842411,-7.0331268,-7.28168706
0.00593063908,-0.633213862,-7.27242976,8.96575013,-8.96573403,-0.633336953,-7.01611833,-7.27144633
0.00593080277,-0.631815018,-7.26304442,8.96575013,-8.96573379,-0.631937073,-7.0004238,-7.26207
0.00593094778,-0.630575175,-7.25469631,8.96575013,-8.96573364,-0.630696315,-6.98658371,-7.25372987
0.00593113632,-0.628962433,-7.24369127,8.96575013,-8.96573352,-0.629082385,-6.96865159,-7.24273518
0.00593133753,-0.627240325,-7.23176669,8.96575013,-8.96573344,-0.627359013,-6.94956655,-7.23082164
0.005931611,-0.624898148,-7.21517323,8.96575013,-8.96573339,-0.625015124,-6.92367735,-7.21424315
0.00593194214,-0.622059594,-7.19449016,8.96575013,-8.96573338,-0.622174505,-6.89236536,-7.19357814
0.00593241811,-0.617974863,-7.16358821,8.96575013,-8.96573341,-0.618086822,-6.84736988,-7.16270208
0.00593292168,-0.613647204,-7.12947464,8.96575013,-8.96573348,-0.613756062,-6.79973741,-7.12861578
0.00593367484,-0.607163172,-7.07594379,8.96575013,-8.96573359,-0.607267432,-6.72839924,-7.07512546
0.00593463084,-0.598913346,-7.00426395,8.96575013,-8.96573374,-0.59901184,-6.63765514,-7.0034966
0.00593654283,-0.582349165,-6.85109141,8.96575013,-8.96573407,-0.582436366,-6.45549226,-6.85042441
0.00594036681,-0.548971074,-6.51878297,8.96575013,-8.96573478,-0.549036643,-6.08849895,-6.51830962
0.00594411199,-0.515973419,-6.17273604,8.96575012,-8.96573551,-0.516019045,-5.72573393,-6.17244274
0.00594911199,-0.471477888,-5.69543262,8.96575012,-8.96573652,-0.471498827,-5.23658606,-5.6953641
0.00595411199,-0.426517064,-5.20802448,8.96575012,-8.96573756,-0.426515556,-4.74230564,-5.20816246
0.00595911199,-0.38113532,-4.71415634,8.96575012,-8.9657386,-0.381113622,-4.24337986,-4.71448224
0.00596411199,-0.335377441,-4.2152537,8.96575012,-8.96573966,-0.335337834,-3.74028984,-4.21574872
0.00596911199,-0.289288585,-3.71211645,8.96575012,-8.96574073,-0.289233366,-3.23353593,-3.71276161
0.00597411199,-0.242914236,-3.20531259,8.96575011,-8.9657418,-0.242845717,-2.72361459,-3.20608877
0.00597911199,-0.19630016,-2.69538519,8.96575011,-8.96574288,-0.196220667,-2.21103109,-2.69627311
0.00598411199,-0.14949236,-2.18283006,8.96575011,-8.96574397,-0.149404228,-1.69628983,-2.18381037
0.00598911199,-0.102537029,-1.66817035,8.96575011,-8.96574506,-0.102442602,-1.17989968,-1.6692236
0.00599411199,-0.0554805059,-1.15190045,8.9657501,-8.96574615,-0.0553821355,-0.662369646,-1.15300712
0.00599911199,-0.00836923033,-0.634543645,8.9657501,-8.96574725,-0.00826927059,-0.14421082,-0.635684142
0.00600411199,0.0387503046,-0.116597572,8.9657501,-8.96574835,0.0388494979,0.374065684,-0.117752296
0.00600911199,0.0858315977,0.401414316,8.9657501,-8.96574945,0.0859276696,0.891948282,0.400264987
0.00601411199,0.132828185,0.918992527,8.9657501,-8.96575054,0.132918784,1.40892597,0.917868206
0.00601911199,0.179693688,1.43561524,8.96575009,-8.96575164,0.179776467,1.92448855,1.43453551
0.00602411199,0.226381854,1.95078311,8.96575009,-8.96575273,0.226454476,2.43812724,1.94976752
0.00602911199,0.272846609,2.4639779,8.96575009,-8.96575382,0.272906744,2.94933519,2.46304593
0.00603411199,0.319042097,2.97470249,8.96575009,-8.9657549,0.319087431,3.45760787,2.97387352
0.00603911199,0.364922729,3.48244415,8.96575009,-8.96575598,0.36495096,3.96244374,3.48173748
0.00604411199,0.410443226,3.98671003,8.96575008,-8.96575705,0.41045207,4.46334456,3.98614481
0.00604911199,0.455558666,4.48699488,8.96575008,-8.96575811,0.455545858,4.95981608,4.48659015
0.00605411199,0.500224524,4.98281211,8.96575008,-8.96575916,0.50018782,5.45136829,4.98258673
0.00605911199,0.54439672,5.47366587,8.96575008,-8.9657602,0.544333902,5.93751617,5.47363854
0.00606411199,0.588031663,5.95907787,8.96575008,-8.96576123,0.587940536,6.41777991,5.95926706
0.00606911199,0.63108629,6.43856349,8.96575008,-8.96576224,0.630964688,6.89168561,6.43898749
0.00607112962,0.648285967,6.63027525,8.96575007,-8.96576265,0.648151461,7.08100738,6.63079912
0.00607242345,0.659260816,6.75252713,8.9657501,-8.96576291,0.659117852,7.20075023,6.75311659
0.00607318428,0.665694176,6.82342014,8.9657503,-8.96576306,0.665546173,7.26073353,6.82404873
0.00607373346,0.670328513,6.87286944,8.96575079,-8.96576316,0.670176842,7.28915807,6.87352652
0.00607430974,0.67518289,6.92178629,8.96575177,-8.96576326,0.675027342,7.30897852,6.92247348
0.00607504779,0.681387065,6.97907516,8.96575359,-8.96576338,0.681226512,7.32611692,6.97980121
0.00607584303,0.688055548,7.03390857,8.96575612,-8.96576349,0.687889551,7.33901184,7.03467684
0.00607727426,0.700013756,7.11613047,8.9657616,-8.96576366,0.699837828,7.35470428,7.11697545
0.00607908328,0.715047411,7.19456135,8.96576952,-8.96576382,0.714858686,7.36759167,7.19550438
0.00608009797,0.723439513,7.22812547,8.96577425,-8.96576389,0.723243491,7.37295984,7.22912394
0.00608125503,0.732973198,7.25918233,8.96577987,-8.96576395,0.732768752,7.37805403,7.2602443
0.00608228358,0.741415544,7.28104133,8.96578513,-8.96576399,0.741203517,7.38190323,7.28215995
0.00608331791,0.749874113,7.29855307,8.96579072,-8.96576403,0.749654376,7.38528598,7.29972881
0.00608538657,0.766695881,7.32320035,8.96580285,-8.96576408,0.766460462,7.39096998,7.32449066
0.00608700017,0.779727373,7.33574974,8.96581292,-8.9657641,0.77947948,7.3946697,7.33712965
0.00608868925,0.793282604,7.34481143,8.96582359,-8.96576412,0.79302143,7.39803625,7.34628526
0.00609171041,0.817304306,7.35504063,8.96584225,-8.96576413,0.81701881,7.40310539,7.35668268
0.00609549984,0.847017176,7.36206577,8.96586415,-8.96576413,0.846700156,7.40824343,7.36391907
0.00610049984,0.885484703,7.36684017,8.9658905,-8.96576413,0.885124385,7.4136328,7.36897243
0.00610549984,0.923078363,7.36950535,8.96591472,-8.96576413,0.922672848,7.41797067,7.37191671
0.00611049984,0.959761056,7.37109617,8.96593738,-8.96576412,0.959308489,7.42152061,7.3737867
0.00611549984,0.99549658,7.37226541,8.96595871,-8.96576411,0.994995154,7.42450953,7.37523517
0.00612049984,1.03024967,7.37312713,8.96597874,-8.9657641,1.02969762,7.42706202,7.37637617
0.00612549984,1.06398603,7.37379246,8.96599752,-8.96576409,1.06338165,7.42926174,7.3773208
0.00613049984,1.09667236,7.37430307,8.96601506,-8.96576408,1.096014,7.43116987,7.37811072
0.00613549984,1.12827641,7.37469628,8.96603136,-8.96576407,1.12756246,7.43283232,7.37878327
0.00614049984,1.15876698,7.37499261,8.96604643,-8.96576406,1.15799589,7.43428441,7.37935895
0.00614549984,1.188114,7.37520966,8.96606027,-8.96576406,1.18728427,7.43555402,7.37985536
0.00615049984,1.21628849,7.37535915,8.96607291,-8.96576405,1.21539869,7.43666368,7.38028421
0.00615549984,1.24326264,7.37545129,8.96608436,-8.96576404,1.2423114,7.43763197,7.38065573
0.00616049984,1.26900985,7.37549337,8.96609467,-8.96576403,1.26799585,7.43847455,7.38097718
0.00616549984,1.2935047,7.37549209,8.96610386,-8.96576403,1.29242669,7.43920483,7.38125528
0.00617049984,1.31672302,7.37545232,8.966112,-8.96576402,1.3155798,7.43983454,7.38149488
0.00617549984,1.33864188,7.37537888,8.96611912,-8.96576402,1.33743234,7.4403741,7.38170081
0.00618049984,1.35923968,7.37527526,8.9661253,-8.96576401,1.35796274,7.44083288,7.38187656
0.00618549984,1.37849606,7.37514519,8.96613058,-8.96576401,1.37715075,7.44121951,7.38202586
0.00619049984,1.39639204,7.37499135,8.96613505,-8.96576401,1.39497742,7.44154193,7.38215138
0.00619549984,1.41290994,7.37481682,8.96613878,-8.965764,1.41142517,7.44180757,7.38225619
0.00620049984,1.42803348,7.37462376,8.96614184,-8.965764,1.42647775,7.44202343,7.38234248
0.00620549984,1.44174772,7.37441481,8.96614431,-8.965764,1.44012032,7.44219608,7.38241287
0.00621049984,1.45403912,7.37419182,8.96614626,-8.965764,1.45233941,7.44233173,7.38246921
0.00621549984,1.46489557,7.37395709,8.96614778,-8.965764,1.46312297,7.44243617,7.3825138
0.00622049984,1.47430634,7.37371217,8.96614892,-8.965764,1.47246035,7.44251474,7.38254819
0.00622549984,1.48226215,7.37345906,8.96614976,-8.965764,1.48034234,7.44257231,7.38257439
0.00623049984,1.48875514,7.37319901,8.96615037,-8.96576399,1.48676115,7.44261313,7.38259363
0.00623549984,1.49377891,7.37293366,8.96615078,-8.96576399,1.49171046,7.44264097,7.38260756
0.00624049984,1.49732851,7.37266391,8.96615104,-8.96576399,1.49518538,7.44265888,7.38261708
0.00624549984,1.49940042,7.37239099,8.9661512,-8.96576399,1.49718248,7.44266901,7.38262343
0.00625049984,1.4999926,7.37211536,8.96615126,-8.96576399,1.49769979,7.4426728,7.38262705
0.00625549984,1.49910447,7.37183772,8.96615124,-8.96576399,1.4967368,7.44267081,7.38262865
0.00626049984,1.49673691,7.37155805,8.96615113,-8.96576399,1.49429446,7.44266274,7.38262821
0.00626549984,1.49289225,7.37127651,8.96615092,-8.96576399,1.49037518,7.44264745,7.38262589
0.00627049984,1.48757428,7.37099254,8.96615057,-8.96576399,1.48498283,7.44262293,7.38262113
0.00627549984,1.48078826,7.37070581,8.96615007,-8.96576399,1.47812272,7.44258653,7.3826136
0.00628049984,1.47254088,7.37041526,8.96614934,-8.96576399,1.46980164,7.44253463,7.38260224
0.00628549984,1.46284028,7.37012005,8.96614834,-8.965764,1.46002779,7.44246308,7.3825862
0.00629049984,1.45169603,7.36981869,8.96614701,-8.965764,1.44881082,7.44236725,7.38256401
0.00629549984,1.43911913,7.36950997,8.96614527,-8.965764,1.4361618,7.44224192,7.38253444
0.00630049984,1.425122,7.36919206,8.96614304,-8.965764,1.42209321,7.44208143,7.38249567
0.00630549984,1.40971844,7.36886341,8.96614027,-8.965764,1.40661893,7.44187971,7.38244615
0.00631049984,1.39292366,7.36852189,8.96613686,-8.965764,1.38975424,7.44163029,7.38238376
0.00631549984,1.37475424,7.36816567,8.96613274,-8.965764,1.37151578,7.4413263,7.38230663
0.00632049984,1.3552281,7.36779231,8.96612784,-8.96576401,1.35192155,7.44096046,7.38221237
0.00632549984,1.33436451,7.36739964,8.96612209,-8.96576401,1.33099088,7.44052497,7.38209878
0.00633049984,1.31218406,7.36698489,8.96611542,-8.96576401,1.30874444,7.44001145,7.38196308
0.00633549984,1.28870865,7.36654539,8.96610777,-8.96576402,1.28520418,7.43941077,7.38180263
0.00634049984,1.26396143,7.36607783,8.96609909,-8.96576402,1.26039332,7.43871283,7.38161409
0.00634549984,1.23796684,7.36557882,8.96608932,-8.96576403,1.23433636,7.43790636,7.38139409
0.00635049984,1.21075053,7.36504413,8.96607844,-8.96576404,1.20705901,7.43697849,7.38113839
0.00635549984,1.18233935,7.3644692,8.96606639,-8.96576404,1.17858819,7.43591431,7.38084243
0.00636049984,1.15276134,7.3638482,8.96605317,-8.96576405,1.14895199,7.4346962,7.38050037
0.00636549984,1.1220457,7.36317449,8.96603875,-8.96576406,1.11817967,7.43330295,7.38010558
0.00637049984,1.09022274,7.36243945,8.96602312,-8.96576407,1.08630159,7.43170842,7.37964944
0.00637549984,1.05732385,7.36163258,8.96600628,-8.96576407,1.05334921,7.42987978,7.37912143
0.00638049984,1.02338152,7.36073989,8.96598824,-8.96576408,1.01935506,7.42777459,7.37850758
0.00638549984,0.988429232,7.35974317,8.96596901,-8.96576409,0.984352677,7.42533655,7.37778965
0.00639049984,0.952501483,7.35861696,8.96594862,-8.9657641,0.948376609,7.42248829,7.3769422
0.00639549984,0.91563373,7.35732541,8.96592708,-8.96576411,0.911462358,7.4191192,7.37592936
0.00640049984,0.877862358,7.3558144,8.96590442,-8.96576411,0.873646356,7.41506273,7.37469701
0.00640549984,0.839224641,7.35399833,8.96588068,-8.96576412,0.834965922,7.41005097,7.37315954
0.00641049984,0.799758711,7.35172887,8.96585585,-8.96576413,0.795459229,7.40361166,7.37116859
0.00641549984,0.759503516,7.34871754,8.96582993,-8.96576413,0.755165266,7.39479372,7.36843567
0.00642049984,0.718498782,7.34419989,8.96580278,-8.96576413,0.714123798,7.3807497,7.36419631
0.00642486053,0.682156715,7.33702102,8.96577782,-8.96576412,0.677751382,7.35599879,7.35725994
0.00642652487,0.668149504,7.33212927,8.96576797,-8.96576411,0.663733007,7.33332405,7.35246066
0.00642732588,0.661382044,7.32853822,8.96576327,-8.9657641,0.656960257,7.30965466,7.3489141
0.006427662,0.658537254,7.32651494,8.96576137,-8.96576409,0.654113263,7.29109384,7.34690948
0.00642795838,0.656026409,7.32424809,8.96575982,-8.96576408,0.651600484,7.26446421,7.34465907
0.00642829122,0.653203942,7.32074337,8.9657583,-8.96576407,0.648775852,7.22016346,7.34117282
0.00642852345,0.651233017,7.31733495,8.96575734,-8.96576406,0.646803423,7.18730535,7.33777727
0.00642871151,0.649635838,7.31372729,8.96575654,-8.96576405,0.645205029,7.16275359,7.33418003
0.00642891288,0.647924704,7.30878238,8.96575563,-8.96576404,0.643492598,7.13851745,7.32924628
0.00642912598,0.646112745,7.30207406,8.96575461,-8.96576402,0.641679269,7.11467322,7.32254975
0.0064293764,0.643981918,7.29174517,8.96575341,-8.965764,0.639546837,7.08826,7.3122347
0.00642960552,0.642031058,7.2799785,8.9657524,-8.96576398,0.637594515,7.06510723,7.30048069
0.00642976406,0.640680256,7.27086547,8.96575181,-8.96576396,0.636242702,7.04945512,7.2913764
0.00642989246,0.639585911,7.26327403,8.96575142,-8.96576395,0.635147541,7.03693349,7.28379202
0.0064300362,0.638360229,7.25485499,8.96575107,-8.96576393,0.633920946,7.02303339,7.27538088
0.00643019324,0.637020565,7.24579174,8.96575078,-8.96576391,0.632580288,7.0079553,7.26632626
0.00643036551,0.635550248,7.23588773,8.96575056,-8.96576389,0.631108883,6.99150793,7.2564317
0.00643055317,0.633947775,7.22499998,8.96575039,-8.96576387,0.629505227,6.97366878,7.24555423
0.00643076964,0.632098131,7.21222897,8.96575027,-8.96576384,0.627654223,6.9531552,7.23279505
0.00643104512,0.629742656,7.19560098,8.96575018,-8.96576381,0.625297021,6.92710903,7.2161821
0.00643142978,0.626450433,7.1716248,8.96575011,-8.96576376,0.622002399,6.89078863,7.19222686
0.00643183553,0.622973754,7.14537624,8.96575009,-8.9657637,0.618523203,6.85249025,7.1660003
0.00643241397,0.618010454,7.1062887,8.96575008,-8.96576362,0.61355634,6.79785898,7.12694399
0.00643299455,0.613020456,7.06527525,8.96575007,-8.96576353,0.608562794,6.74295708,7.0859617
0.00643415573,0.603016055,6.97861573,8.96575007,-8.96576334,0.598551384,6.63291082,6.99936395
0.00643538414,0.592397395,6.88134121,8.96575007,-8.96576313,0.587925436,6.51612914,6.90215392
0.00643784098,0.571054836,6.67438702,8.96575007,-8.96576269,0.566568694,6.28144729,6.69532589
0.00644145629,0.539402556,6.35003187,8.96575008,-8.965762,0.534896502,5.93345339,6.3711491
0.00644550119,0.503660056,5.97090231,8.96575008,-8.9657612,0.499133088,5.54051921,5.99220831
0.00645050119,0.459030823,5.48974636,8.96575008,-8.96576018,0.454480012,5.04989334,5.51126942
0.00645550119,0.413948581,5.0001759,8.96575008,-8.96575914,0.409376172,4.55426643,5.02189764
0.00646050119,0.368457823,4.50475846,8.96575008,-8.96575809,0.36386608,4.05412635,4.52666021
0.00646550119,0.32260344,4.00458208,8.96575008,-8.96575703,0.31799465,3.54995989,4.026645
0.00647050119,0.276430688,3.50035562,8.96575009,-8.96575596,0.27180715,3.04226679,3.52256067
0.00647550119,0.229985131,2.99260988,8.96575009,-8.96575488,0.225349163,2.53154597,3.0149379
0.00648050119,0.183312607,2.48188724,8.96575009,-8.9657538,0.178666536,2.01830265,2.50431895
0.00648550119,0.136459175,1.96867417,8.96575009,-8.96575271,0.131805341,1.50304253,1.99119017
0.00649050119,0.0894710753,1.45350091,8.96575009,-8.96575162,0.0848118232,0.986274644,1.47608172
0.00649550119,0.0423946779,0.936855096,8.9657501,-8.96575053,0.0377323603,0.468508655,0.959481182
0.00650050119,-0.00472355791,0.419267293,8.9657501,-8.96574943,-0.00938658608,-0.0497442183,0.441919063
0.00650550119,-0.0518371321,-0.0987713343,8.9657501,-8.96574833,-0.0564985151,-0.567972651,-0.0761134944
0.00651050119,-0.0988995493,-0.616730553,8.9657501,-8.96574723,-0.103556933,-1.0856651,-0.594086264
0.00651550119,-0.145864365,-1.13411733,8.9657501,-8.96574614,-0.150515398,-1.60231071,-1.1115062
0.00652050119,-0.192685229,-1.65040361,8.96575011,-8.96574504,-0.197327569,-2.11739955,-1.62784521
0.00652550119,-0.239315937,-2.16509652,8.96575011,-8.96574395,-0.243947247,-2.63042329,-2.14261039
0.00653050119,-0.285710469,-2.67767211,8.96575011,-8.96574287,-0.290328424,-3.14087562,-2.6552777
0.00653550119,-0.331823039,-3.18763978,8.96575011,-8.96574179,-0.336425327,-3.64825277,-3.16535646
0.00654050119,-0.37760814,-3.69448161,8.96575011,-8.96574071,-0.382192464,-4.15205398,-3.67232863
0.00654550119,-0.423020587,-4.19771132,8.96575012,-8.96573965,-0.427584669,-4.65178206,-4.17570781
0.00655050119,-0.468015564,-4.69681894,8.96575012,-8.96573859,-0.472557144,-5.14694382,-4.67498389
0.00655550119,-0.512548666,-5.19132454,8.96575012,-8.96573754,-0.517065507,-5.63705058,-5.16967677
0.00656050119,-0.556575944,-5.68072804,8.96575012,-8.9657365,-0.561065834,-6.12161863,-5.65928618
0.00656550119,-0.600053949,-6.16455787,8.96575012,-8.96573548,-0.604514702,-6.60016977,-6.14334034
0.00657050119,-0.642939774,-6.64232382,8.96575013,-8.96573446,-0.647369231,-7.07222634,-6.62134885
0.00657243031,-0.659318822,-6.82401849,8.96575013,-8.96573424,-0.663735633,-7.24678191,-6.80314192
0.00657326973,-0.666415766,-6.90000254,8.96575013,-8.96573475,-0.670826977,-7.29249717,-6.87916961
0.00657416307,-0.673948177,-6.97372669,8.96575012,-8.96573636,-0.678353362,-7.31898,-6.9529407
0.00657496139,-0.68066149,-7.0319929,8.96575012,-8.96573855,-0.685061233,-7.33406554,-7.01124927
0.00657584082,-0.688037055,-7.08804774,8.96575011,-8.96574154,-0.692430741,-7.34584211,-7.06735115
0.00657759969,-0.702724936,-7.17799943,8.9657501,-8.96574859,-0.707106315,-7.36162712,-7.15739788
0.00657931688,-0.716981968,-7.24216161,8.96575009,-8.96575632,-0.721351083,-7.37187204,-7.22165386
0.00658025112,-0.724703599,-7.26898898,8.96575008,-8.96576075,-0.729065939,-7.3762268,-7.24853258
0.00658133956,-0.733668183,-7.29456503,8.96575007,-8.96576617,-0.738022539,-7.38056373,-7.27416867
0.00658258427,-0.743877775,-7.31718234,8.96575006,-8.96577277,-0.748222882,-7.38479566,-7.29685488
0.00658377238,-0.753580687,-7.33354703,8.96575004,-8.96577952,-0.757916847,-7.38828758,-7.3132855
0.00658557383,-0.768212207,-7.35114424,8.96575002,-8.96579048,-0.772534583,-7.39282137,-7.33098292
0.00658740822,-0.783010142,-7.36308092,8.96575,-8.96580211,-0.787318211,-7.3967343,-7.34302184
0.00658935367,-0.798590324,-7.37153073,8.96574998,-8.96581443,-0.802882926,-7.40030732,-7.35158022
0.00659260633,-0.824371602,-7.38021679,8.96574994,-8.96583421,-0.828637671,-7.40531266,-7.36044804
0.00659760633,-0.86332755,-7.38709313,8.96574989,-8.96586213,-0.867551216,-7.41138869,-7.36760406
0.00660260633,-0.901431497,-7.39048725,8.96574984,-8.96588746,-0.905610836,-7.41616503,-7.37127806
0.00660760633,-0.938645841,-7.39253272,8.9657498,-8.96591097,-0.942778972,-7.42007139,-7.37360352
0.00661260633,-0.974933854,-7.39388573,8.96574976,-8.96593307,-0.979018943,-7.42331254,-7.37523657
0.00661760633,-1.01025973,-7.39488967,8.96574972,-8.96595387,-1.01429498,-7.42606351,-7.3765206
0.00662260633,-1.04458859,-7.39564738,8.96574968,-8.96597339,-1.04857228,-7.42842593,-7.37755843
0.00662760633,-1.07788658,-7.3962333,8.96574965,-8.96599167,-1.08181701,-7.43047037,-7.3784245
0.00663260633,-1.11012082,-7.39668438,8.96574962,-8.9660087,-1.11399635,-7.43224908,-7.37915575
0.00663760633,-1.1412595,-7.39702941,8.96574959,-8.96602449,-1.14507856,-7.43380197,-7.37978097
0.00664260633,-1.1712719,-7.39728655,8.96574956,-8.96603905,-1.17503296,-7.43516002,-7.3803183
0.00664760633,-1.2001284,-7.39747073,8.96574954,-8.96605239,-1.20382999,-7.43634813,-7.38078268
0.00665260633,-1.22780051,-7.39759235,8.96574951,-8.96606453,-1.23144122,-7.43738651,-7.38118451
0.00665760633,-1.25426094,-7.39766051,8.96574949,-8.9660755,-1.25783942,-7.43829214,-7.38153289
0.00666260633,-1.27948355,-7.39768176,8.96574947,-8.96608533,-1.28299852,-7.43907933,-7.38183435
0.00666760633,-1.30344348,-7.39766223,8.96574946,-8.96609407,-1.30689369,-7.43976059,-7.38209504
0.00667260633,-1.32611706,-7.39760638,8.96574944,-8.96610178,-1.32950137,-7.44034681,-7.3823194
0.00667760633,-1.34748192,-7.39751871,8.96574943,-8.96610849,-1.35079923,-7.44084785,-7.38251194
0.00668260633,-1.36751699,-7.39740246,8.96574942,-8.96611428,-1.37076625,-7.44127259,-7.3826759
0.00668760633,-1.38620247,-7.39726119,8.96574941,-8.96611921,-1.38938274,-7.44162928,-7.38281483
0.00669260633,-1.40351995,-7.39709742,8.9657494,-8.96612336,-1.40663031,-7.44192549,-7.38293126
0.00669760633,-1.41945232,-7.3969141,8.9657494,-8.9661268,-1.42249196,-7.44216843,-7.38302813
0.00670260633,-1.43398386,-7.39671331,8.96574939,-8.9661296,-1.43695201,-7.44236479,-7.38310752
0.00670760633,-1.44710023,-7.39649761,8.96574939,-8.96613184,-1.44999621,-7.44252094,-7.38317199
0.00671260633,-1.45878849,-7.39626874,8.96574938,-8.9661336,-1.46161168,-7.44264281,-7.38322329
0.00671760633,-1.4690371,-7.39602895,8.96574938,-8.96613495,-1.47178696,-7.44273598,-7.38326365
0.00672260633,-1.47783595,-7.39577971,8.96574938,-8.96613596,-1.480512,-7.44280549,-7.38329456
0.00672760633,-1.48517635,-7.39552294,8.96574938,-8.96613669,-1.4877782,-7.44285588,-7.38331793
0.00673260633,-1.49105106,-7.39525981,8.96574938,-8.96613721,-1.49357838,-7.44289123,-7.38333492
0.00673760633,-1.49545429,-7.39499188,8.96574938,-8.96613756,-1.49790682,-7.44291498,-7.38334712
0.00674260633,-1.49838168,-7.39471995,8.96574938,-8.96613778,-1.50075925,-7.44292964,-7.3833553
0.00674760633,-1.49983035,-7.39444515,8.96574938,-8.96613789,-1.50213285,-7.44293715,-7.38336059
0.00675260633,-1.49979887,-7.3941678,8.96574937,-8.96613792,-1.50202627,-7.44293851,-7.38336333
0.00675760633,-1.49828727,-7.39388853,8.96574938,-8.96613786,-1.50043961,-7.44293395,-7.38336414
0.00676260633,-1.49529704,-7.39360717,8.96574938,-8.96613771,-1.49737444,-7.4429228,-7.38336284
0.00676760633,-1.49083114,-7.3933238,8.96574938,-8.96613745,-1.49283377,-7.44290359,-7.38335953
0.00677260633,-1.48489396,-7.39303773,8.96574938,-8.96613704,-1.48682211,-7.44287401,-7.38335351
0.00677760633,-1.47749137,-7.39274855,8.96574938,-8.96613645,-1.47934537,-7.44283114,-7.38334436
0.00678260633,-1.46863068,-7.39245509,8.96574938,-8.96613562,-1.47041093,-7.44277113,-7.38333092
0.00678760633,-1.45832062,-7.39215644,8.96574938,-8.96613449,-1.46002762,-7.44268964,-7.38331229
0.00679260633,-1.44657138,-7.39185105,8.96574938,-8.96613299,-1.44820567,-7.44258188,-7.38328689
0.00679760633,-1.43339455,-7.39153763,8.96574939,-8.96613106,-1.43495676,-7.44244252,-7.38325346
0.00680260633,-1.41880313,-7.3912143,8.96574939,-8.96612862,-1.42029396,-7.44226575,-7.3832101
0.00680760633,-1.40281152,-7.39087945,8.9657494,-8.96612558,-1.40423174,-7.44204545,-7.38315523
0.00681260633,-1.3854355,-7.39053093,8.9657494,-8.96612189,-1.38678595,-7.44177504,-7.38308665
0.00681760633,-1.36669223,-7.39016682,8.96574941,-8.96611745,-1.36797382,-7.44144759,-7.38300247
0.00682260633,-1.3466002,-7.38978465,8.96574942,-8.96611221,-1.34781389,-7.44105567,-7.38290023
0.00682760633,-1.32517924,-7.38938218,8.96574943,-8.96610608,-1.32632608,-7.44059138,-7.38277767
0.00683260633,-1.30245048,-7.38895654,8.96574945,-8.96609901,-1.30353158,-7.44004612,-7.38263192
0.00683760633,-1.27843637,-7.38850499,8.96574946,-8.96609093,-1.27945289,-7.43941056,-7.38246025
0.00684260633,-1.25316059,-7.38802406,8.96574948,-8.9660818,-1.25411377,-7.43867427,-7.38225917
0.00684760633,-1.22664809,-7.38751022,8.9657495,-8.96607157,-1.22753924,-7.43782556,-7.38202517
0.00685260633,-1.19892504,-7.38695899,8.96574952,-8.9660602,-1.19975551,-7.43685099,-7.38175377
0.00685760633,-1.1700188,-7.38636554,8.96574954,-8.96604766,-1.17079,-7.43573491,-7.38144012
0.00686260633,-1.13995789,-7.38572367,8.96574957,-8.96603393,-1.1406713,-7.43445869,-7.38107802
0.00686760633,-1.10877197,-7.38502621,8.9657496,-8.96601899,-1.10942914,-7.43299976,-7.38066031
0.00687260633,-1.07649184,-7.38426385,8.96574963,-8.96600284,-1.07709434,-7.43133011,-7.38017767
0.00687760633,-1.04314933,-7.38342514,8.96574966,-8.96598548,-1.04369882,-7.42941428,-7.37961865
0.00688260633,-1.00877736,-7.38249469,8.96574969,-8.96596692,-1.00927553,-7.42720603,-7.37896786
0.00688760633,-0.973409856,-7.38145227,8.96574973,-8.96594717,-0.973858444,-7.42464342,-7.37820506
0.00689260633,-0.93708171,-7.38026932,8.96574977,-8.96592627,-0.937482516,-7.42164027,-7.37730169
0.00689760633,-0.899828777,-7.37890499,8.96574981,-8.96590422,-0.900183644,-7.41807159,-7.37621689
0.00690260633,-0.861687822,-7.37729659,8.96574985,-8.96588107,-0.861998636,-7.41374552,-7.37488796
0.00690760633,-0.822696485,-7.37534258,8.9657499,-8.96585682,-0.822965177,-7.40834556,-7.37321336
0.00691260633,-0.782893246,-7.37286115,8.96574994,-8.96583149,-0.783121787,-7.40129313,-7.37101125
0.00691760633,-0.742317385,-7.36948056,8.96574999,-8.96580504,-0.742507788,-7.39135661,-7.36790987
0.00692260633,-0.701008947,-7.3640917,8.96575004,-8.96577727,-0.70116326,-7.37430159,-7.36280005
0.00692547255,-0.677014507,-7.35884519,8.96575008,-8.96576062,-0.677149068,-7.35528026,-7.35771339
0.00692689567,-0.665018868,-7.35472644,8.96575009,-8.96575215,-0.665143879,-7.3365238,-7.35367396
0.00692761314,-0.658950972,-7.35177731,8.9657501,-8.96574787,-0.659071233,-7.31892696,-7.35076479
0.0069279738,-0.655895749,-7.34987576,8.9657501,-8.96574576,-0.656013639,-7.30426552,-7.34888333
0.00692828295,-0.653274125,-7.34786007,8.96575011,-8.96574403,-0.65338999,-7.28450108,-7.34688485
0.00692858116,-0.650742959,-7.34535292,8.96575011,-8.96574251,-0.65085688,-7.25367623,-7.34439429
0.0069289397,-0.647696733,-7.3410352,8.96575011,-8.96574091,-0.647808326,-7.2032912,-7.34009652
0.0069291439,-0.645960289,-7.33759329,8.96575011,-8.96574006,-0.646070561,-7.17531891,-7.33666596
0.0069293276,-0.644397309,-7.33358191,8.96575012,-8.96573924,-0.644506396,-7.15219776,-7.3326648
0.0069295252,-0.642715071,-7.32812897,8.96575012,-8.96573831,-0.642822886,-7.12912076,-7.32722283
0.00692976586,-0.640664957,-7.31956865,8.96575012,-8.96573713,-0.640771227,-7.10286683,-7.31867587
0.00692999327,-0.638726361,-7.30904388,8.96575012,-8.96573606,-0.638831176,-7.07932396,-7.30816369
0.00693022609,-0.636740265,-7.29628164,8.96575012,-8.96573511,-0.636843596,-7.05603233,-7.29541433
0.00693035208,-0.635664935,-7.28889519,8.96575012,-8.96573469,-0.635767463,-7.0436623,-7.28803484
0.00693049287,-0.634462815,-7.28060847,8.96575013,-8.96573432,-0.634564449,-7.02997226,-7.2797559
0.00693066361,-0.633004241,-7.27070854,8.96575013,-8.96573398,-0.633104793,-7.01350723,-7.26986538
0.00693084534,-0.631451105,-7.26027984,8.96575013,-8.96573374,-0.631550508,-6.9961041,-7.25944668
0.00693099049,-0.630209923,-7.25190784,8.96575013,-8.96573361,-0.630308411,-6.98226617,-7.25108265
0.00693118849,-0.628515991,-7.24030404,8.96575013,-8.96573349,-0.628613232,-6.96344965,-7.23948973
0.00693139927,-0.6267117,-7.22774426,8.96575013,-8.96573342,-0.626807619,-6.94346964,-7.22694149
0.00693170203,-0.624118104,-7.20923199,8.96575013,-8.96573338,-0.624212129,-6.91481976,-7.20844578
0.00693206344,-0.621019176,-7.1864226,8.96575013,-8.96573338,-0.621110951,-6.8806525,-7.1856561
0.00693253837,-0.616941951,-7.1552417,8.96575013,-8.96573343,-0.617030786,-6.83575231,-7.154501
0.00693310205,-0.612095619,-7.11657908,8.96575013,-8.9657335,-0.61218099,-6.78241808,-7.11586885
0.00693386076,-0.605560464,-7.06196585,8.96575013,-8.96573362,-0.605641215,-6.71052261,-7.06129637
0.00693529235,-0.593192133,-6.95227581,8.96575013,-8.96573385,-0.593264302,-6.57448587,-6.95168233
0.00693716427,-0.576947156,-6.79860114,8.96575013,-8.96573418,-0.577008373,-6.3958451,-6.79810516
0.00694090813,-0.544220025,-6.46914432,8.96575013,-8.96573488,-0.544260254,-6.03602033,-6.46883649
0.00694576936,-0.501278643,-6.01581886,8.96575012,-8.96573584,-0.501293461,-5.56394577,-6.01574093
0.00695039292,-0.46000218,-5.5709359,8.96575012,-8.96573679,-0.459994776,-5.1101804,-5.57106089
0.00695539292,-0.414929278,-5.08165861,8.96575012,-8.96573782,-0.414900004,-4.61466742,-5.08198536
0.00696039292,-0.369446891,-4.58640147,8.96575012,-8.96573887,-0.369398011,-4.11462563,-4.58691132
0.00696539292,-0.323599905,-4.08635267,8.96575012,-8.96573993,-0.323533704,-3.61055112,-4.08702678
0.00697039292,-0.277433564,-3.58222247,8.96575011,-8.965741,-0.277352343,-3.102937,-3.58304182
0.00697539292,-0.23099343,-3.07457072,8.96575011,-8.96574208,-0.230899505,-2.59228629,-3.07551614
0.00698039292,-0.184325334,-2.56392012,8.96575011,-8.96574316,-0.184221032,-2.07910129,-2.56497233
0.00698539292,-0.13747533,-2.05077901,8.96575011,-8.96574425,-0.137362991,-1.56388944,-2.05191863
0.00699039292,-0.0904896555,-1.53565673,8.96575011,-8.96574534,-0.0903716249,-1.04715849,-1.53686427
0.00699539292,-0.0434146782,-1.01906142,8.9657501,-8.96574644,-0.043293308,-0.529418808,-1.02031734
0.00700039292,0.00370314412,-0.501503376,8.9657501,-8.96574753,0.00382549907,-0.0111810362,-0.502788095
0.00700539292,0.0508173119,0.0165066068,8.9657501,-8.96574863,0.0509382958,0.507043218,0.0152127016
0.00701039292,0.0978813291,0.534457702,8.9657501,-8.96574973,0.0979985876,1.02474267,0.533174232
0.00701539292,0.144848749,1.05183809,8.9657501,-8.96575083,0.144959932,1.54140637,1.05058466
0.00702039292,0.191673221,1.56813824,8.96575009,-8.96575192,0.191775983,2.05652448,1.56693443
0.00702539292,0.238308535,2.08284733,8.96575009,-8.96575301,0.238400541,2.56958864,2.08171267
0.00703039292,0.284708667,2.59545908,8.96575009,-8.9657541,0.284787591,3.08009256,2.59441302
0.00703539292,0.330827825,3.10546572,8.96575009,-8.96575518,0.330891356,3.58753244,3.10452764
0.00704039292,0.376620497,3.61236616,8.96575009,-8.96575625,0.376666336,4.09140751,3.61155531
0.00704539292,0.42204149,4.11565776,8.96575008,-8.96575732,0.422067359,4.59122054,4.11499327
0.00705039292,0.467045978,4.61484655,8.96575008,-8.96575838,0.467049618,5.08647828,4.61434741
0.00705539292,0.511589549,5.10943699,8.96575008,-8.96575942,0.511568721,5.576692,5.10912203
0.00706039292,0.555628243,5.59894419,8.96575008,-8.96576046,0.555580734,6.06137792,5.59883204
0.00706539292,0.599118598,6.08288172,8.96575008,-8.96576149,0.599042222,6.54005773,6.08299081
0.00707039292,0.642017696,6.56077543,8.96575007,-8.9657625,0.641910294,7.01225855,6.56112399
0.00707233362,0.658500207,6.7444285,8.96575009,-8.96576289,0.658380186,7.19298009,6.74487487
0.00707331425,0.666791666,6.83549397,8.9657504,-8.96576308,0.666665148,7.26911622,6.83599078
0.00707394682,0.672126769,6.89157037,8.96575111,-8.9657632,0.671996017,7.29760399,6.89210007
0.00707459847,0.677611747,6.94514047,8.96575242,-8.96576331,0.677476598,7.31660488,6.94570433
0.00707553893,0.685507538,7.01398377,8.9657551,-8.96576345,0.68536598,7.33462547,7.01459735
0.00707641112,0.69280875,7.0691182,8.96575819,-8.96576357,0.692661182,7.34613695,7.06977831
0.00707815549,0.707348536,7.15773514,8.96576536,-8.96576375,0.707188758,7.36166322,7.15848925
0.00707976783,0.720712276,7.2181617,8.96577271,-8.96576387,0.720540988,7.37133254,7.21900361
0.00708068323,0.72826667,7.2449011,8.96577707,-8.96576392,0.728088751,7.37566503,7.24579316
0.00708179648,0.73742132,7.2715028,8.96578262,-8.96576397,0.737235244,7.38015835,7.27245607
0.00708300951,0.747355353,7.29393532,8.96578903,-8.96576402,0.747160274,7.38433019,7.29495552
0.00708418385,0.756931265,7.31047971,8.96579567,-8.96576405,0.756727355,7.38782582,7.31156487
0.00708599096,0.771586266,7.32853419,8.96580659,-8.96576409,0.771368547,7.39242617,7.32971956
0.00708784964,0.786555631,7.34083717,8.9658183,-8.96576411,0.786323435,7.39642493,7.34212582
0.00708973363,0.801619382,7.34916825,8.96583015,-8.96576412,0.801372229,7.39991496,7.35056172
0.00709295483,0.827113685,7.35797158,8.96584964,-8.96576413,0.826840307,7.40492302,7.3595445
0.00709795483,0.866011484,7.36499622,8.96587744,-8.96576413,0.865695792,7.4110544,7.36684799
0.00710295483,0.904054635,7.36843602,8.96590265,-8.96576413,0.903694706,7.41586515,7.37056683
0.00710795483,0.941205593,7.37049693,8.96592605,-8.96576412,0.940799549,7.41979465,7.37290689
0.00711295483,0.977427695,7.37185314,8.96594803,-8.96576411,0.976973705,7.42305133,7.37454232
0.00711795483,1.01268519,7.37285757,8.96596871,-8.96576411,1.01218147,7.4258132,7.375826
0.00712295483,1.04694329,7.37361434,8.96598813,-8.9657641,1.04638811,7.42818337,7.37686206
0.00712795483,1.08016819,7.37419879,8.9660063,-8.96576409,1.07955985,7.43023321,7.37772582
0.00713295483,1.11232709,7.37464823,8.96602323,-8.96576408,1.11166397,7.43201559,7.3784546
0.00713795483,1.14338825,7.37499153,8.96603892,-8.96576407,1.14266877,7.43357076,7.37907725
0.00714295483,1.17332103,7.37524703,8.96605339,-8.96576406,1.17254367,7.43493004,7.37961211
0.00714795483,1.20209589,7.37542959,8.96606663,-8.96576405,1.20125918,7.43611849,7.38007404
0.00715295483,1.22968442,7.37554973,8.96607869,-8.96576404,1.22878695,7.43715653,7.38047355
0.00715795483,1.2560594,7.37561647,8.96608957,-8.96576404,1.25509983,7.43806123,7.38081967
0.00716295483,1.2811948,7.37563644,8.96609933,-8.96576403,1.28017185,7.43884704,7.38111902
0.00716795483,1.30506581,7.37561571,8.966108,-8.96576402,1.30397826,7.43952651,7.38137767
0.00717295483,1.32764889,7.3755588,8.96611563,-8.96576402,1.32649557,7.44011066,7.38160013
0.00717795483,1.34892173,7.37547013,8.96612227,-8.96576402,1.34770156,7.44060939,7.38179084
0.00718295483,1.36886335,7.37535304,8.966128,-8.96576401,1.3675753,7.44103167,7.38195312
0.00718795483,1.38745407,7.37521098,8.96613288,-8.96576401,1.38609717,7.44138576,7.38209043
0.00719295483,1.40467554,7.37504657,8.96613698,-8.965764,1.40324891,7.44167936,7.38220538
0.00719795483,1.42051077,7.37486268,8.96614037,-8.965764,1.41901357,7.44191967,7.38230085
0.00720295483,1.43494412,7.37466147,8.96614313,-8.965764,1.43337561,7.44211348,7.38237898
0.00720795483,1.44796135,7.37444541,8.96614533,-8.965764,1.44632085,7.44226718,7.38244226
0.00721295483,1.45954963,7.37421634,8.96614706,-8.965764,1.45783652,7.44238677,7.38249252
0.00721795483,1.4696975,7.37397642,8.96614838,-8.965764,1.46791124,7.44247784,7.38253193
0.00722295483,1.47839496,7.37372721,8.96614937,-8.965764,1.47653509,7.4425455,7.38256203
0.00722795483,1.48563342,7.37347055,8.96615009,-8.96576399,1.48369954,7.44259429,7.38258467
0.00723295483,1.49140574,7.37320766,8.96615059,-8.96576399,1.48939753,7.4426283,7.38260108
0.00723795483,1.49570622,7.37294006,8.96615093,-8.96576399,1.49362344,7.44265097,7.38261276
0.00724295483,1.49853062,7.3726686,8.96615113,-8.96576399,1.49637309,7.44266481,7.38262057
0.00724795483,1.49987616,7.37239432,8.96615124,-8.96576399,1.49764377,7.4426717,7.38262555
0.00725295483,1.49974149,7.3721176,8.96615126,-8.96576399,1.49743423,7.44267263,7.38262809
0.00725795483,1.49812676,7.371839,8.9661512,-8.96576399,1.49574467,7.44266775,7.38262872
0.00726295483,1.49503357,7.37155838,8.96615104,-8.96576399,1.49257676,7.44265634,7.38262734
0.00726795483,1.49046495,7.37127575,8.96615077,-8.96576399,1.48793363,7.44263683,7.38262393
0.00727295483,1.48442543,7.37099046,8.96615035,-8.96576399,1.48181986,7.44260684,7.38261785
0.00727795483,1.47692095,7.37070201,8.96614974,-8.96576399,1.47424148,7.44256334,7.3826086
0.00728295483,1.46795894,7.37040928,8.96614889,-8.965764,1.46520598,7.4425024,7.38259505
0.00728795483,1.45754822,7.37011127,8.96614774,-8.965764,1.45472226,7.44241957,7.38257622
0.00729295483,1.44569909,7.36980645,8.96614621,-8.965764,1.44280069,7.44230997,7.38255056
0.00729795483,1.43242322,7.36949347,8.96614424,-8.965764,1.42945301,7.44216815,7.38251674
0.00730295483,1.41773372,7.36917048,8.96614176,-8.965764,1.41469241,7.44198823,7.38247289
0.00730795483,1.40164509,7.36883581,8.96613868,-8.965764,1.39853344,7.44176396,7.38241735
0.00731295483,1.38417321,7.36848731,8.96613493,-8.965764,1.38099207,7.44148867,7.38234796
0.00731795483,1.36533531,7.368123,8.96613044,-8.96576401,1.36208559,7.4411553,7.38226276
0.00732295483,1.34514999,7.36774045,8.96612513,-8.96576401,1.34183268,7.44075632,7.38215929
0.00732795483,1.32363718,7.36733732,8.96611894,-8.96576401,1.32025331,7.44028366,7.38203523
0.00733295483,1.30081809,7.36691076,8.9661118,-8.96576402,1.29736878,7.43972858,7.38188774
0.00733795483,1.27671525,7.36645795,8.96610365,-8.96576402,1.27320167,7.43908154,7.38171396
0.00734295483,1.25135245,7.3659754,8.96609444,-8.96576403,1.24777584,7.43833187,7.38151044
0.00734795483,1.22475471,7.36545947,8.96608413,-8.96576403,1.22111638,7.43746759,7.38127351
0.00735295483,1.19694829,7.36490564,8.96607268,-8.96576404,1.1932496,7.43647488,7.38099867
0.00735795483,1.16796063,7.36430892,8.96606006,-8.96576405,1.164203,7.43533761,7.38068091
0.00736295483,1.13782033,7.36366297,8.96604625,-8.96576405,1.13400524,7.43403651,7.3803139
0.00736795483,1.10655714,7.36296038,8.96603124,-8.96576406,1.10268613,7.43254817,7.37989022
0.00737295483,1.07420191,7.36219158,8.96601501,-8.96576407,1.07027658,7.43084343,7.37940031
0.00737795483,1.04078657,7.36134462,8.96599758,-8.96576408,1.03680856,7.42888519,7.3788322
0.00738295483,1.0063441,7.36040352,8.96597896,-8.96576409,1.00231511,7.42662487,7.37816992
0.00738795483,0.970908494,7.35934703,8.96595915,-8.96576409,0.966830272,7.42399699,7.37739221
0.00739295483,0.934514716,7.35814508,8.96593819,-8.9657641,0.930389061,7.42090986,7.37646901
0.00739795483,0.897198685,7.35675418,8.96591611,-8.96576411,0.893027443,7.41722925,7.3753568
0.00740295483,0.858997228,7.35510708,8.96589291,-8.96576412,0.854782288,7.41274689,7.37398833
0.00740795483,0.819948043,7.35309311,8.96586864,-8.96576412,0.81569134,7.40711373,7.37225293
0.00741295483,0.78008967,7.35051036,8.96584328,-8.96576413,0.775793177,7.3996774,7.36994865
0.00741795483,0.739461441,7.34693263,8.96581678,-8.96576413,0.735127174,7.38899955,7.36664929
0.00742295483,0.698103454,7.34098059,8.96578893,-8.96576412,0.693733463,7.36964148,7.36097542
0.00742530276,0.67844211,7.33623939,8.9657753,-8.96576411,0.67405606,7.35143449,7.35636476
0.00742655612,0.667885809,7.33235566,8.96576788,-8.96576411,0.663491377,7.33259926,7.35255067
0.00742716612,0.662733169,7.32972998,8.96576429,-8.9657641,0.658334706,7.31590106,7.34995886
0.00742750204,0.659891498,7.32790589,8.96576235,-8.96576409,0.655490827,7.30102751,7.34815343
0.00742780068,0.657362703,7.32590349,8.96576071,-8.96576409,0.652960079,7.28030025,7.34616761
0.0074281156,0.654693531,7.32313491,8.96575916,-8.96576408,0.650288854,7.24515263,7.3434165
0.00742846464,0.651732217,7.31868648,8.96575765,-8.96576406,0.647325276,7.19558361,7.33898742
0.00742865559,0.650110838,7.31529995,8.96575685,-8.96576405,0.645702662,7.17003617,7.33561149
0.00742884584,0.648494456,7.31099502,8.965756,-8.96576404,0.644085053,7.14659684,7.33131709
0.00742905178,0.646743771,7.30503729,8.96575503,-8.96576403,0.642333043,7.12302943,7.32537076
0.00742929116,0.644707398,7.29605552,8.96575386,-8.96576401,0.640295135,7.09733217,7.31640224
0.00742953511,0.642630703,7.28434086,8.96575273,-8.96576399,0.63821688,7.07238222,7.30470105
0.0074298249,0.64016179,7.26777498,8.96575164,-8.96576396,0.635746122,7.04372965,7.28815114
0.00742995342,0.63906613,7.26017356,8.96575128,-8.96576394,0.634649645,7.03125105,7.2805568
0.00743009176,0.637886308,7.25210721,8.96575097,-8.96576393,0.633468946,7.01791891,7.27249805
0.00743024283,0.636597405,7.24339552,8.96575072,-8.96576391,0.632179087,7.00344733,7.26379465
0.00743048154,0.634559556,7.22958644,8.96575045,-8.96576388,0.630139731,6.98070736,7.24999866
0.00743070198,0.632676441,7.21668493,8.96575031,-8.96576385,0.628255229,6.95980123,7.23710922
0.00743095117,0.630546212,7.20174724,8.9657502,-8.96576382,0.626123437,6.93622868,7.22218513
0.0074312155,0.628284868,7.1855194,8.96575014,-8.96576379,0.623860441,6.91126128,7.2059717
0.00743167736,0.624329533,7.15613268,8.96575009,-8.96576372,0.619902234,6.86766442,7.17661006
0.0074322025,0.619825953,7.12121771,8.96575008,-8.96576365,0.61539541,6.81808288,7.1417235
0.00743280443,0.614655464,7.07929862,8.96575007,-8.96576356,0.610221231,6.76118934,7.09983678
0.00743361896,0.607644717,7.01977863,8.96575007,-8.96576343,0.603205542,6.68406697,7.04036029
0.00743523443,0.593693426,6.89393355,8.96575007,-8.96576316,0.589244619,6.53062654,6.91460036
0.00743846537,0.565608786,6.62054157,8.96575007,-8.96576258,0.561141394,6.22181286,6.64137377
0.00744222951,0.532596267,6.2791245,8.96575008,-8.96576185,0.528108373,5.8588713,6.30014062
0.0074464182,0.495510892,5.88393446,8.96575008,-8.96576101,0.491001653,5.45117778,5.90514357
0.0074514182,0.450795265,5.40087036,8.96575008,-8.96575999,0.446262591,4.95959938,5.4222932
0.0074564182,0.405634756,4.910102,8.96575008,-8.96575895,0.401080897,4.46310843,4.93172012
0.0074614182,0.360073935,4.41373762,8.96575008,-8.9657579,0.35550116,3.96219286,4.43553233
0.0074664182,0.314157765,3.91277972,8.96575008,-8.96575683,0.309568361,3.4573423,3.93473213
0.0074714182,0.267931558,3.4078607,8.96575009,-8.96575576,0.26332783,2.94905627,3.42995176
0.0074764182,0.221440936,2.89953712,8.96575009,-8.96575469,0.216825202,2.43783499,2.92174763
0.0074814182,0.174731778,2.3883134,8.96575009,-8.9657536,0.170106369,1.92418378,2.41062406
0.0074864182,0.127850181,1.87470859,8.96575009,-8.96575251,0.123217437,1.40860899,1.8971
0.0074914182,0.0808424113,1.35922158,8.96575009,-8.96575142,0.0762046795,0.891619816,1.38167423
0.0074964182,0.0337548599,0.842369919,8.9657501,-8.96575033,0.0291144931,0.37372623,0.864864267
0.0075014182,-0.0133660035,0.324656299,8.9657501,-8.96574923,-0.0180066499,-0.144560475,0.34717275
0.0075064182,-0.0604736762,-0.193401573,8.9657501,-8.96574813,-0.0651122466,-0.662728915,-0.170882637
0.0075114182,-0.107521669,-0.711298297,8.9657501,-8.96574703,-0.112155809,-1.18026761,-0.688796495
0.0075164182,-0.15446355,-1.22851759,8.96575011,-8.96574594,-0.159090912,-1.69666587,-1.20605253
0.0075214182,-0.201252995,-1.74455338,8.96575011,-8.96574484,-0.205871234,-2.21141399,-1.72214462
0.0075264182,-0.247843828,-2.25889268,8.96575011,-8.96574375,-0.252450611,-2.72400399,-2.23655974
0.0075314182,-0.294190068,-2.77103084,8.96575011,-8.96574267,-0.298783072,-3.23392997,-2.74879317
0.0075364182,-0.340245978,-3.2804601,8.96575011,-8.96574159,-0.344822894,-3.7406887,-3.25833704
0.0075414182,-0.385966107,-3.78667934,8.96575012,-8.96574052,-0.390524641,-4.24378002,-3.76469013
0.0075464182,-0.431305334,-4.28918791,8.96575012,-8.96573945,-0.435843211,-4.74270745,-4.26735165
0.0075514182,-0.476218914,-4.78749029,8.96575012,-8.9657384,-0.480733878,-5.23697858,-4.76582594
0.0075564182,-0.520662524,-5.28109483,8.96575012,-8.96573735,-0.525152343,-5.7261056,-5.25962117
0.0075614182,-0.564592303,-5.76951368,8.96575012,-8.96573631,-0.569054769,-6.2096058,-5.74824931
0.0075664182,-0.607964897,-6.25226602,8.96575013,-8.96573529,-0.612397829,-6.68700199,-6.23122933
0.0075714182,-0.650737503,-6.72882395,8.96575013,-8.96573429,-0.655138748,-7.15767724,-6.70803312
0.00757291328,-0.663404402,-6.86750169,8.96575013,-8.96573448,-0.667795758,-7.27731281,-6.84678786
0.00757378999,-0.670805098,-6.94333462,8.96575013,-8.96573556,-0.675190568,-7.30967552,-6.92266666
0.00757465511,-0.678087885,-7.00994305,8.96575012,-8.96573765,-0.682467483,-7.32896997,-6.98932081
0.00757565391,-0.686471206,-7.07635755,8.96575012,-8.96574085,-0.690843946,-7.34360797,-7.05578861
0.00757673297,-0.695497803,-7.13658075,8.96575011,-8.96574498,-0.69986304,-7.35476594,-7.1160699
0.0075779483,-0.70562595,-7.19204184,8.9657501,-8.96575012,-0.709982619,-7.36400472,-7.17159695
0.00757933629,-0.717142648,-7.24212172,8.96575009,-8.96575641,-0.721489384,-7.37196378,-7.22175271
0.00758014649,-0.723840097,-7.26565319,8.96575008,-8.96576024,-0.72818096,-7.37576542,-7.24532871
0.00758114092,-0.732034737,-7.28984323,8.96575007,-8.96576514,-0.736368319,-7.37981443,-7.26957358
0.00758222968,-0.740973918,-7.31094791,8.96575006,-8.96577082,-0.745299434,-7.38364935,-7.29073847
0.00758325389,-0.749351463,-7.32660114,8.96575005,-8.96577649,-0.753669303,-7.38681322,-7.30644849
0.00758510684,-0.764428666,-7.34699391,8.96575003,-8.96578754,-0.768732403,-7.39171411,-7.32694425
0.00758682528,-0.77831878,-7.35959228,8.96575001,-8.96579837,-0.782609188,-7.39554975,-7.33963835
0.00758857799,-0.792392453,-7.36836022,8.96574999,-8.96580951,-0.796669021,-7.39893909,-7.34850407
0.00759160785,-0.816493608,-7.37790717,8.96574995,-8.96582824,-0.820745674,-7.4038798,-7.35822026
0.00759625625,-0.852891208,-7.38558066,8.9657499,-8.96585487,-0.85710428,-7.40989677,-7.3661537
0.00760125625,-0.891228951,-7.38961386,8.96574986,-8.96588081,-0.895398213,-7.41497301,-7.37046673
0.00760625625,-0.928687159,-7.39194453,8.96574981,-8.96590475,-0.932810717,-7.41909296,-7.37307735
0.00761125625,-0.965228864,-7.39342118,8.96574977,-8.96592722,-0.969304871,-7.42248911,-7.37483403
0.00761625625,-1.00081801,-7.39450954,8.96574973,-8.96594837,-1.00484466,-7.42536077,-7.37620246
0.00762125625,-1.03541946,-7.39532317,8.96574969,-8.96596823,-1.03939501,-7.42782045,-7.37729621
0.00762625625,-1.06899908,-7.39595183,8.96574966,-8.96598684,-1.07292183,-7.42994513,-7.37820501
0.00763125625,-1.10152373,-7.39643582,8.96574963,-8.96600421,-1.10539202,-7.43179134,-7.37896916
0.00763625625,-1.1329613,-7.39680762,8.9657496,-8.96602034,-1.13677354,-7.43340197,-7.37962113
0.00764125625,-1.16328078,-7.39708685,8.96574957,-8.96603523,-1.16703543,-7.43481004,-7.38018055
0.00764625625,-1.19245225,-7.39728965,8.96574954,-8.9660489,-1.19614781,-7.43604197,-7.38066354
0.00765125625,-1.2204469,-7.39742722,8.96574952,-8.96606136,-1.22408197,-7.43711906,-7.38108131
0.00765625625,-1.24723713,-7.39750914,8.9657495,-8.96607264,-1.25081032,-7.43805911,-7.38144344
0.00766125625,-1.27279648,-7.39754244,8.96574948,-8.96608278,-1.27630649,-7.43887704,-7.38175695
0.00766625625,-1.29709973,-7.39753347,8.96574946,-8.96609181,-1.30054533,-7.43958583,-7.38202819
0.00767125625,-1.3201229,-7.39748699,8.96574945,-8.96609979,-1.3235029,-7.44019675,-7.38226192
0.00767625625,-1.34184327,-7.39740759,8.96574943,-8.96610676,-1.34515656,-7.44071994,-7.38246273
0.00768125625,-1.36223941,-7.39729872,8.96574942,-8.9661128,-1.36548493,-7.44116449,-7.38263406
0.00768625625,-1.38129118,-7.39716397,8.96574941,-8.96611796,-1.38446795,-7.44153883,-7.3827795
0.00769125625,-1.39897978,-7.397006,8.9657494,-8.96612231,-1.40208689,-7.44185068,-7.38290173
0.00769625625,-1.41528775,-7.39682776,8.9657494,-8.96612593,-1.41832435,-7.44210738,-7.38300367
0.00770125625,-1.43019901,-7.39663145,8.96574939,-8.9661289,-1.43316433,-7.4423157,-7.38308754
0.00770625625,-1.44369883,-7.3964196,8.96574939,-8.96613128,-1.44659216,-7.44248215,-7.38315587
0.00771125625,-1.4557739,-7.39619408,8.96574938,-8.96613316,-1.4585946,-7.44261274,-7.38321051
0.00771625625,-1.4664123,-7.3959571,8.96574938,-8.96613462,-1.4691598,-7.44271317,-7.38325368
0.00772125625,-1.47560352,-7.39571024,8.96574938,-8.96613571,-1.47827734,-7.44278861,-7.38328697
0.00772625625,-1.4833385,-7.39545539,8.96574938,-8.96613652,-1.48593822,-7.44284384,-7.38331226
0.00773125625,-1.4896096,-7.39519384,8.96574938,-8.96613709,-1.49213487,-7.44288289,-7.38333083
0.00773625625,-1.49441064,-7.39492712,8.96574938,-8.96613748,-1.49686119,-7.44290944,-7.38334423
0.00774125625,-1.49773688,-7.39465616,8.96574938,-8.96613773,-1.5001125,-7.44292636,-7.38335338
0.00774625625,-1.49958503,-7.3943821,8.96574938,-8.96613787,-1.5018856,-7.44293567,-7.3833594
0.00775125625,-1.49995327,-7.39410538,8.96574937,-8.96613792,-1.50217874,-7.44293863,-7.38336277
0.00775625625,-1.49884124,-7.39382663,8.96574938,-8.96613788,-1.50099164,-7.4429357,-7.3833641
0.00776125625,-1.49625004,-7.39354582,8.96574938,-8.96613776,-1.49832545,-7.44292643,-7.38336335
0.00776625625,-1.49218221,-7.39326305,8.96574938,-8.96613753,-1.49418281,-7.44290958,-7.38336063
0.00777125625,-1.48664178,-7.39297775,8.96574938,-8.96613717,-1.48856782,-7.44288305,-7.38335538
0.00777625625,-1.47963422,-7.39268951,8.96574938,-8.96613663,-1.481486,-7.44284412,-7.38334717
0.00778125625,-1.47116643,-7.39239729,8.96574938,-8.96613587,-1.47294436,-7.44278911,-7.38333497
0.00778625625,-1.46124679,-7.39210019,8.96574938,-8.96613483,-1.46295132,-7.44271384,-7.38331788
0.00779125625,-1.44988506,-7.39179673,8.96574938,-8.96613343,-1.45151673,-7.44261365,-7.38329442
0.00779625625,-1.43709248,-7.39148565,8.96574939,-8.96613163,-1.4386519,-7.44248334,-7.38326332
0.00780125625,-1.42288166,-7.39116515,8.96574939,-8.96612933,-1.4243695,-7.44231722,-7.38322279
0.00780625625,-1.40726663,-7.39083361,8.9657494,-8.96612646,-1.40868365,-7.44210928,-7.38317122
0.00781125625,-1.39026279,-7.39048896,8.9657494,-8.96612295,-1.39160981,-7.44185302,-7.38310651
0.00781625625,-1.37188693,-7.39012928,8.96574941,-8.96611872,-1.37316483,-7.44154164,-7.38302677
0.00782125625,-1.35215719,-7.38975219,8.96574942,-8.9661137,-1.35336693,-7.44116783,-7.38292961
0.00782625625,-1.33109303,-7.38935546,8.96574943,-8.96610782,-1.33223563,-7.44072385,-7.38281279
0.00783125625,-1.30871524,-7.38893633,8.96574944,-8.96610101,-1.30979179,-7.44020129,-7.38267355
0.00783625625,-1.28504591,-7.38849209,8.96574946,-8.96609321,-1.28605757,-7.43959104,-7.38250918
0.00784125625,-1.26010839,-7.38801941,8.96574947,-8.96608437,-1.26105637,-7.43888298,-7.38231636
0.00784625625,-1.2339273,-7.38751485,8.96574949,-8.96607444,-1.23481289,-7.43806581,-7.38209164
0.00785125625,-1.20652847,-7.38697415,8.96574951,-8.96606338,-1.20735301,-7.43712658,-7.38183076
0.00785625625,-1.17793895,-7.38639264,8.96574954,-8.96605115,-1.17870383,-7.43605033,-7.38152905
0.00786125625,-1.14818694,-7.38576447,8.96574956,-8.96603774,-1.14889363,-7.43481929,-7.38118065
0.00786625625,-1.1173018,-7.38508282,8.96574959,-8.96602313,-1.11795183,-7.43341211,-7.38077876
0.00787125625,-1.08531403,-7.38433897,8.96574962,-8.96600731,-1.08590896,-7.43180237,-7.38031463
0.00787625625,-1.05225518,-7.38352218,8.96574965,-8.96599027,-1.05279665,-7.42995693,-7.37977753
0.00788125625,-1.01815788,-7.3826182,8.96574968,-8.96597203,-1.01864757,-7.4278328,-7.37915321
0.00788625625,-0.983055788,-7.38160837,8.96574972,-8.96595261,-0.983495418,-7.42537297,-7.37842301
0.00789125625,-0.946983535,-7.38046668,8.96574976,-8.96593201,-0.947374894,-7.42249887,-7.3775609
0.00789625625,-0.909976723,-7.37915628,8.9657498,-8.96591027,-0.910321642,-7.41909801,-7.37653005
0.00790125625,-0.872071875,-7.37762156,8.96574984,-8.96588741,-0.872372228,-7.41500048,-7.37527481
0.00790625625,-0.833306396,-7.37577414,8.96574988,-8.96586346,-0.833564103,-7.40993214,-7.37370681
0.00791125625,-0.793718545,-7.37346023,8.96574993,-8.96583843,-0.793935566,-7.40340719,-7.37167224
0.00791625625,-0.753347389,-7.37037866,8.96574998,-8.96581228,-0.753525726,-7.39444022,-7.36886991
0.00792125625,-0.712232771,-7.36571893,8.96575003,-8.9657849,-0.712374462,-7.38002788,-7.36448927
0.00792540197,-0.677608036,-7.35874261,8.96575008,-8.96576097,-0.677720913,-7.35600974,-7.35774417
0.00792701914,-0.663975582,-7.35397352,8.96575009,-8.96575133,-0.66407761,-7.33417386,-7.35306521
0.00792781235,-0.657263805,-7.35045122,8.9657501,-8.96574663,-0.657360593,-7.31162523,-7.34958709
0.00792813562,-0.654523811,-7.34855017,8.96575011,-8.96574477,-0.654618479,-7.29501278,-7.34770404
0.00792843336,-0.651997785,-7.34635489,8.96575011,-8.96574317,-0.652090507,-7.27053733,-7.34552533
0.00792875463,-0.649269558,-7.34315455,8.96575011,-8.96574165,-0.64936019,-7.22976898,-7.34234287
0.00792901435,-0.647062085,-7.33953132,8.96575011,-8.96574055,-0.647151034,-7.19254637,-7.33873408
0.00792921252,-0.645376585,-7.33583589,8.96575012,-8.96573971,-0.645464253,-7.16621443,-7.33504967
0.00792942324,-0.643583233,-7.33073498,8.96575012,-8.96573875,-0.643669543,-7.14055513,-7.32996047
0.00792962774,-0.641841724,-7.3243721,8.96575012,-8.96573777,-0.641926719,-7.11747336,-7.32360894
0.00792987705,-0.639717235,-7.314251,8.96575012,-8.96573656,-0.639800633,-7.09097932,-7.31350166
0.00793010299,-0.63779052,-7.30280164,8.96575012,-8.96573556,-0.637872474,-7.06801678,-7.30206481
0.00793027201,-0.636348364,-7.29315824,8.96575012,-8.96573493,-0.636429241,-7.05126393,-7.29243075
0.00793039983,-0.635257221,-7.28562346,8.96575013,-8.96573454,-0.635337286,-7.03876069,-7.28490304
0.00793053937,-0.634065628,-7.2774731,8.96575013,-8.9657342,-0.634144807,-7.02523082,-7.27676037
0.00793069417,-0.632743113,-7.26855356,8.96575013,-8.96573392,-0.632821311,-7.0103301,-7.26784936
0.00793086677,-0.63126788,-7.2586462,8.96575013,-8.96573371,-0.631344987,-6.99381484,-7.2579515
0.00793105664,-0.629644146,-7.24764866,8.96575013,-8.96573356,-0.629720056,-6.97572977,-7.24696439
0.00793127422,-0.627782313,-7.23483047,8.96575013,-8.96573345,-0.627856855,-6.95507471,-7.23415814
0.0079315387,-0.625517537,-7.21889457,8.96575013,-8.96573339,-0.625590422,-6.93002604,-7.21823672
0.00793192419,-0.622213603,-7.1949112,8.96575013,-8.96573338,-0.622284083,-6.8935711,-7.1942744
0.0079323069,-0.618929728,-7.17022381,8.96575013,-8.9657334,-0.618997832,-6.85739364,-7.16960784
0.00793281411,-0.614572241,-7.13615321,8.96575013,-8.96573346,-0.614637218,-6.8094268,-7.13556472
0.007933355,-0.609918382,-7.09829444,8.96575013,-8.96573354,-0.609980047,-6.75821997,-7.09773511
0.0079344368,-0.600589583,-7.01840004,8.96575013,-8.96573371,-0.6006447,-6.65560142,-7.01789856
0.00793554847,-0.590974278,-6.93140626,8.96575013,-8.9657339,-0.591022772,-6.54985141,-6.93096352
0.0079377718,-0.571657644,-6.74643782,8.96575013,-8.96573429,-0.571693213,-6.33744028,-6.74611027
0.00794144266,-0.539522359,-6.41984185,8.96575013,-8.96573499,-0.539537533,-5.98413134,-6.41969738
0.00794539755,-0.504579952,-6.05042766,8.96575012,-8.96573577,-0.504574481,-5.59999343,-6.05047
0.00795039755,-0.459960575,-5.57005273,8.96575012,-8.96573679,-0.459930994,-5.10948188,-5.57031516
0.00795539755,-0.414887273,-5.08080141,8.96575012,-8.96573783,-0.414835824,-4.61396044,-5.08126555
0.00796039755,-0.369404527,-4.58555665,8.96575012,-8.96573888,-0.369333476,-4.11391723,-4.58620387
0.00796539755,-0.323557223,-4.08550165,8.96575012,-8.96573994,-0.323468854,-3.6098375,-4.08631309
0.00797039755,-0.277390608,-3.58137463,8.96575011,-8.965741,-0.277287222,-3.10222147,-3.58233128
0.00797539755,-0.230950241,-3.07371468,8.96575011,-8.96574208,-0.230834154,-2.59156743,-3.07479737
0.00798039755,-0.184281954,-2.56306709,8.96575011,-8.96574316,-0.184155494,-2.07838082,-2.56425654
0.00798539755,-0.137431804,-2.04991865,8.96575011,-8.96574425,-0.137297309,-1.56316702,-2.05119547
0.00799039755,-0.0904460246,-1.5348,8.96575011,-8.96574534,-0.0903058421,-1.04643511,-1.53614471
0.00799539755,-0.043370986,-1.01819851,8.9657501,-8.96574644,-0.0432274672,-0.528694614,-1.01959157
0.00800039755,0.00374685444,-0.500644792,8.9657501,-8.96574753,0.00389135477,-0.0104567174,-0.502066618
0.00800539755,0.0508609972,0.0173701719,8.9657501,-8.96574863,0.0510041232,0.507767329,0.0159391932
0.00801039755,0.0979249463,0.535316247,8.9657501,-8.96574973,0.0980643437,1.02546602,0.533895736
0.00801539755,0.144892255,1.05270042,8.9657501,-8.96575083,0.145025573,1.54212852,1.05130998
0.00802039755,0.191716573,1.56899485,8.96575009,-8.96575192,0.191841468,2.05724494,1.56765407
0.00802539755,0.23835169,2.08370653,8.96575009,-8.96575301,0.238465825,2.57030695,2.08243493
0.00803039755,0.284751582,2.59631186,8.96575009,-8.9657541,0.284852632,3.08080825,2.5951289
0.00803539755,0.330870459,3.10631991,8.96575009,-8.96575518,0.330956112,3.58824504,3.10524495
0.00804039755,0.376662807,3.61321326,8.96575009,-8.96575625,0.376730766,4.09211657,3.61226556
0.00804539755,0.422083434,4.11650509,8.96575008,-8.96575732,0.422131419,4.59192558,4.11570379
0.00805039755,0.467087516,4.61568609,8.96575008,-8.96575838,0.467113268,5.08717886,4.61505017
0.00805539755,0.511630638,5.11027562,8.96575008,-8.96575943,0.51163192,5.57738765,5.10982391
0.00806039755,0.555668843,5.59977437,8.96575008,-8.96576046,0.555643441,6.06206822,5.5995255
0.00806539755,0.59915867,6.08370985,8.96575008,-8.96576149,0.599104397,6.54074222,6.08368226
0.00807039755,0.6420572,6.56159445,8.96575007,-8.9657625,0.641971898,7.0129368,6.56180635
0.00807233804,0.65853761,6.74522443,8.96575009,-8.96576289,0.65843969,7.19361728,6.74553413
0.00807331501,0.666798093,6.83593516,8.96575041,-8.96576308,0.666693699,7.26930623,6.83629512
0.00807394897,0.672144874,6.89211375,8.96575112,-8.9657632,0.672036237,7.29777326,6.89250668
0.00807460144,0.677636698,6.94571292,8.96575244,-8.96576331,0.677523658,7.31673844,6.94614005
0.00807553556,0.685479295,7.01406755,8.9657551,-8.96576345,0.685359889,7.33461322,7.01454408
0.00807641313,0.692825573,7.06952514,8.96575821,-8.96576357,0.692700119,7.34618975,7.07004849
0.0080779409,0.70556443,7.14839716,8.96576445,-8.96576373,0.705428296,7.36013103,7.14900278
0.00807951686,0.718636941,7.21003137,8.96577155,-8.96576385,0.718489587,7.37003729,7.2107227
0.0080803877,0.725830414,7.23686768,8.96577566,-8.9657639,0.725676771,7.3743527,7.23760668
0.00808155227,0.735416115,7.26632625,8.96578139,-8.96576396,0.735253964,7.37924515,7.26712922
0.00808260569,0.744053046,7.28723237,8.96578686,-8.96576401,0.743883105,7.38302196,7.28809341
0.00808363614,0.752470153,7.3034443,8.96579254,-8.96576404,0.752292502,7.38626148,7.30436229
0.00808542706,0.767023842,7.323816,8.96580312,-8.96576408,0.766832588,7.39108354,7.32483322
0.00808707009,0.780290285,7.33643043,8.96581338,-8.9657641,0.780086321,7.39483016,7.33753889
0.00808878909,0.794081105,7.34551453,8.96582424,-8.96576412,0.793863612,7.39823194,7.34671859
0.00809165482,0.816864945,7.3551601,8.96584193,-8.96576413,0.816624375,7.40302962,7.35652374
0.00809589951,0.850123284,7.36287572,8.96586638,-8.96576413,0.849847345,7.40873147,7.364476
0.00810089951,0.888522344,7.36739262,8.96589255,-8.96576413,0.888202951,7.41401746,7.36927188
0.00810589951,0.926044539,7.36993111,8.96591661,-8.96576413,0.925679797,7.41828319,7.37208948
0.00811089951,0.96265284,7.37148146,8.96593916,-8.96576412,0.962240898,7.42178207,7.37391903
0.00811589951,0.998311119,7.37261997,8.96596038,-8.96576411,0.997850173,7.42473176,7.37533678
0.00812089951,1.03298419,7.37346363,8.96598031,-8.9657641,1.03247248,7.42725291,7.37645972
0.00812589951,1.06663782,7.37411461,8.96599899,-8.96576409,1.06607365,7.42942699,7.37739002
0.00813089951,1.09923881,7.37461474,8.96601643,-8.96576408,1.09862052,7.43131368,7.37816947
0.00813589951,1.13075499,7.37499931,8.96603263,-8.96576407,1.13008098,7.43295791,7.3788334
0.00814089951,1.16115525,7.37528867,8.9660476,-8.96576406,1.16042397,7.43439426,7.37940212
0.00814589951,1.19040959,7.37549982,8.96606135,-8.96576405,1.18961956,7.43565014,7.37989263
0.00815089951,1.21848914,7.37564432,8.96607388,-8.96576405,1.21763892,7.43674769,7.38031651
0.00815589951,1.24536618,7.37573213,8.96608525,-8.96576404,1.24445442,7.43770525,7.38068371
0.00816089951,1.2710142,7.37577046,8.96609546,-8.96576403,1.27003957,7.43853824,7.38100142
0.00816589951,1.29540788,7.37576587,8.96610457,-8.96576403,1.29436914,7.43925996,7.38127622
0.00817089951,1.31852316,7.3757232,8.96611262,-8.96576402,1.31741912,7.43988197,7.38151293
0.00817589951,1.3403372,7.37564717,8.96611966,-8.96576402,1.33916675,7.44041464,7.38171628
0.00818089951,1.3608285,7.37554126,8.96612576,-8.96576401,1.35959057,7.44086725,7.38188976
0.00818589951,1.37997682,7.37540915,8.96613098,-8.96576401,1.37867044,7.44124837,7.38203701
0.00819089951,1.39776328,7.37525351,8.96613539,-8.96576401,1.39638751,7.44156588,7.38216075
0.00819589951,1.41417031,7.37507737,8.96613906,-8.965764,1.41272431,7.44182722,7.38226397
0.00820089951,1.42918172,7.37488292,8.96614207,-8.965764,1.42766472,7.4420393,7.38234887
0.00820589951,1.44278271,7.37467274,8.96614449,-8.965764,1.44119398,7.44220871,7.38241805
0.00821089951,1.45495984,7.37444871,8.96614641,-8.965764,1.45329874,7.44234159,7.38247335
0.00821589951,1.4657011,7.37421307,8.96614789,-8.965764,1.46396707,7.44244371,7.38251704
0.00822089951,1.47499589,7.3739674,8.966149,-8.965764,1.47318843,7.44252037,7.38255069
0.00822589951,1.48283504,7.37371366,8.96614982,-8.965764,1.48095373,7.44257642,7.38257626
0.00823089951,1.48921081,7.37345311,8.96615041,-8.96576399,1.48725529,7.44261603,7.38259501
0.00823589951,1.49411691,7.37318734,8.96615081,-8.96576399,1.4920869,7.44264294,7.38260854
0.00824089951,1.4975485,7.37291728,8.96615106,-8.96576399,1.4954438,7.44266014,7.38261777
0.00824589951,1.49950218,7.37264411,8.96615121,-8.96576399,1.49732267,7.44266971,7.38262387
0.00825089951,1.49997604,7.37236829,8.96615126,-8.96576399,1.49772165,7.44267302,7.3826273
0.00825589951,1.49896961,7.37209048,8.96615123,-8.96576399,1.49664035,7.44267058,7.38262874
0.00826089951,1.49648387,7.37181064,8.96615112,-8.96576399,1.49407984,7.44266199,7.38262815
0.00826589951,1.49252128,7.37152892,8.9661509,-8.96576399,1.49004265,7.44264607,7.38262566
0.00827089951,1.48708576,7.37124475,8.96615054,-8.96576399,1.48453276,7.44262073,7.38262071
0.00827589951,1.48018266,7.37095775,8.96615002,-8.96576399,1.4775556,7.44258327,7.38261291
0.00828089951,1.47181879,7.37066686,8.96614928,-8.96576399,1.46911807,7.44253001,7.38260123
0.00828589951,1.46200243,7.37037122,8.96614825,-8.965764,1.45922849,7.44245675,7.38258477
0.00829089951,1.45074324,7.37006933,8.96614689,-8.965764,1.44789662,7.44235882,7.38256205
0.00829589951,1.43805234,7.36975994,8.96614511,-8.965764,1.43513365,7.44223096,7.38253183
0.00830089951,1.42394226,7.36944125,8.96614285,-8.965764,1.42095216,7.44206747,7.38249229
0.00830589951,1.40842692,7.36911166,8.96614003,-8.965764,1.40536616,7.44186225,7.38244184
0.00831089951,1.39152163,7.36876906,8.96613656,-8.965764,1.38839103,7.44160881,7.38237836
0.00831589951,1.37324308,7.36841156,8.96613239,-8.965764,1.37004351,7.44130024,7.38229998
0.00832089951,1.3536093,7.36803677,8.96612742,-8.96576401,1.35034173,7.44092922,7.38220428
0.00832589951,1.33263968,7.36764245,8.9661216,-8.96576401,1.32930511,7.44048791,7.38208906
0.00833089951,1.3103549,7.36722585,8.96611486,-8.96576401,1.30695442,7.43996787,7.38195152
0.00833589951,1.28677695,7.36678425,8.96610713,-8.96576402,1.28331172,7.43935991,7.38178898
0.00834089951,1.26192912,7.36631434,8.96609836,-8.96576402,1.25840034,7.43865385,7.3815981
0.00834589951,1.23583591,7.36581267,8.96608851,-8.96576403,1.23224486,7.43783831,7.38137545
0.00835089951,1.20852308,7.36527498,8.96607754,-8.96576404,1.2048711,7.43690026,7.38111676
0.00835589951,1.18001759,7.36469662,8.9660654,-8.96576404,1.17630608,7.43582463,7.38081738
0.00836089951,1.15034756,7.36407172,8.96605208,-8.96576405,1.14657797,7.43459353,7.38047143
0.00836589951,1.11954228,7.3633935,8.96603756,-8.96576406,1.11571613,7.43318543,7.38007214
0.00837089951,1.08763214,7.36265321,8.96602184,-8.96576407,1.08375101,7.43157373,7.37961074
0.00837589951,1.05464864,7.36184011,8.9660049,-8.96576407,1.05071414,7.42972496,7.37907653
0.00838089951,1.02062433,7.36093995,8.96598677,-8.96576408,1.01663815,7.42759577,7.3784552
0.00838589951,0.985592791,7.35993403,8.96596745,-8.96576409,0.981556651,7.42512851,7.37772809
0.00839089951,0.949588588,7.35879626,8.96594696,-8.9657641,0.945504269,7.42224373,7.37686908
0.00839589951,0.912647255,7.35748965,8.96592533,-8.96576411,0.908516584,7.41882741,7.37584119
0.00840089951,0.87480525,7.35595824,8.96590259,-8.96576411,0.870630098,7.4147071,7.37458844
0.00840589951,0.836099918,7.35411294,8.96587876,-8.96576412,0.831882201,7.40960369,7.37302174
0.00841089951,0.796569456,7.35179819,8.96585385,-8.96576413,0.792311132,7.40302086,7.37098551
0.00841589951,0.756252876,7.34870784,8.96582783,-8.96576413,0.751955944,7.39394587,7.36817358
0.00842089951,0.715189966,7.34400859,8.96580058,-8.96576413,0.710856461,7.37924953,7.36375261
0.00842489177,0.681894497,7.33727864,8.96577769,-8.96576412,0.677533277,7.35572638,7.35724467
0.00842649263,0.668421605,7.33259571,8.96576822,-8.96576411,0.664049646,7.33405137,7.35265069
0.00842727091,0.661847013,7.32919129,8.96576364,-8.9657641,0.657469911,7.31211869,7.3492895
0.00842759142,0.659134862,7.32734823,8.96576181,-8.96576409,0.654755657,7.2960468,7.34746423
0.0084278899,0.65660678,7.32520626,8.96576021,-8.96576409,0.652225624,7.27226413,7.34533882
0.00842821477,0.653852534,7.32206622,8.96575868,-8.96576407,0.649469264,7.23186632,7.34221681
0.00842848668,0.651545159,7.31836529,8.96575753,-8.96576406,0.647160126,7.19301947,7.33853096
0.00842869179,0.64980338,7.31459714,8.96575667,-8.96576405,0.645417021,7.16584757,7.33477418
0.00842891168,0.647934894,7.30930579,8.96575568,-8.96576404,0.643547118,7.13922031,7.32949501
0.00842911637,0.646194439,7.30294371,8.9657547,-8.96576402,0.641805348,7.11625775,7.32314426
0.00842934318,0.644264719,7.29383841,8.9657536,-8.96576401,0.639874174,7.09221844,7.3140515
0.00842957733,0.642271117,7.28215914,8.96575255,-8.96576398,0.637879076,7.06843199,7.30238516
0.00842975958,0.640718482,7.27177963,8.96575185,-8.96576396,0.63632528,7.05040079,7.29201569
0.00842988942,0.639611797,7.26408681,8.96575145,-8.96576395,0.635217769,7.03773002,7.28433002
0.00843002084,0.638491202,7.25638125,8.96575112,-8.96576394,0.634096339,7.02501242,7.27663169
0.00843017296,0.637193635,7.24758212,8.96575083,-8.96576392,0.632797809,7.01039389,7.26784092
0.00843034751,0.635703907,7.23754156,8.96575059,-8.9657639,0.631306977,6.99371653,7.25780994
0.00843054322,0.634032791,7.2262002,8.96575041,-8.96576387,0.629634628,6.97510511,7.2464793
0.00843076713,0.632119616,7.21300167,8.96575027,-8.96576384,0.627720044,6.95388332,7.23329302
0.0084310154,0.629996894,7.19804943,8.96575019,-8.96576381,0.625595767,6.93040695,7.21835433
0.00843137283,0.626938139,7.1758663,8.96575012,-8.96576376,0.622534781,6.89665391,7.19619066
0.00843175203,0.623689606,7.15150644,8.96575009,-8.96576371,0.619283893,6.86086165,7.17185138
0.00843225954,0.619336334,7.11755859,8.96575008,-8.96576364,0.61492749,6.81293825,7.13793096
0.00843281214,0.614589144,7.07901117,8.96575007,-8.96576356,0.610176914,6.76070306,7.09941325
0.00843391734,0.605072593,6.99755636,8.96575007,-8.96576338,0.600653672,6.65601801,7.01801737
0.00843511931,0.594689647,6.90344031,8.96575007,-8.96576318,0.590263568,6.54182522,6.92396461
0.00843752326,0.573822594,6.70267896,8.96575007,-8.96576275,0.569382576,6.31236675,6.72332716
0.0084413478,0.540356498,6.36089498,8.96575008,-8.96576202,0.535895343,5.94442825,6.38173243
0.00844555151,0.503213316,5.96696181,8.96575008,-8.96576119,0.498730412,5.53609524,5.98799556
0.00845055151,0.458579303,5.48564091,8.96575008,-8.96576017,0.454072578,5.0454168,5.50689157
0.00845555151,0.413492728,4.99598647,8.96575008,-8.96575913,0.408964425,4.54974216,5.01743563
0.00846055151,0.367998086,4.50051075,8.96575008,-8.96575808,0.36345047,4.04955905,4.52213978
0.00846555151,0.322140274,4.00028971,8.96575008,-8.96575702,0.31757563,3.54535462,4.02207974
0.00847055151,0.275964548,3.49602385,8.96575009,-8.96575595,0.271385178,3.03762851,3.51795585
0.00847555151,0.229516478,2.98824619,8.96575009,-8.96575487,0.224924699,2.52687978,3.010301
0.00848055151,0.182841904,2.47749506,8.96575009,-8.96575379,0.178240043,2.0136136,2.49965338
0.00848555151,0.135986887,1.96426048,8.96575009,-8.9657527,0.131377284,1.49833575,1.98650293
0.00849055151,0.0889976665,1.44906898,8.96575009,-8.96575161,0.0843826678,0.981555252,1.47137607
0.00849555151,0.0419206166,0.932411916,8.9657501,-8.96575052,0.0373025737,0.463781797,0.954764118
0.00850055151,-0.00519780396,0.414816143,8.9657501,-8.96574942,-0.00981653593,-0.0544734067,0.437193861
0.00850555151,-0.0523110949,-0.103223448,8.9657501,-8.96574832,-0.0569281602,-0.572699014,-0.0808398287
0.00851055151,-0.0993727611,-0.621180345,8.9657501,-8.96574722,-0.103985805,-1.0903835,-0.598810446
0.00851555151,-0.146336358,-1.1385578,8.9657501,-8.96574613,-0.150943032,-1.607016,-1.11622123
0.00852055151,-0.193155539,-1.65483147,8.96575011,-8.96574503,-0.197753497,-2.12208661,-1.63254781
0.00852555151,-0.239784099,-2.16950481,8.96575011,-8.96574394,-0.244371006,-2.63508702,-2.14729358
0.00853055151,-0.286176021,-2.68205758,8.96575011,-8.96574286,-0.290749551,-3.14551093,-2.65993823
0.00853555151,-0.332285522,-3.1919955,8.96575011,-8.96574178,-0.336843364,-3.6528546,-3.1699874
0.00854055151,-0.378067097,-3.69880436,8.96575011,-8.9657407,-0.382606955,-4.15661732,-3.67692677
0.00854555151,-0.423475565,-4.20199426,8.96575012,-8.96573964,-0.42799516,-4.65630192,-4.1802663
0.00855055151,-0.468466114,-4.70105891,8.96575012,-8.96573858,-0.472963187,-5.15141526,-4.67949957
0.00855555151,-0.512994344,-5.1955148,8.96575012,-8.96573753,-0.517466658,-5.64146869,-5.1741429
0.00856055151,-0.55701631,-5.6848655,8.96575012,-8.96573649,-0.561461653,-6.1259786,-5.66369967
0.00856555151,-0.600488568,-6.1686359,8.96575012,-8.96573547,-0.604904754,-6.60446679,-6.14769456
0.00857055151,-0.643368217,-6.6463391,8.96575013,-8.96573446,-0.647753088,-7.07645475,-6.62564048
0.00857248004,-0.65973981,-6.82782284,8.96575013,-8.96573425,-0.664112032,-7.25013329,-6.80722264
0.00857332093,-0.666848081,-6.90369669,8.96575013,-8.9657348,-0.671214689,-7.29429553,-6.88314023
0.00857420866,-0.67433206,-6.97655251,8.96575012,-8.96573646,-0.678692676,-7.31988573,-6.95604273
0.00857501054,-0.68107425,-7.0346976,8.96575012,-8.96573869,-0.685429398,-7.33474863,-7.01423037
0.00857590133,-0.688543762,-7.09101281,8.96575011,-8.96574174,-0.692892771,-7.3464695,-7.07059325
0.00857768292,-0.703417843,-7.1810947,8.9657501,-8.96574893,-0.707754376,-7.36217587,-7.16077145
0.00857937436,-0.717457788,-7.24351758,8.96575009,-8.96575656,-0.721782232,-7.37213338,-7.22328674
0.00858031074,-0.725195562,-7.27012738,8.96575008,-8.96576102,-0.729513211,-7.37646019,-7.24994802
0.00858138728,-0.734060433,-7.29516437,8.96575007,-8.96576638,-0.738370181,-7.3807193,-7.27504441
0.00858267604,-0.744628702,-7.31825955,8.96575006,-8.96577324,-0.748928867,-7.38506577,-7.29821093
0.00858390176,-0.754634763,-7.33473636,8.96575004,-8.96578025,-0.758925688,-7.3886264,-7.31475577
0.00858569607,-0.769201503,-7.3517823,8.96575002,-8.96579121,-0.77347868,-7.39308941,-7.33190153
0.00858751515,-0.78386958,-7.36333548,8.96575,-8.96580276,-0.788132554,-7.39693392,-7.34355611
0.00858952034,-0.799919573,-7.37181914,8.96574998,-8.96581544,-0.804166584,-7.40058127,-7.35215168
0.00859287825,-0.826511484,-7.38045967,8.96574994,-8.96583577,-0.830731046,-7.40567963,-7.36097986
0.00859787825,-0.865422077,-7.38705636,8.96574989,-8.96586353,-0.869599133,-7.41167097,-7.36785623
0.00860287825,-0.903478602,-7.39034366,8.96574984,-8.96588875,-0.90761123,-7.41639174,-7.37142341
0.00860787825,-0.940643504,-7.39234244,8.9657498,-8.96591218,-0.944729825,-7.42025817,-7.37370216
0.00861287825,-0.976880104,-7.3936725,8.96574976,-8.96593421,-0.980918286,-7.42347003,-7.37531226
0.00861787825,-1.01215264,-7.39466123,8.96574972,-8.96595493,-1.0161409,-7.42619807,-7.37658107
0.00862287825,-1.04642631,-7.39540839,8.96574968,-8.96597439,-1.0503629,-7.42854192,-7.37760835
0.00862787825,-1.07966727,-7.39598631,8.96574965,-8.9659926,-1.08355053,-7.43057099,-7.37846641
0.00863287825,-1.11184274,-7.39643114,8.96574962,-8.96600957,-1.11567101,-7.43233674,-7.3791914
0.00863787825,-1.14292095,-7.39677108,8.96574959,-8.96602529,-1.14669267,-7.43387852,-7.37981151
0.00864287825,-1.17287124,-7.397024,8.96574956,-8.96603979,-1.17658488,-7.43522692,-7.38034462
0.00864787825,-1.20166405,-7.39720461,8.96574953,-8.96605306,-1.20531814,-7.43640657,-7.38080542
0.00865287825,-1.22927096,-7.39732319,8.96574951,-8.96606514,-1.23286409,-7.43743748,-7.3812042
0.00865787825,-1.25566472,-7.39738871,8.96574949,-8.96607604,-1.25919556,-7.43833646,-7.38154992
0.00866287825,-1.2808193,-7.39740765,8.96574947,-8.96608582,-1.28428655,-7.43911771,-7.38184906
0.00866787825,-1.30470986,-7.39738609,8.96574946,-8.9660945,-1.3081123,-7.43979364,-7.38210771
0.00867287825,-1.32731283,-7.39732845,8.96574944,-8.96610215,-1.33064931,-7.44037509,-7.38233027
0.00867787825,-1.34860591,-7.39723919,8.96574943,-8.96610881,-1.35187532,-7.44087187,-7.38252121
0.00868287825,-1.36856807,-7.39712155,8.96574942,-8.96611456,-1.37176939,-7.4412928,-7.38268376
0.00868787825,-1.38717962,-7.39697903,8.96574941,-8.96611945,-1.39031189,-7.4416461,-7.38282144
0.00869287825,-1.40442219,-7.39681416,8.9657494,-8.96612356,-1.40748452,-7.44193932,-7.38293676
0.00869787825,-1.42027877,-7.39662988,8.9657494,-8.96612696,-1.42327033,-7.44217963,-7.38303265
0.00870287825,-1.4347337,-7.39642825,8.96574939,-8.96612973,-1.43765375,-7.44237371,-7.3831112
0.00870787825,-1.44777273,-7.39621181,8.96574939,-8.96613194,-1.45062057,-7.44252793,-7.38317492
0.00871287825,-1.45938297,-7.39598233,8.96574938,-8.96613368,-1.462158,-7.44264816,-7.3832256
0.00871787825,-1.46955299,-7.39574202,8.96574938,-8.96613501,-1.47225465,-7.44273996,-7.38326543
0.00872287825,-1.47827273,-7.39549235,8.96574938,-8.966136,-1.48090056,-7.44280837,-7.3832959
0.00872787825,-1.48553359,-7.39523523,8.96574938,-8.96613672,-1.48808721,-7.4428579,-7.38331891
0.00873287825,-1.49132842,-7.39497182,8.96574938,-8.96613723,-1.49380748,-7.44289257,-7.38333562
0.00873787825,-1.49565148,-7.39470368,8.96574938,-8.96613757,-1.49805575,-7.44291579,-7.38334758
0.00874287825,-1.49849851,-7.39443159,8.96574938,-8.96613778,-1.50082781,-7.44293004,-7.38335559
0.00874787825,-1.49986671,-7.39415666,8.96574938,-8.96613789,-1.50212094,-7.4429372,-7.38336074
0.00875287825,-1.49975472,-7.39387921,8.96574937,-8.96613791,-1.50193385,-7.44293824,-7.38336337
0.00875787825,-1.49816265,-7.39359984,8.96574938,-8.96613785,-1.50026673,-7.44293334,-7.38336407
0.00876287825,-1.49509208,-7.39331838,8.96574938,-8.9661377,-1.49712122,-7.44292178,-7.38336266
0.00876787825,-1.49054603,-7.39303488,8.96574938,-8.96613743,-1.49250044,-7.44290205,-7.38335921
0.00877287825,-1.48452899,-7.39274867,8.96574938,-8.96613701,-1.48640893,-7.44287179,-7.38335303
0.00877787825,-1.4770469,-7.39245928,8.96574938,-8.96613641,-1.47885271,-7.44282806,-7.38334366
0.00878287825,-1.46810715,-7.39216557,8.96574938,-8.96613556,-1.46983924,-7.44276695,-7.38332996
0.00878787825,-1.45771855,-7.39186659,8.96574938,-8.96613441,-1.45937741,-7.44268412,-7.38331099
0.00879287825,-1.44589136,-7.39156079,8.96574938,-8.96613289,-1.44747755,-7.44257472,-7.38328517
0.00879787825,-1.43263724,-7.39124687,8.96574939,-8.96613093,-1.4341514,-7.4424334,-7.38325123
0.00880287825,-1.41796929,-7.39092295,8.96574939,-8.96612846,-1.41941211,-7.44225436,-7.38320727
0.00880787825,-1.40190198,-7.3905874,8.9657494,-8.96612539,-1.40327423,-7.44203143,-7.38315168
0.00881287825,-1.38445115,-7.39023807,8.9657494,-8.96612166,-1.38575368,-7.44175802,-7.38308229
0.00881787825,-1.36563404,-7.38987302,8.96574941,-8.96611718,-1.36686775,-7.44142717,-7.38299717
0.00882287825,-1.34546921,-7.38948979,8.96574942,-8.96611188,-1.34663509,-7.44103142,-7.38289385
0.00882787825,-1.32397657,-7.38908611,8.96574943,-8.96610571,-1.32507566,-7.44056286,-7.38277007
0.00883287825,-1.30117732,-7.38865912,8.96574945,-8.96609858,-1.30221073,-7.44001284,-7.38262296
0.00883787825,-1.27709397,-7.38820604,8.96574946,-8.96609045,-1.27806287,-7.43937196,-7.38244974
0.00884287825,-1.25175028,-7.38772339,8.96574948,-8.96608126,-1.25265592,-7.43862975,-7.38224694
0.00884787825,-1.22517127,-7.3872076,8.9657495,-8.96607096,-1.22601494,-7.43777443,-7.38201098
0.00885287825,-1.19738315,-7.38665418,8.96574952,-8.96605953,-1.19816622,-7.43679243,-7.38173737
0.00885787825,-1.16841337,-7.38605822,8.96574954,-8.96604692,-1.16913726,-7.43566799,-7.3814212
0.00886287825,-1.1382905,-7.38541348,8.96574957,-8.96603313,-1.13895669,-7.43438227,-7.38105621
0.00886787825,-1.10704428,-7.38471269,8.9657496,-8.96601812,-1.1076543,-7.43291246,-7.38063517
0.00887287825,-1.07470553,-7.38394644,8.96574963,-8.9660019,-1.07526099,-7.43123017,-7.38014862
0.00887787825,-1.04130619,-7.38310309,8.96574966,-8.96598448,-1.04180871,-7.42929947,-7.37958495
0.00888287825,-1.0068792,-7.38216704,8.96574969,-8.96596585,-1.0073305,-7.42707338,-7.37892854
0.00888787825,-0.971458539,-7.38111767,8.96574973,-8.96594604,-0.971860361,-7.42448889,-7.37815879
0.00889287825,-0.935079168,-7.3799259,8.96574977,-8.96592507,-0.93543331,-7.42145813,-7.37724658
0.00889787825,-0.897776987,-7.37854994,8.96574981,-8.96590296,-0.898085293,-7.41785331,-7.37615013
0.00890287825,-0.859588808,-7.37692554,8.96574985,-8.96587975,-0.859853168,-7.41347759,-7.37480519
0.00890787825,-0.820552319,-7.37494811,8.9657499,-8.96585545,-0.820774665,-7.40800469,-7.37310716
0.00891287825,-0.780706044,-7.37242927,8.96574995,-8.96583006,-0.78088835,-7.40083406,-7.37086762
0.00891787825,-0.740089306,-7.36898007,8.96575,-8.96580353,-0.740233586,-7.39067355,-7.36769762
0.00892287825,-0.69874219,-7.3634115,8.96575005,-8.96577568,-0.698850495,-7.3729529,-7.36240807
0.00892547565,-0.676988466,-7.35856924,8.96575008,-8.96576058,-0.677078903,-7.35518667,-7.35771066
0.00892685775,-0.665339164,-7.35459389,8.96575009,-8.96575235,-0.665420324,-7.33711134,-7.35381233
0.0089275636,-0.659370446,-7.35174133,8.9657501,-8.96574814,-0.659446931,-7.32033998,-7.35099909
0.00892793896,-0.656191038,-7.34980153,8.9657501,-8.96574595,-0.656265053,-7.30571722,-7.34908019
0.00892825055,-0.653549031,-7.34781049,8.96575011,-8.96574419,-0.653621006,-7.2866367,-7.3471065
0.00892854218,-0.651073934,-7.34542919,8.96575011,-8.96574268,-0.651144006,-7.2578434,-7.34474143
0.00892890798,-0.64796631,-7.34117309,8.96575011,-8.96574103,-0.648034007,-7.20708627,-7.34050568
0.00892912136,-0.646152035,-7.33767593,8.96575011,-8.96574014,-0.64621835,-7.17760356,-7.33702039
0.00892930592,-0.644581785,-7.33373017,8.96575012,-8.96573932,-0.64464691,-7.15420284,-7.33308488
0.0089295041,-0.642894749,-7.32837012,8.96575012,-8.96573839,-0.642958597,-7.13092042,-7.32773584
0.00892974076,-0.640878851,-7.32012152,8.96575012,-8.96573724,-0.640941181,-7.10498036,-7.31950037
0.00892996576,-0.638960942,-7.30992114,8.96575012,-8.96573616,-0.639021831,-7.08159666,-7.30931246
0.00893019745,-0.636984627,-7.29738864,8.96575012,-8.9657352,-0.637044039,-7.0583533,-7.29679277
0.0089303233,-0.6359106,-7.29003637,8.96575012,-8.96573477,-0.63596921,-7.04597242,-7.28944746
0.0089304599,-0.634744384,-7.28198262,8.96575013,-8.96573439,-0.634802127,-7.03266788,-7.28140125
0.00893063498,-0.633248868,-7.27179832,8.96575013,-8.96573402,-0.6333055,-7.01576312,-7.2712266
0.00893080139,-0.631826758,-7.26225599,8.96575013,-8.96573378,-0.631882338,-6.99981057,-7.26169344
0.00893094618,-0.630588902,-7.25391958,8.96575013,-8.96573364,-0.630643568,-6.98599516,-7.25336499
0.00893113596,-0.62896555,-7.24283648,8.96575013,-8.96573351,-0.629019021,-6.96794758,-7.2422923
0.00893133843,-0.627232671,-7.23082883,8.96575013,-8.96573343,-0.62728487,-6.94874536,-7.23029576
0.00893161609,-0.624854523,-7.21396338,8.96575013,-8.96573339,-0.624904984,-6.92246101,-7.2134455
0.0089319516,-0.621978511,-7.19297793,8.96575013,-8.96573338,-0.62202688,-6.89073821,-7.19247836
0.00893242647,-0.617903068,-7.1621006,8.96575013,-8.96573341,-0.617948493,-6.84584695,-7.16162685
0.00893293864,-0.613501397,-7.12734667,8.96575013,-8.96573348,-0.613543668,-6.79740081,-7.12690064
0.00893368917,-0.607039674,-7.07391612,8.96575013,-8.96573359,-0.607077365,-6.72630883,-7.07351047
0.00893469929,-0.598321822,-6.99797919,8.96575013,-8.96573375,-0.598353426,-6.63041746,-6.99762737
0.00893671952,-0.580814168,-6.83535098,8.96575013,-8.9657341,-0.580833861,-6.43788144,-6.83510503
0.00894075997,-0.545520949,-6.48217873,8.96575013,-8.96573485,-0.545517889,-6.0498369,-6.48213659
0.0089446309,-0.511378571,-6.12278493,8.96575012,-8.96573562,-0.511355057,-5.67448985,-6.12292762
0.0089496309,-0.466832701,-5.64409519,8.96575012,-8.96573663,-0.466784735,-5.18478875,-5.64446074
0.0089546309,-0.421826123,-5.15589809,8.96575012,-8.96573767,-0.421755945,-4.69000339,-5.15646818
0.0089596309,-0.376403253,-4.66145583,8.96575012,-8.96573872,-0.376313126,-4.19062293,-4.66221186
0.0089646309,-0.330608919,-4.1620818,8.96575012,-8.96573977,-0.330501124,-3.68712938,-4.16300494
0.0089696309,-0.284488314,-3.65853842,8.96575011,-8.96574084,-0.284365149,-3.18002362,-3.65960967
0.0089746309,-0.238086954,-3.1513862,8.96575011,-8.96574192,-0.237950733,-2.6698025,-3.15258643
0.0089796309,-0.19145063,-2.6411626,8.96575011,-8.965743,-0.191303679,-2.15697159,-2.64247254
0.0089846309,-0.144625368,-2.12836538,8.96575011,-8.96574408,-0.144470025,-1.64203556,-2.12976565
0.0089896309,-0.0976573776,-1.61351507,8.96575011,-8.96574518,-0.0974959874,-1.12550345,-1.61498621
0.0089946309,-0.0505930114,-1.09710865,8.9657501,-8.96574627,-0.050427925,-0.607884415,-1.09863113
0.0089996309,-0.00347871604,-0.579667073,8.9657501,-8.96574737,-0.00331228811,-0.0896896345,-0.581221309
0.0090046309,0.0436390124,-0.0616904312,8.9657501,-8.96574846,0.0438044261,0.42856974,-0.0632568135
0.0090096309,0.0907136744,0.456300112,8.9657501,-8.96574956,0.0908757191,0.946382144,0.454741203
0.0090146309,0.137698813,0.973802832,8.9657501,-8.96575066,0.137855137,1.46323664,0.972271008
0.0090196309,0.184548059,1.49029817,8.96575009,-8.96575175,0.184696318,1.97862316,1.48881302
0.0090246309,0.231215179,2.00528479,8.96575009,-8.96575285,0.231353035,2.49203308,2.00386584
0.0090296309,0.277654118,2.51824669,8.96575009,-8.96575393,0.277779243,3.00295978,2.51691341
0.0090346309,0.323819045,3.02868497,8.96575009,-8.96575501,0.323929125,3.51089902,3.02745675
0.0090396309,0.369664402,3.53608914,8.96575009,-8.96575609,0.369757138,4.01534958,3.53498525
0.0090446309,0.415144945,4.03996479,8.96575008,-8.96575716,0.415218055,4.5158136,4.03900438
0.0090496309,0.460215789,4.53980888,8.96575008,-8.96575822,0.460267011,5.01179726,4.53901097
0.0090546309,0.504832457,5.03513349,8.96575008,-8.96575927,0.504859548,5.50281104,5.03451693
0.0090596309,0.548950916,5.52544497,8.96575008,-8.96576031,0.548951659,5.98837045,5.52502842
0.0090646309,0.592527626,6.0102639,8.96575008,-8.96576133,0.592499832,6.46799624,6.01006583
0.0090696309,0.635519583,6.48910785,8.96575007,-8.96576235,0.635461088,6.94121513,6.48914651
0.00907159981,0.652279322,6.67592972,8.96575008,-8.96576274,0.652208149,7.12565175,6.67606656
0.00907286428,0.662990151,6.79484875,8.96575018,-8.965763,0.662910663,7.23889103,6.79505011
0.00907353204,0.668629747,6.85602525,8.96575057,-8.96576312,0.668545813,7.28055687,6.85626114
0.00907418003,0.674091018,6.91205558,8.96575153,-8.96576324,0.674002735,7.30539207,6.91232526
0.00907487291,0.679918302,6.96698324,8.96575313,-8.96576336,0.679825328,7.32280648,6.96728935
0.00907561092,0.686110968,7.01949822,8.96575536,-8.96576346,0.686012953,7.33579038,7.01984343
0.0090769805,0.697563916,7.10164764,8.96576043,-8.96576363,0.697456426,7.35209029,7.10206611
0.00907835571,0.709012029,7.16660722,8.96576629,-8.96576376,0.708894869,7.36308885,7.16710001
0.00907932418,0.71704245,7.20348113,8.96577068,-8.96576384,0.716918385,7.36900921,7.20402664
0.00908039769,0.725912731,7.23728384,8.96577573,-8.96576391,0.725780922,7.37441353,7.23788807
0.00908128285,0.733201988,7.2601775,8.96578005,-8.96576395,0.733063723,7.37820092,7.26083034
0.00908222202,0.740911141,7.2802656,8.96578485,-8.96576399,0.740765954,7.38171743,7.28097017
0.00908410036,0.756251781,7.30978432,8.96579522,-8.96576405,0.756092536,7.38760664,7.31059269
0.00908568898,0.769144202,7.32635532,8.96580475,-8.96576408,0.768972842,7.39172536,7.32725176
0.0090873871,0.782840362,7.33851798,8.9658154,-8.9657641,0.782655827,7.39549891,7.33950876
0.009089386,0.798848269,7.34814509,8.96582801,-8.96576412,0.798647929,7.39931669,7.34924706
0.0090922145,0.82128394,7.35665501,8.9658453,-8.96576413,0.821060692,7.40386919,7.35791453
0.0090967134,0.856431977,7.36397371,8.96587083,-8.96576413,0.856170999,7.40968444,7.36548409
0.0091017134,0.894690863,7.36802854,8.96589661,-8.96576413,0.894386119,7.41477203,7.36981794
0.0091067134,0.932066796,7.37035657,8.9659204,-8.96576412,0.931716397,7.41889838,7.3724251
0.0091117134,0.968522892,7.37182745,8.96594272,-8.96576412,0.968124996,7.42229773,7.37417519
0.0091167134,1.00402317,7.37290927,8.96596372,-8.96576411,1.00357598,7.42517054,7.37553626
0.0091217134,1.0385326,7.37371748,8.96598345,-8.9657641,1.03803437,7.42763012,7.37662377
0.0091267134,1.07201713,7.3743408,8.96600193,-8.96576409,1.07146616,7.42975364,7.37752641
0.0091317134,1.1044437,7.37482041,8.96601917,-8.96576408,1.10383835,7.431598,7.37828536
0.0091367134,1.13578032,7.37518796,8.96603517,-8.96576407,1.13511899,7.43320613,7.37893227
0.0091417134,1.16599607,7.37546371,8.96604993,-8.96576406,1.16527722,7.43461131,7.37948738
0.0091467134,1.19506111,7.37566308,8.96606348,-8.96576405,1.19428328,7.43583993,7.37996613
0.0091517134,1.22294678,7.37579786,8.96607582,-8.96576405,1.22210853,7.43691346,7.38038029
0.0091567134,1.24962554,7.37587699,8.96608699,-8.96576404,1.24872552,7.43784968,7.38073881
0.0091617134,1.27507107,7.37590803,8.96609703,-8.96576403,1.27410798,7.43866364,7.38104924
0.0091667134,1.29925827,7.37589677,8.96610596,-8.96576403,1.29823086,7.43936831,7.38131737
0.0091717134,1.32216325,7.37584847,8.96611384,-8.96576402,1.32107036,7.43997506,7.38154846
0.0091767134,1.34376342,7.3757672,8.96612073,-8.96576402,1.34260393,7.44049402,7.38174657
0.0091817134,1.36403745,7.37565689,8.96612668,-8.96576401,1.36281033,7.44093439,7.38191565
0.0091867134,1.38296534,7.37552063,8.96613176,-8.96576401,1.38166961,7.44130458,7.38205877
0.0091917134,1.40052842,7.37536156,8.96613604,-8.96576401,1.39916316,7.44161242,7.38217907
0.0091967134,1.41670934,7.37518215,8.9661396,-8.965764,1.41527372,7.44186523,7.38227903
0.0092017134,1.43149214,7.37498507,8.9661425,-8.965764,1.42998538,7.4420699,7.3823613
0.0092067134,1.44486223,7.37477238,8.96614484,-8.965764,1.44328364,7.44223291,7.38242797
0.0092117134,1.45680642,7.3745464,8.96614668,-8.965764,1.45515536,7.44236037,7.38248133
0.0092167134,1.46731291,7.3743089,8.96614809,-8.965764,1.46558884,7.44245797,7.38252317
0.0092217134,1.47637134,7.37406188,8.96614916,-8.965764,1.47457376,7.44253094,7.38255547
0.0092267134,1.48397278,7.37380683,8.96614994,-8.96576399,1.48210128,7.44258403,7.38257974
0.0092317134,1.49010971,7.37354542,8.96615049,-8.96576399,1.48816395,7.44262132,7.38259763
0.0092367134,1.49477608,7.37327879,8.96615086,-8.96576399,1.4927558,7.44264644,7.3826103
0.0092417134,1.49796729,7.37300824,8.9661511,-8.96576399,1.49587229,7.44266227,7.38261903
0.0092467134,1.49968018,7.37273451,8.96615122,-8.96576399,1.49751035,7.44267074,7.38262458
0.0092517134,1.49991308,7.3724584,8.96615126,-8.96576399,1.49766836,7.4426731,7.38262774
0.0092567134,1.49866574,7.37218018,8.96615122,-8.96576399,1.49634617,7.4426697,7.38262877
0.0092617134,1.49593939,7.37190012,8.96615109,-8.96576399,1.49354508,7.44266004,7.38262795
0.0092667134,1.49173674,7.37161795,8.96615085,-8.96576399,1.48926785,7.44264275,7.38262502
0.0092717134,1.48606192,7.37133344,8.96615047,-8.96576399,1.48351871,7.44261566,7.38261973
0.0092767134,1.47892054,7.3710458,8.96614992,-8.96576399,1.47630333,7.4425759,7.3826113
0.0092817134,1.47031964,7.37075428,8.96614913,-8.96576399,1.46762883,7.44251973,7.38259899
0.0092867134,1.46026772,7.37045765,8.96614806,-8.965764,1.45750378,7.4424428,7.38258154
0.0092917134,1.44877468,7.37015471,8.96614663,-8.965764,1.44593816,7.44234041,7.38255778
0.0092967134,1.43585188,7.36984387,8.96614478,-8.965764,1.43294338,7.44220717,7.3825261
0.0093017134,1.42151207,7.36952359,8.96614243,-8.965764,1.41853228,7.44203736,7.38248498
0.0093067134,1.4057694,7.36919196,8.96613951,-8.965764,1.40271908,7.44182478,7.38243249
0.0093117134,1.3886394,7.36884715,8.96613594,-8.965764,1.38551937,7.44156289,7.38236681
0.0093167134,1.37013899,7.36848694,8.96613164,-8.96576401,1.36695014,7.44124471,7.38228572
0.0093217134,1.35028641,7.3681092,8.96612654,-8.96576401,1.34702971,7.44086284,7.38218709
0.0093267134,1.32910126,7.3677114,8.96612058,-8.96576401,1.32577774,7.44040936,7.38206837
0.0093317134,1.30660445,7.36729099,8.96611368,-8.96576402,1.3032152,7.43987571,7.38192703
0.0093367134,1.28281818,7.36684497,8.96610578,-8.96576402,1.27936436,7.43925255,7.38176007
0.0093417134,1.25776592,7.36637021,8.96609684,-8.96576403,1.25424876,7.43852955,7.38156434
0.0093467134,1.2314724,7.36586294,8.96608681,-8.96576403,1.22789319,7.43769507,7.38133609
0.0093517134,1.20396356,7.36531905,8.96607565,-8.96576404,1.20032364,7.43673579,7.3810712
0.0093567134,1.17526656,7.3647335,8.96606332,-8.96576404,1.17156734,7.43563623,7.38076463
0.0093617134,1.14540971,7.36410051,8.96604981,-8.96576405,1.14165266,7.434378,7.38041059
0.0093667134,1.11442248,7.36341279,8.9660351,-8.96576406,1.11060912,7.43293881,7.38000181
0.0093717134,1.08233545,7.36266154,8.96601918,-8.96576407,1.07846736,7.43129114,7.37952946
0.0093767134,1.04918029,7.36183533,8.96600205,-8.96576408,1.0452591,7.42940012,7.37898212
0.0093817134,1.01498971,7.36091948,8.96598372,-8.96576408,1.01101711,7.42722047,7.37834512
0.0093867134,0.979797457,7.35989411,8.9659642,-8.96576409,0.975775192,7.42469157,7.37759855
0.0093917134,0.943638264,7.35873189,8.96594353,-8.9657641,0.939568113,7.42172946,7.37671509
0.0093967134,0.906547814,7.35739319,8.96592172,-8.96576411,0.902431611,7.41821266,7.3756551
0.0094017134,0.86856271,7.35581816,8.9658988,-8.96576412,0.864402335,7.41395568,7.37435873
0.0094067134,0.829720441,7.3539097,8.96587479,-8.96576412,0.825517815,7.40865427,7.37272886
0.0094117134,0.790059337,7.3514961,8.96584971,-8.96576413,0.785816426,7.40175731,7.37059378
0.0094167134,0.74961854,7.34822982,8.9658235,-8.96576413,0.745337348,7.39210737,7.3676059
0.0094217134,0.70843796,7.34310653,8.96579603,-8.96576412,0.70412053,7.37586418,7.36276085
0.00942495017,0.681404174,7.33735911,8.96577739,-8.96576412,0.677064389,7.35514376,7.35719343
0.00942643912,0.668873045,7.33302782,8.96576859,-8.96576411,0.664523272,7.33510747,7.35294487
0.00942716449,0.662746921,7.32997929,8.96576431,-8.9657641,0.65839235,7.31618132,7.34993664
0.00942750729,0.659847039,7.32812123,8.96576233,-8.96576409,0.655490216,7.30105293,7.3480976
0.00942780672,0.657311516,7.32611341,8.96576069,-8.96576409,0.652952734,7.28025972,7.34610641
0.00942812552,0.654609484,7.32330287,8.96575912,-8.96576408,0.650248625,7.24456247,7.34331356
0.0094284799,0.651602701,7.31874441,8.96575759,-8.96576406,0.647239543,7.19420162,7.33877475
0.00942867138,0.64997671,7.31530301,8.96575679,-8.96576405,0.645612313,7.16868894,7.33534396
0.00942886182,0.64835869,7.31093442,8.96575594,-8.96576404,0.643993066,7.14532626,7.33098593
0.00942906782,0.646607398,7.30491962,8.96575496,-8.96576403,0.642240449,7.12183438,7.32498253
0.00942931809,0.644478244,7.29532369,8.96575375,-8.96576401,0.64010969,7.09506328,7.31540045
0.00942954334,0.642560611,7.28437481,8.96575271,-8.96576399,0.638190617,7.07207806,7.304464
0.00942979365,0.64042812,7.27014813,8.96575175,-8.96576396,0.636056531,7.04729671,7.29025112
0.00942992359,0.639320509,7.26245991,8.96575137,-8.96576395,0.634948094,7.03464826,7.28257005
0.00943006023,0.638155225,7.25446023,8.96575104,-8.96576393,0.633781943,7.02145296,7.27457789
0.00943021323,0.636850018,7.24562273,8.96575077,-8.96576391,0.632475767,7.00677509,7.2657488
0.00943039946,0.635260422,7.23489504,8.96575054,-8.96576389,0.630884995,6.98900661,7.25503132
0.00943058095,0.633710453,7.22434832,8.96575038,-8.96576387,0.629333882,6.971763,7.24449454
0.00943080304,0.631812655,7.21120863,8.96575026,-8.96576384,0.627434689,6.95072416,7.231367
0.0094310685,0.629542653,7.19515031,8.96575017,-8.96576381,0.625163024,6.92562955,7.21532316
0.00943148823,0.625949894,7.16888892,8.96575011,-8.96576375,0.621567648,6.88600027,7.1890846
0.00943188449,0.622554043,7.14314765,8.96575009,-8.96576369,0.618169341,6.84859725,7.16336482
0.00943242179,0.61794324,7.10675759,8.96575008,-8.96576362,0.613555229,6.79784775,7.12700376
0.00943298905,0.613067776,7.06669869,8.96575007,-8.96576353,0.608676298,6.74420579,7.08697532
0.00943412357,0.603293546,6.98213554,8.96575007,-8.96576335,0.598895218,6.63669082,7.00247254
0.00943541666,0.592115884,6.87977881,8.96575007,-8.96576313,0.587709883,6.51376121,6.9001837
0.00943800282,0.569644042,6.66142873,8.96575007,-8.96576266,0.565223131,6.26666325,6.68196627
0.00944268186,0.528608558,6.23811682,8.96575008,-8.96576176,0.524162159,5.81551641,6.25888299
0.00944690411,0.491186029,5.83828792,8.96575008,-8.96576092,0.486718288,5.40411358,5.85924723
0.00945190411,0.446425223,5.35425431,8.96575008,-8.96575989,0.441934263,4.91204009,5.3754256
0.00945690411,0.401223849,4.86284628,8.96575008,-8.96575885,0.396711921,4.41509588,4.88421108
0.00946190411,0.355626516,4.36600443,8.96575008,-8.96575779,0.351095891,3.91377745,4.38754402
0.00946690411,0.309678222,3.86462434,8.96575009,-8.96575673,0.305131189,3.40857027,3.88631982
0.00947190411,0.263424313,3.35935973,8.96575009,-8.96575566,0.258863178,2.89997745,3.38119202
0.00947690411,0.216910436,2.85072309,8.96575009,-8.96575458,0.212337519,2.38849748,2.872673
0.00948190411,0.170182494,2.33925366,8.96575009,-8.9657535,0.165600128,1.87463726,2.36130186
0.00948690411,0.123286603,1.82543594,8.96575009,-8.96575241,0.118697127,1.3589025,1.84756302
0.00949190411,0.0762690435,1.30980105,8.9657501,-8.96575132,0.0716748062,0.841803091,1.3319875
0.00949690411,0.0291762153,0.792836465,8.9657501,-8.96575022,0.0245795696,0.323848794,0.815062744
0.00950190411,-0.0179454064,0.275073176,8.9657501,-8.96574912,-0.0225421049,-0.194448857,0.297319681
0.00950690411,-0.0650493181,-0.24299736,8.9657501,-8.96574803,-0.0696437139,-0.712578559,-0.220750248
0.00951190411,-0.112089034,-0.760845293,8.9657501,-8.96574693,-0.116678774,-1.23002884,-0.738617192
0.00951690411,-0.159018131,-1.27797703,8.96575011,-8.96574583,-0.163600866,-1.74628908,-1.25578754
0.00952190411,-0.205790297,-1.79386568,8.96575011,-8.96574474,-0.210363685,-2.26084976,-1.77173437
0.00952690411,-0.252359373,-2.30801761,8.96575011,-8.96574365,-0.25692108,-2.77320303,-2.28596399
0.00953190411,-0.2986794,-2.81991081,8.96575011,-8.96574256,-0.303227106,-3.28284328,-2.79795431
0.00953690411,-0.344704667,-3.32905371,8.96575011,-8.96574149,-0.349236063,-3.78926749,-3.30721366
0.00954190411,-0.390389752,-3.83493106,8.96575012,-8.96574041,-0.394902547,-4.29197591,-3.8132267
0.00954690411,-0.43568957,-4.33705546,8.96575012,-8.96573935,-0.440181489,-4.79047237,-4.31550587
0.00955190411,-0.480559414,-4.83492031,8.96575012,-8.96573829,-0.485028205,-5.28426493,-4.81354444
0.00955690411,-0.524955005,-5.32804446,8.96575012,-8.96573725,-0.529398437,-5.77286622,-5.30686106
0.00956190411,-0.568832528,-5.81593181,8.96575012,-8.96573621,-0.573248396,-6.25579409,-5.79495948
0.00956690411,-0.612148682,-6.29810947,8.96575013,-8.96573519,-0.616534807,-6.73257187,-6.27736657
0.00957190411,-0.654860719,-6.7738187,8.96575013,-8.96573422,-0.659214953,-7.20192248,-6.75332337
0.00957333916,-0.66700194,-6.90413373,8.96575013,-8.96573491,-0.671346627,-7.29568547,-6.88371275
0.00957443634,-0.676248162,-6.99292252,8.96575012,-8.96573702,-0.680585433,-7.32469132,-6.9725593
0.00957540307,-0.684368346,-7.05982664,8.96575012,-8.96573997,-0.688698998,-7.34037912,-7.03951487
0.0095763976,-0.692695724,-7.11827253,8.96575011,-8.96574362,-0.697019486,-7.35162475,-7.09801417
0.0095783748,-0.709170526,-7.20864597,8.9657501,-8.96575197,-0.713480345,-7.36664117,-7.18849492
0.00957942341,-0.717863711,-7.24452994,8.96575009,-8.96575678,-0.722166003,-7.37236368,-7.2244363
0.00958054835,-0.727155024,-7.27581485,8.96575008,-8.96576217,-0.73144914,-7.37744837,-7.25578308
0.00958153593,-0.735281864,-7.29781229,8.96575007,-8.96576713,-0.739568717,-7.3812492,-7.27783503
0.00958253718,-0.743492343,-7.31578529,8.96575006,-8.96577246,-0.747771751,-7.38462209,-7.29586346
0.00958453968,-0.759824702,-7.34144112,8.96575004,-8.96578405,-0.764088972,-7.39029589,-7.32163047
0.00958610426,-0.772501765,-7.35467188,8.96575002,-8.96579377,-0.776753982,-7.3939985,-7.33494832
0.00958777485,-0.785955365,-7.36447452,8.96575,-8.96580439,-0.790194494,-7.39743264,-7.3448441
0.00959043589,-0.807205831,-7.37457779,8.96574997,-8.96582109,-0.811423651,-7.40207726,-7.35509594
0.0095938348,-0.834019755,-7.38200067,8.96574993,-8.9658413,-0.838209542,-7.40694898,-7.36270881
0.0095988348,-0.872769901,-7.38769102,8.96574988,-8.96586849,-0.876916812,-7.41265376,-7.36867889
0.0096038348,-0.910658729,-7.3906545,8.96574983,-8.96589334,-0.91476085,-7.41718472,-7.37192226
0.0096088348,-0.947648847,-7.39249415,8.96574979,-8.96591649,-0.951704308,-7.42091367,-7.37404189
0.0096138348,-0.98370375,-7.39374876,8.96574975,-8.96593826,-0.987710727,-7.42402405,-7.37557655
0.0096188348,-1.01878786,-7.39468442,8.96574971,-8.96595874,-1.02274457,-7.42667223,-7.37679229
0.0096238348,-1.05286654,-7.39539587,8.96574967,-8.96597796,-1.05677127,-7.42895131,-7.37778386
0.0096288348,-1.08590617,-7.3959456,8.96574964,-8.96599593,-1.08975724,-7.43092658,-7.37861373
0.0096338348,-1.11787415,-7.39636892,8.96574961,-8.96601266,-1.12166994,-7.43264689,-7.37931721
0.0096388348,-1.14873892,-7.39669077,8.96574958,-8.96602815,-1.15247785,-7.4341496,-7.37991922
0.0096438348,-1.17847002,-7.39692914,8.96574955,-8.96604241,-1.18215059,-7.43546409,-7.38043778
0.0096488348,-1.20703811,-7.39709698,8.96574953,-8.96605545,-1.21065887,-7.43661391,-7.3808858
0.0096538348,-1.23441501,-7.39720502,8.96574951,-8.9660673,-1.23797454,-7.43761846,-7.38127404
0.0096588348,-1.26057368,-7.39726099,8.96574949,-8.96607799,-1.26407067,-7.43849393,-7.38161021
0.0096638348,-1.28548832,-7.39727197,8.96574947,-8.96608755,-1.28892149,-7.4392542,-7.38190139
0.0096688348,-1.30913434,-7.39724303,8.96574945,-8.96609604,-1.31250247,-7.4399113,-7.38215264
0.0096738348,-1.3314884,-7.39717923,8.96574944,-8.96610349,-1.33479035,-7.44047589,-7.38236904
0.0096788348,-1.35252844,-7.39708414,8.96574943,-8.96610998,-1.35576313,-7.44095753,-7.38255415
0.0096838348,-1.3722337,-7.39696168,8.96574942,-8.96611555,-1.37540012,-7.44136497,-7.38271187
0.0096888348,-1.39058473,-7.39681454,8.96574941,-8.96612029,-1.39368192,-7.44170623,-7.38284492
0.0096938348,-1.40756343,-7.39664593,8.9657494,-8.96612425,-1.41059051,-7.44198884,-7.38295649
0.0096988348,-1.42315302,-7.39645802,8.96574939,-8.96612753,-1.42610919,-7.44221984,-7.38304876
0.0097038348,-1.43733814,-7.39625355,8.96574939,-8.96613019,-1.44022265,-7.44240586,-7.38312445
0.0097088348,-1.45010478,-7.39603435,8.96574939,-8.9661323,-1.45291696,-7.44255315,-7.3831854
0.0097138348,-1.46144034,-7.3958028,8.96574938,-8.96613396,-1.4641796,-7.44266756,-7.383234
0.0097188348,-1.47133363,-7.39556044,8.96574938,-8.96613522,-1.47399944,-7.44275454,-7.38327179
0.0097238348,-1.4797749,-7.39530938,8.96574938,-8.96613616,-1.4823668,-7.44281905,-7.38330085
0.0097288348,-1.4867558,-7.39505083,8.96574938,-8.96613683,-1.48927341,-7.44286545,-7.38332243
0.0097338348,-1.49226946,-7.39478656,8.96574938,-8.96613731,-1.49471247,-7.4428977,-7.38333827
0.0097388348,-1.49631043,-7.39451748,8.96574938,-8.96613762,-1.49867861,-7.44291903,-7.38334928
0.0097438348,-1.49887472,-7.39424492,8.96574938,-8.96613781,-1.5011679,-7.44293183,-7.38335681
0.0097488348,-1.4999598,-7.39396935,8.96574938,-8.9661379,-1.5021779,-7.44293777,-7.38336133
0.0097538348,-1.4995646,-7.39369164,8.96574937,-8.96613791,-1.50170761,-7.44293769,-7.38336369
0.0097588348,-1.49768952,-7.39341176,8.96574938,-8.96613783,-1.49975749,-7.44293159,-7.38336387
0.0097638348,-1.49433639,-7.39313005,8.96574938,-8.96613765,-1.49632946,-7.4429186,-7.3833622
0.0097688348,-1.48950854,-7.39284597,8.96574938,-8.96613736,-1.49142692,-7.44289704,-7.38335816
0.0097738348,-1.48321072,-7.39255932,8.96574938,-8.96613691,-1.48505469,-7.44286453,-7.38335154
0.0097788348,-1.47544915,-7.39226909,8.96574938,-8.96613627,-1.47721906,-7.44281773,-7.38334133
0.0097838348,-1.46623149,-7.39197456,8.96574938,-8.96613537,-1.46792777,-7.44275275,-7.3833268
0.0097888348,-1.45556683,-7.39167428,8.96574938,-8.96613415,-1.45718999,-7.4426652,-7.38330651
0.0097938348,-1.44346571,-7.39136714,8.96574938,-8.96613255,-1.44501632,-7.4425501,-7.38327935
0.0097988348,-1.42994006,-7.39105134,8.96574939,-8.9661305,-1.43141876,-7.44240199,-7.38324352
0.0098038348,-1.41500323,-7.39072543,8.96574939,-8.96612792,-1.41641074,-7.44221501,-7.38319757
0.0098088348,-1.39866997,-7.3903873,8.9657494,-8.96612473,-1.40000707,-7.4419829,-7.38313939
0.0098138348,-1.38095639,-7.39003521,8.96574941,-8.96612085,-1.38222393,-7.44169901,-7.38306723
0.0098188348,-1.36187997,-7.38966677,8.96574942,-8.96611622,-1.36307888,-7.44135629,-7.38297871
0.0098238348,-1.34145954,-7.38927991,8.96574943,-8.96611077,-1.34259081,-7.44094721,-7.38287175
0.0098288348,-1.31971525,-7.38887189,8.96574944,-8.96610441,-1.32077994,-7.44046369,-7.38274362
0.0098338348,-1.29666856,-7.38844022,8.96574945,-8.9660971,-1.29766779,-7.439897,-7.38259182
0.0098388348,-1.27234221,-7.38798165,8.96574947,-8.96608877,-1.27327717,-7.43923752,-7.38241311
0.0098438348,-1.24676022,-7.38749303,8.96574948,-8.96607937,-1.24763216,-7.43847457,-7.38220433
0.0098488348,-1.21994783,-7.38697031,8.9657495,-8.96606886,-1.22075806,-7.43759605,-7.38196142
0.0098538348,-1.19193149,-7.38640923,8.96574952,-8.9660572,-1.19268139,-7.43658804,-7.38168015
0.0098588348,-1.16273886,-7.38580435,8.96574955,-8.96604437,-1.16342986,-7.43543422,-7.38135504
0.0098638348,-1.13239875,-7.38514956,8.96574957,-8.96603034,-1.13303234,-7.43411511,-7.38098
0.0098688348,-1.1009411,-7.38443692,8.9657496,-8.9660151,-1.10151882,-7.43260693,-7.3805471
0.0098738348,-1.06839695,-7.38365697,8.96574963,-8.96599865,-1.06892042,-7.43088007,-7.38004685
0.0098788348,-1.03479843,-7.3827971,8.96574967,-8.96598099,-1.03526929,-7.42889675,-7.37946664
0.0098838348,-1.00017868,-7.38184121,8.9657497,-8.96596214,-1.00059864,-7.42660742,-7.37879038
0.0098888348,-0.964571874,-7.38076701,8.96574974,-8.9659421,-0.964942704,-7.4239451,-7.37799577
0.0098938348,-0.928013155,-7.37954375,8.96574978,-8.96592091,-0.928336655,-7.42081574,-7.37705207
0.0098988348,-0.890538598,-7.37812594,8.96574982,-8.9658986,-0.890816621,-7.41708115,-7.37591376
0.0099038348,-0.852185188,-7.37644377,8.96574986,-8.96587517,-0.852419632,-7.41252589,-7.37451103
0.0099088348,-0.812990774,-7.37438078,8.96574991,-8.96585066,-0.81318358,-7.4067865,-7.37272741
0.0099138348,-0.772994036,-7.37172361,8.96574996,-8.96582506,-0.773147185,-7.39917733,-7.37034953
0.0099188348,-0.732234446,-7.36801454,8.96575001,-8.9657983,-0.73234996,-7.38816339,-7.36691962
0.0099238348,-0.690752229,-7.36171661,8.96575006,-8.96577015,-0.690832165,-7.36768486,-7.36090066
0.00992612733,-0.671501985,-7.35669792,8.96575008,-8.96575668,-0.671566305,-7.34805715,-7.35600979
0.00992730739,-0.661538435,-7.35266565,8.9657501,-8.96574963,-0.66159489,-7.32751706,-7.35204326
0.00992783688,-0.657056025,-7.35015247,8.9657501,-8.9657465,-0.657108989,-7.31028185,-7.34955957
0.00992814492,-0.654444905,-7.34831635,8.96575011,-8.96574474,-0.654495849,-7.29400963,-7.3477406
0.00992843171,-0.652011785,-7.3461863,8.96575011,-8.9657432,-0.652060855,-7.27008479,-7.34562651
0.00992875448,-0.649270773,-7.34295443,8.96575011,-8.96574167,-0.649317744,-7.22896234,-7.34241261
0.00992901076,-0.647092623,-7.33936528,8.96575011,-8.96574058,-0.647137933,-7.19227163,-7.3388377
0.00992920876,-0.645408576,-7.3356674,8.96575012,-8.96573973,-0.645452606,-7.16599717,-7.33515083
0.00992941848,-0.64362374,-7.33058815,8.96575012,-8.96573878,-0.643666419,-7.14048358,-7.33008323
0.00992962381,-0.641875245,-7.32419822,8.96575012,-8.96573779,-0.641916604,-7.11732366,-7.32370471
0.00992987318,-0.639750207,-7.31406499,8.96575012,-8.96573658,-0.639789967,-7.09083743,-7.3135853
0.00993009925,-0.637822399,-7.30259408,8.96575012,-8.96573557,-0.637860715,-7.06787055,-7.30212691
0.00993026902,-0.636373837,-7.29289144,8.96575012,-8.96573493,-0.636411072,-7.05104835,-7.29243366
0.0099303968,-0.635283088,-7.2853472,8.96575013,-8.96573454,-0.63531951,-7.03855287,-7.28489647
0.00993053585,-0.634095672,-7.27721577,8.96575013,-8.9657342,-0.634131212,-7.02507296,-7.27677271
0.00993069025,-0.63277661,-7.26831128,8.96575013,-8.96573393,-0.632811171,-7.01021295,-7.26787673
0.00993086109,-0.631316394,-7.25849854,8.96575013,-8.96573371,-0.631349876,-6.99386672,-7.25807339
0.00993104958,-0.629704542,-7.24757664,8.96575013,-8.96573356,-0.629736836,-6.97591401,-7.24716184
0.00993126624,-0.627850615,-7.23481025,8.96575013,-8.96573346,-0.627881546,-6.95534628,-7.23440734
0.00993152974,-0.625594334,-7.21893392,8.96575013,-8.96573339,-0.625623613,-6.93039102,-7.21854544
0.00993191521,-0.622290612,-7.19495404,8.96575013,-8.96573338,-0.622317486,-6.89393785,-7.1945866
0.00993229367,-0.619043371,-7.17055031,8.96575013,-8.9657334,-0.619067897,-6.8581636,-7.17020346
0.00993279146,-0.614766934,-7.13714087,8.96575013,-8.96573346,-0.614788389,-6.81108833,-7.13682101
0.00993332646,-0.610164127,-7.09974615,8.96575013,-8.96573354,-0.610182305,-6.7604427,-7.09945513
0.00993439647,-0.60093788,-7.02085108,8.96575013,-8.96573371,-0.600949579,-6.6589516,-7.0206173
0.00993548838,-0.591494756,-6.93557113,8.96575013,-8.96573389,-0.591499946,-6.55509471,-6.93539507
0.0099376722,-0.572525432,-6.75429584,8.96575013,-8.96573427,-0.572517913,-6.3465015,-6.75423303
0.0099413485,-0.540350304,-6.42775477,8.96575013,-8.96573497,-0.54032233,-5.99275327,-6.42787551
0.00994528106,-0.505613782,-6.06073995,8.96575012,-8.96573575,-0.505565244,-5.61087831,-6.06104673
0.00995028106,-0.461005508,-5.58062004,8.96575012,-8.96573677,-0.46093281,-5.12048914,-5.5811473
0.00995528106,-0.415942278,-5.09152747,8.96575012,-8.9657378,-0.415847662,-4.62507887,-5.09225685
0.00996028106,-0.370468562,-4.59640435,8.96575012,-8.96573885,-0.370354293,-4.12513561,-4.59731722
0.00996528106,-0.324629239,-4.09645165,8.96575012,-8.96573991,-0.324497601,-3.62114425,-4.09752915
0.00997028106,-0.278469546,-3.59241304,8.96575011,-8.96574098,-0.278322839,-3.113605,-3.59363617
0.00997528106,-0.232035037,-3.08482911,8.96575011,-8.96574206,-0.231875577,-2.60301602,-3.0861787
0.00998028106,-0.185371537,-2.57424563,8.96575011,-8.96574314,-0.185201652,-2.08988271,-2.5757024
0.00998528106,-0.138525099,-2.06114946,8.96575011,-8.96574423,-0.138347127,-1.57471037,-2.06269401
0.00999028106,-0.0915419522,-1.54607124,8.96575011,-8.96574532,-0.0913582398,-1.05800807,-1.54768411
0.00999528106,-0.044468465,-1.0294983,8.9657501,-8.96574641,-0.0442813636,-0.540285276,-1.03115996
0.01,-3.6739404e-15,-0.541066947,8.9657501,-8.96574745,0.000188139952,-0.051187745,-0.542756678
